abt_id,buy_id,retailer,week_start_date,price,is_synthetic
38477,10011646,ABT,2026-06-16,44.18,True
38477,10011646,ABT,2026-06-23,43.82,True
38477,10011646,ABT,2026-06-30,41.42,True
38477,10011646,ABT,2026-07-07,41.33,True
38477,10011646,ABT,2026-07-14,35.37,True
38477,10011646,ABT,2026-07-21,35.51,True
38477,10011646,ABT,2026-07-28,35.81,True
38477,10011646,ABT,2026-08-04,35.27,True
38477,10011646,ABT,2026-08-11,35.0,True
38477,10011646,BUY,2026-06-16,36.32,True
38477,10011646,BUY,2026-06-23,32.69,True
38477,10011646,BUY,2026-06-30,32.14,True
38477,10011646,BUY,2026-07-07,32.49,True
38477,10011646,BUY,2026-07-14,30.9,True
38477,10011646,BUY,2026-07-21,30.88,True
38477,10011646,BUY,2026-07-28,30.48,True
38477,10011646,BUY,2026-08-04,30.81,True
38477,10011646,BUY,2026-08-11,31.06,True
38475,10140760,ABT,2026-06-09,29.29,True
38475,10140760,ABT,2026-06-16,29.64,True
38475,10140760,ABT,2026-06-23,29.78,True
38475,10140760,ABT,2026-06-30,29.51,True
38475,10140760,ABT,2026-07-07,29.67,True
38475,10140760,ABT,2026-07-14,29.34,True
38475,10140760,ABT,2026-07-21,29.36,True
38475,10140760,ABT,2026-07-28,29.8,True
38475,10140760,ABT,2026-08-04,30.13,True
38475,10140760,ABT,2026-08-11,30.48,True
38475,10140760,BUY,2026-06-09,29.12,True
38475,10140760,BUY,2026-06-16,29.22,True
38475,10140760,BUY,2026-06-23,29.0,True
38475,10140760,BUY,2026-06-30,29.0,True
38475,10140760,BUY,2026-07-07,28.46,True
38475,10140760,BUY,2026-07-14,28.5,True
38475,10140760,BUY,2026-07-21,32.26,True
38475,10140760,BUY,2026-07-28,32.43,True
38475,10140760,BUY,2026-08-04,33.62,True
38475,10140760,BUY,2026-08-11,33.34,True
33053,10221960,ABT,2026-06-09,43.23,True
33053,10221960,ABT,2026-06-16,42.77,True
33053,10221960,ABT,2026-06-23,42.5,True
33053,10221960,ABT,2026-06-30,42.09,True
33053,10221960,ABT,2026-07-07,41.8,True
33053,10221960,ABT,2026-07-14,40.98,True
33053,10221960,ABT,2026-07-21,41.26,True
33053,10221960,ABT,2026-07-28,41.18,True
33053,10221960,ABT,2026-08-04,44.41,True
33053,10221960,ABT,2026-08-11,44.49,True
33053,10221960,BUY,2026-06-09,40.63,True
33053,10221960,BUY,2026-06-16,40.24,True
33053,10221960,BUY,2026-06-23,39.24,True
33053,10221960,BUY,2026-06-30,39.8,True
33053,10221960,BUY,2026-07-07,40.81,True
33053,10221960,BUY,2026-07-14,39.92,True
33053,10221960,BUY,2026-07-21,39.93,True
33053,10221960,BUY,2026-07-28,39.16,True
33053,10221960,BUY,2026-08-04,38.86,True
33053,10221960,BUY,2026-08-11,39.56,True
27248,10246269,ABT,2026-06-16,255.0,True
27248,10246269,ABT,2026-06-23,249.76,True
27248,10246269,ABT,2026-06-30,250.02,True
27248,10246269,ABT,2026-07-07,251.51,True
27248,10246269,ABT,2026-07-14,251.1,True
27248,10246269,ABT,2026-07-21,246.57,True
27248,10246269,ABT,2026-07-28,252.25,True
27248,10246269,ABT,2026-08-04,220.02,True
27248,10246269,ABT,2026-08-11,221.34,True
27248,10246269,BUY,2026-06-16,257.49,True
27248,10246269,BUY,2026-06-23,260.1,True
27248,10246269,BUY,2026-06-30,266.07,True
27248,10246269,BUY,2026-07-07,273.11,True
27248,10246269,BUY,2026-07-14,273.12,True
27248,10246269,BUY,2026-07-21,265.33,True
27248,10246269,BUY,2026-07-28,260.79,True
27248,10246269,BUY,2026-08-04,247.23,True
27248,10246269,BUY,2026-08-11,247.83,True
25262,10315184,ABT,2026-06-02,132.14,True
25262,10315184,ABT,2026-06-09,130.12,True
25262,10315184,ABT,2026-06-16,130.12,True
25262,10315184,ABT,2026-06-23,133.04,True
25262,10315184,ABT,2026-06-30,137.41,True
25262,10315184,ABT,2026-07-07,135.84,True
25262,10315184,ABT,2026-07-14,122.33,True
25262,10315184,ABT,2026-07-21,122.72,True
25262,10315184,ABT,2026-07-28,123.99,True
25262,10315184,ABT,2026-08-04,124.35,True
25262,10315184,ABT,2026-08-11,142.47,True
25262,10315184,BUY,2026-06-02,128.86,True
25262,10315184,BUY,2026-06-09,129.06,True
25262,10315184,BUY,2026-06-16,130.01,True
25262,10315184,BUY,2026-06-23,140.39,True
25262,10315184,BUY,2026-06-30,139.91,True
25262,10315184,BUY,2026-07-07,140.72,True
25262,10315184,BUY,2026-07-14,142.76,True
25262,10315184,BUY,2026-07-21,141.85,True
25262,10315184,BUY,2026-07-28,139.28,True
25262,10315184,BUY,2026-08-04,142.78,True
25262,10315184,BUY,2026-08-11,124.78,True
36260,10316920,ABT,2026-06-02,44.38,True
36260,10316920,ABT,2026-06-09,44.51,True
36260,10316920,ABT,2026-06-16,44.71,True
36260,10316920,ABT,2026-06-23,44.64,True
36260,10316920,ABT,2026-06-30,43.21,True
36260,10316920,ABT,2026-07-07,43.24,True
36260,10316920,ABT,2026-07-14,42.27,True
36260,10316920,ABT,2026-07-21,40.84,True
36260,10316920,ABT,2026-07-28,36.15,True
36260,10316920,ABT,2026-08-04,31.44,True
36260,10316920,ABT,2026-08-11,31.81,True
36260,10316920,BUY,2026-06-02,49.32,True
36260,10316920,BUY,2026-06-09,46.04,True
36260,10316920,BUY,2026-06-16,45.56,True
36260,10316920,BUY,2026-06-23,49.65,True
36260,10316920,BUY,2026-06-30,47.01,True
36260,10316920,BUY,2026-07-07,46.98,True
36260,10316920,BUY,2026-07-14,46.98,True
36260,10316920,BUY,2026-07-21,46.56,True
36260,10316920,BUY,2026-07-28,46.37,True
36260,10316920,BUY,2026-08-04,45.61,True
36260,10316920,BUY,2026-08-11,45.28,True
35810,10326220,ABT,2026-06-16,10.05,True
35810,10326220,ABT,2026-06-23,10.23,True
35810,10326220,ABT,2026-06-30,9.96,True
35810,10326220,ABT,2026-07-07,10.3,True
35810,10326220,ABT,2026-07-14,10.63,True
35810,10326220,ABT,2026-07-21,10.7,True
35810,10326220,ABT,2026-07-28,10.81,True
35810,10326220,ABT,2026-08-04,10.85,True
35810,10326220,ABT,2026-08-11,10.74,True
35810,10326220,BUY,2026-06-16,9.87,True
35810,10326220,BUY,2026-06-23,9.77,True
35810,10326220,BUY,2026-06-30,9.73,True
35810,10326220,BUY,2026-07-07,9.81,True
35810,10326220,BUY,2026-07-14,9.78,True
35810,10326220,BUY,2026-07-21,9.79,True
35810,10326220,BUY,2026-07-28,9.79,True
35810,10326220,BUY,2026-08-04,9.83,True
35810,10326220,BUY,2026-08-11,9.78,True
32034,10333368,ABT,2026-06-16,37.8,True
32034,10333368,ABT,2026-06-23,36.93,True
32034,10333368,ABT,2026-06-30,36.43,True
32034,10333368,ABT,2026-07-07,35.61,True
32034,10333368,ABT,2026-07-14,35.86,True
32034,10333368,ABT,2026-07-21,35.7,True
32034,10333368,ABT,2026-07-28,35.21,True
32034,10333368,ABT,2026-08-04,34.9,True
32034,10333368,ABT,2026-08-11,34.93,True
32034,10333368,BUY,2026-06-16,37.98,True
32034,10333368,BUY,2026-06-23,38.17,True
32034,10333368,BUY,2026-06-30,37.44,True
32034,10333368,BUY,2026-07-07,37.46,True
32034,10333368,BUY,2026-07-14,33.03,True
32034,10333368,BUY,2026-07-21,28.79,True
32034,10333368,BUY,2026-07-28,28.29,True
32034,10333368,BUY,2026-08-04,24.47,True
32034,10333368,BUY,2026-08-11,24.54,True
38473,10333846,ABT,2026-06-16,77.75,True
38473,10333846,ABT,2026-06-23,78.1,True
38473,10333846,ABT,2026-06-30,77.27,True
38473,10333846,ABT,2026-07-07,78.86,True
38473,10333846,ABT,2026-07-14,77.88,True
38473,10333846,ABT,2026-07-21,78.01,True
38473,10333846,ABT,2026-07-28,75.21,True
38473,10333846,ABT,2026-08-04,77.27,True
38473,10333846,ABT,2026-08-11,78.05,True
38473,10333846,BUY,2026-06-16,83.79,True
38473,10333846,BUY,2026-06-23,84.18,True
38473,10333846,BUY,2026-06-30,80.7,True
38473,10333846,BUY,2026-07-07,80.22,True
38473,10333846,BUY,2026-07-14,80.62,True
38473,10333846,BUY,2026-07-21,82.54,True
38473,10333846,BUY,2026-07-28,83.02,True
38473,10333846,BUY,2026-08-04,82.52,True
38473,10333846,BUY,2026-08-11,83.35,True
23686,10333848,ABT,2026-06-02,65.82,True
23686,10333848,ABT,2026-06-09,64.15,True
23686,10333848,ABT,2026-06-16,63.58,True
23686,10333848,ABT,2026-06-23,64.77,True
23686,10333848,ABT,2026-06-30,64.67,True
23686,10333848,ABT,2026-07-07,64.24,True
23686,10333848,ABT,2026-07-14,64.52,True
23686,10333848,ABT,2026-07-21,65.04,True
23686,10333848,ABT,2026-07-28,56.69,True
23686,10333848,ABT,2026-08-04,56.04,True
23686,10333848,ABT,2026-08-11,55.73,True
23686,10333848,BUY,2026-06-02,64.82,True
23686,10333848,BUY,2026-06-09,64.38,True
23686,10333848,BUY,2026-06-16,59.33,True
23686,10333848,BUY,2026-06-23,47.44,True
23686,10333848,BUY,2026-06-30,42.02,True
23686,10333848,BUY,2026-07-07,41.33,True
23686,10333848,BUY,2026-07-14,41.27,True
23686,10333848,BUY,2026-07-21,41.24,True
23686,10333848,BUY,2026-07-28,40.9,True
23686,10333848,BUY,2026-08-04,40.61,True
23686,10333848,BUY,2026-08-11,36.73,True
38474,10343605,ABT,2026-06-16,63.34,True
38474,10343605,ABT,2026-06-23,67.57,True
38474,10343605,ABT,2026-06-30,67.2,True
38474,10343605,ABT,2026-07-07,67.4,True
38474,10343605,ABT,2026-07-14,68.31,True
38474,10343605,ABT,2026-07-21,67.45,True
38474,10343605,ABT,2026-07-28,68.35,True
38474,10343605,ABT,2026-08-04,65.26,True
38474,10343605,ABT,2026-08-11,64.53,True
38474,10343605,BUY,2026-06-16,65.78,True
38474,10343605,BUY,2026-06-23,65.28,True
38474,10343605,BUY,2026-06-30,64.99,True
38474,10343605,BUY,2026-07-07,65.56,True
38474,10343605,BUY,2026-07-14,67.68,True
38474,10343605,BUY,2026-07-21,68.16,True
38474,10343605,BUY,2026-07-28,65.72,True
38474,10343605,BUY,2026-08-04,66.27,True
38474,10343605,BUY,2026-08-11,71.23,True
33377,10346525,ABT,2026-06-02,88.73,True
33377,10346525,ABT,2026-06-09,81.94,True
33377,10346525,ABT,2026-06-16,82.86,True
33377,10346525,ABT,2026-06-23,83.1,True
33377,10346525,ABT,2026-06-30,85.11,True
33377,10346525,ABT,2026-07-07,83.44,True
33377,10346525,ABT,2026-07-14,82.51,True
33377,10346525,ABT,2026-07-21,92.57,True
33377,10346525,ABT,2026-07-28,93.83,True
33377,10346525,ABT,2026-08-04,94.13,True
33377,10346525,ABT,2026-08-11,93.69,True
33377,10346525,BUY,2026-06-02,88.65,True
33377,10346525,BUY,2026-06-09,84.5,True
33377,10346525,BUY,2026-06-16,87.93,True
33377,10346525,BUY,2026-06-23,87.38,True
33377,10346525,BUY,2026-06-30,86.19,True
33377,10346525,BUY,2026-07-07,87.46,True
33377,10346525,BUY,2026-07-14,78.79,True
33377,10346525,BUY,2026-07-21,77.44,True
33377,10346525,BUY,2026-07-28,79.94,True
33377,10346525,BUY,2026-08-04,78.53,True
33377,10346525,BUY,2026-08-11,78.98,True
27479,10351869,ABT,2026-06-02,56.51,True
27479,10351869,ABT,2026-06-09,57.78,True
27479,10351869,ABT,2026-06-16,56.95,True
27479,10351869,ABT,2026-06-23,57.6,True
27479,10351869,ABT,2026-06-30,58.93,True
27479,10351869,ABT,2026-07-07,58.3,True
27479,10351869,ABT,2026-07-14,59.09,True
27479,10351869,ABT,2026-07-21,59.43,True
27479,10351869,ABT,2026-07-28,59.12,True
27479,10351869,ABT,2026-08-04,59.68,True
27479,10351869,ABT,2026-08-11,60.46,True
27479,10351869,BUY,2026-06-02,49.44,True
27479,10351869,BUY,2026-06-09,50.48,True
27479,10351869,BUY,2026-06-16,52.42,True
27479,10351869,BUY,2026-06-23,50.57,True
27479,10351869,BUY,2026-06-30,52.01,True
27479,10351869,BUY,2026-07-07,52.2,True
27479,10351869,BUY,2026-07-14,59.52,True
27479,10351869,BUY,2026-07-21,59.19,True
27479,10351869,BUY,2026-07-28,58.74,True
27479,10351869,BUY,2026-08-04,59.65,True
27479,10351869,BUY,2026-08-11,59.98,True
37606,10353206,ABT,2026-06-23,55.5,True
37606,10353206,ABT,2026-06-30,55.27,True
37606,10353206,ABT,2026-07-07,55.48,True
37606,10353206,ABT,2026-07-14,56.26,True
37606,10353206,ABT,2026-07-21,55.47,True
37606,10353206,ABT,2026-07-28,54.7,True
37606,10353206,ABT,2026-08-04,55.62,True
37606,10353206,ABT,2026-08-11,57.4,True
37606,10353206,BUY,2026-06-23,47.46,True
37606,10353206,BUY,2026-06-30,40.77,True
37606,10353206,BUY,2026-07-07,41.05,True
37606,10353206,BUY,2026-07-14,41.49,True
37606,10353206,BUY,2026-07-21,40.52,True
37606,10353206,BUY,2026-07-28,39.83,True
37606,10353206,BUY,2026-08-04,39.38,True
37606,10353206,BUY,2026-08-11,39.24,True
27975,10360978,ABT,2026-06-16,16.34,True
27975,10360978,ABT,2026-06-23,16.44,True
27975,10360978,ABT,2026-06-30,16.41,True
27975,10360978,ABT,2026-07-07,15.07,True
27975,10360978,ABT,2026-07-14,13.58,True
27975,10360978,ABT,2026-07-21,13.31,True
27975,10360978,ABT,2026-07-28,12.98,True
27975,10360978,ABT,2026-08-04,13.23,True
27975,10360978,ABT,2026-08-11,13.08,True
27975,10360978,BUY,2026-06-16,14.88,True
27975,10360978,BUY,2026-06-23,14.91,True
27975,10360978,BUY,2026-06-30,15.04,True
27975,10360978,BUY,2026-07-07,15.03,True
27975,10360978,BUY,2026-07-14,15.18,True
27975,10360978,BUY,2026-07-21,14.81,True
27975,10360978,BUY,2026-07-28,15.23,True
27975,10360978,BUY,2026-08-04,15.11,True
27975,10360978,BUY,2026-08-11,15.07,True
36207,10363070,ABT,2026-06-23,129.03,True
36207,10363070,ABT,2026-06-30,128.87,True
36207,10363070,ABT,2026-07-07,127.69,True
36207,10363070,ABT,2026-07-14,125.8,True
36207,10363070,ABT,2026-07-21,129.52,True
36207,10363070,ABT,2026-07-28,127.07,True
36207,10363070,ABT,2026-08-04,129.69,True
36207,10363070,ABT,2026-08-11,131.86,True
36207,10363070,BUY,2026-06-23,130.03,True
36207,10363070,BUY,2026-06-30,129.44,True
36207,10363070,BUY,2026-07-07,129.55,True
36207,10363070,BUY,2026-07-14,114.32,True
36207,10363070,BUY,2026-07-21,100.97,True
36207,10363070,BUY,2026-07-28,91.11,True
36207,10363070,BUY,2026-08-04,87.78,True
36207,10363070,BUY,2026-08-11,86.9,True
17372,10363243,ABT,2026-05-26,28.6,True
17372,10363243,ABT,2026-06-02,28.49,True
17372,10363243,ABT,2026-06-09,28.06,True
17372,10363243,ABT,2026-06-16,29.82,True
17372,10363243,ABT,2026-06-23,30.03,True
17372,10363243,ABT,2026-06-30,29.85,True
17372,10363243,ABT,2026-07-07,28.74,True
17372,10363243,ABT,2026-07-14,28.28,True
17372,10363243,ABT,2026-07-21,27.77,True
17372,10363243,ABT,2026-07-28,27.87,True
17372,10363243,ABT,2026-08-04,27.52,True
17372,10363243,ABT,2026-08-11,27.04,True
17372,10363243,BUY,2026-05-26,28.76,True
17372,10363243,BUY,2026-06-02,31.88,True
17372,10363243,BUY,2026-06-09,31.32,True
17372,10363243,BUY,2026-06-16,30.12,True
17372,10363243,BUY,2026-06-23,29.7,True
17372,10363243,BUY,2026-06-30,29.78,True
17372,10363243,BUY,2026-07-07,29.27,True
17372,10363243,BUY,2026-07-14,28.82,True
17372,10363243,BUY,2026-07-21,29.55,True
17372,10363243,BUY,2026-07-28,28.08,True
17372,10363243,BUY,2026-08-04,28.06,True
17372,10363243,BUY,2026-08-11,28.34,True
39179,10365096,ABT,2026-06-09,104.98,True
39179,10365096,ABT,2026-06-16,103.42,True
39179,10365096,ABT,2026-06-23,100.82,True
39179,10365096,ABT,2026-06-30,96.75,True
39179,10365096,ABT,2026-07-07,96.57,True
39179,10365096,ABT,2026-07-14,96.65,True
39179,10365096,ABT,2026-07-21,97.33,True
39179,10365096,ABT,2026-07-28,98.27,True
39179,10365096,ABT,2026-08-04,102.76,True
39179,10365096,ABT,2026-08-11,101.32,True
39179,10365096,BUY,2026-06-09,98.97,True
39179,10365096,BUY,2026-06-16,95.47,True
39179,10365096,BUY,2026-06-23,94.95,True
39179,10365096,BUY,2026-06-30,94.07,True
39179,10365096,BUY,2026-07-07,91.45,True
39179,10365096,BUY,2026-07-14,90.83,True
39179,10365096,BUY,2026-07-21,90.11,True
39179,10365096,BUY,2026-07-28,90.58,True
39179,10365096,BUY,2026-08-04,91.53,True
39179,10365096,BUY,2026-08-11,91.27,True
21047,10373002,ABT,2026-06-16,23.96,True
21047,10373002,ABT,2026-06-23,22.38,True
21047,10373002,ABT,2026-06-30,22.5,True
21047,10373002,ABT,2026-07-07,22.58,True
21047,10373002,ABT,2026-07-14,22.41,True
21047,10373002,ABT,2026-07-21,19.97,True
21047,10373002,ABT,2026-07-28,19.76,True
21047,10373002,ABT,2026-08-04,19.83,True
21047,10373002,ABT,2026-08-11,20.17,True
21047,10373002,BUY,2026-06-16,24.19,True
21047,10373002,BUY,2026-06-23,22.09,True
21047,10373002,BUY,2026-06-30,20.17,True
21047,10373002,BUY,2026-07-07,18.27,True
21047,10373002,BUY,2026-07-14,16.69,True
21047,10373002,BUY,2026-07-21,17.13,True
21047,10373002,BUY,2026-07-28,17.31,True
21047,10373002,BUY,2026-08-04,16.82,True
21047,10373002,BUY,2026-08-11,16.9,True
36258,10376165,ABT,2026-05-26,80.55,True
36258,10376165,ABT,2026-06-02,81.38,True
36258,10376165,ABT,2026-06-09,81.12,True
36258,10376165,ABT,2026-06-16,80.34,True
36258,10376165,ABT,2026-06-23,82.68,True
36258,10376165,ABT,2026-06-30,81.77,True
36258,10376165,ABT,2026-07-07,81.85,True
36258,10376165,ABT,2026-07-14,81.87,True
36258,10376165,ABT,2026-07-21,70.49,True
36258,10376165,ABT,2026-07-28,71.6,True
36258,10376165,ABT,2026-08-04,70.11,True
36258,10376165,ABT,2026-08-11,68.84,True
36258,10376165,BUY,2026-05-26,77.95,True
36258,10376165,BUY,2026-06-02,78.11,True
36258,10376165,BUY,2026-06-09,70.17,True
36258,10376165,BUY,2026-06-16,69.69,True
36258,10376165,BUY,2026-06-23,68.45,True
36258,10376165,BUY,2026-06-30,68.3,True
36258,10376165,BUY,2026-07-07,63.56,True
36258,10376165,BUY,2026-07-14,62.72,True
36258,10376165,BUY,2026-07-21,62.04,True
36258,10376165,BUY,2026-07-28,61.7,True
36258,10376165,BUY,2026-08-04,60.55,True
36258,10376165,BUY,2026-08-11,60.09,True
20448,10377226,ABT,2026-06-23,13.43,True
20448,10377226,ABT,2026-06-30,13.25,True
20448,10377226,ABT,2026-07-07,13.14,True
20448,10377226,ABT,2026-07-14,13.29,True
20448,10377226,ABT,2026-07-21,13.49,True
20448,10377226,ABT,2026-07-28,13.16,True
20448,10377226,ABT,2026-08-04,13.17,True
20448,10377226,ABT,2026-08-11,13.21,True
20448,10377226,BUY,2026-06-23,13.24,True
20448,10377226,BUY,2026-06-30,13.29,True
20448,10377226,BUY,2026-07-07,13.4,True
20448,10377226,BUY,2026-07-14,11.24,True
20448,10377226,BUY,2026-07-21,11.08,True
20448,10377226,BUY,2026-07-28,10.89,True
20448,10377226,BUY,2026-08-04,11.01,True
20448,10377226,BUY,2026-08-11,11.98,True
13202,10379358,ABT,2026-05-26,641.54,True
13202,10379358,ABT,2026-06-02,603.85,True
13202,10379358,ABT,2026-06-09,608.25,True
13202,10379358,ABT,2026-06-16,623.16,True
13202,10379358,ABT,2026-06-23,622.58,True
13202,10379358,ABT,2026-06-30,624.18,True
13202,10379358,ABT,2026-07-07,563.59,True
13202,10379358,ABT,2026-07-14,508.82,True
13202,10379358,ABT,2026-07-21,445.14,True
13202,10379358,ABT,2026-07-28,398.05,True
13202,10379358,ABT,2026-08-04,389.54,True
13202,10379358,ABT,2026-08-11,387.25,True
13202,10379358,BUY,2026-05-26,635.35,True
13202,10379358,BUY,2026-06-02,633.32,True
13202,10379358,BUY,2026-06-09,622.22,True
13202,10379358,BUY,2026-06-16,627.77,True
13202,10379358,BUY,2026-06-23,626.71,True
13202,10379358,BUY,2026-06-30,612.0,True
13202,10379358,BUY,2026-07-07,516.52,True
13202,10379358,BUY,2026-07-14,520.28,True
13202,10379358,BUY,2026-07-21,522.35,True
13202,10379358,BUY,2026-07-28,515.26,True
13202,10379358,BUY,2026-08-04,515.59,True
13202,10379358,BUY,2026-08-11,515.23,True
39176,10380060,ABT,2026-06-23,49.59,True
39176,10380060,ABT,2026-06-30,50.42,True
39176,10380060,ABT,2026-07-07,49.56,True
39176,10380060,ABT,2026-07-14,49.52,True
39176,10380060,ABT,2026-07-21,49.46,True
39176,10380060,ABT,2026-07-28,49.57,True
39176,10380060,ABT,2026-08-04,50.53,True
39176,10380060,ABT,2026-08-11,49.63,True
39176,10380060,BUY,2026-06-23,47.41,True
39176,10380060,BUY,2026-06-30,48.2,True
39176,10380060,BUY,2026-07-07,47.56,True
39176,10380060,BUY,2026-07-14,46.95,True
39176,10380060,BUY,2026-07-21,43.24,True
39176,10380060,BUY,2026-07-28,36.41,True
39176,10380060,BUY,2026-08-04,30.92,True
39176,10380060,BUY,2026-08-11,26.38,True
32579,10388980,ABT,2026-06-09,184.68,True
32579,10388980,ABT,2026-06-16,181.31,True
32579,10388980,ABT,2026-06-23,179.95,True
32579,10388980,ABT,2026-06-30,173.96,True
32579,10388980,ABT,2026-07-07,173.59,True
32579,10388980,ABT,2026-07-14,147.79,True
32579,10388980,ABT,2026-07-21,125.92,True
32579,10388980,ABT,2026-07-28,106.25,True
32579,10388980,ABT,2026-08-04,106.22,True
32579,10388980,ABT,2026-08-11,101.89,True
32579,10388980,BUY,2026-06-09,185.35,True
32579,10388980,BUY,2026-06-16,181.26,True
32579,10388980,BUY,2026-06-23,184.57,True
32579,10388980,BUY,2026-06-30,184.43,True
32579,10388980,BUY,2026-07-07,181.1,True
32579,10388980,BUY,2026-07-14,182.91,True
32579,10388980,BUY,2026-07-21,183.92,True
32579,10388980,BUY,2026-07-28,185.3,True
32579,10388980,BUY,2026-08-04,187.03,True
32579,10388980,BUY,2026-08-11,190.39,True
22558,10412590,ABT,2026-06-02,131.36,True
22558,10412590,ABT,2026-06-09,132.6,True
22558,10412590,ABT,2026-06-16,131.27,True
22558,10412590,ABT,2026-06-23,128.13,True
22558,10412590,ABT,2026-06-30,126.49,True
22558,10412590,ABT,2026-07-07,123.44,True
22558,10412590,ABT,2026-07-14,125.69,True
22558,10412590,ABT,2026-07-21,115.35,True
22558,10412590,ABT,2026-07-28,117.65,True
22558,10412590,ABT,2026-08-04,113.47,True
22558,10412590,ABT,2026-08-11,114.9,True
22558,10412590,BUY,2026-06-02,127.94,True
22558,10412590,BUY,2026-06-09,126.92,True
22558,10412590,BUY,2026-06-16,125.1,True
22558,10412590,BUY,2026-06-23,123.73,True
22558,10412590,BUY,2026-06-30,121.47,True
22558,10412590,BUY,2026-07-07,120.66,True
22558,10412590,BUY,2026-07-14,119.34,True
22558,10412590,BUY,2026-07-21,119.27,True
22558,10412590,BUY,2026-07-28,118.87,True
22558,10412590,BUY,2026-08-04,119.62,True
22558,10412590,BUY,2026-08-11,118.99,True
21175,10412788,ABT,2026-06-09,607.4,True
21175,10412788,ABT,2026-06-16,549.3,True
21175,10412788,ABT,2026-06-23,543.48,True
21175,10412788,ABT,2026-06-30,547.96,True
21175,10412788,ABT,2026-07-07,535.66,True
21175,10412788,ABT,2026-07-14,598.94,True
21175,10412788,ABT,2026-07-21,603.85,True
21175,10412788,ABT,2026-07-28,567.03,True
21175,10412788,ABT,2026-08-04,558.42,True
21175,10412788,ABT,2026-08-11,568.59,True
21175,10412788,BUY,2026-06-09,602.61,True
21175,10412788,BUY,2026-06-16,615.02,True
21175,10412788,BUY,2026-06-23,553.54,True
21175,10412788,BUY,2026-06-30,554.7,True
21175,10412788,BUY,2026-07-07,444.34,True
21175,10412788,BUY,2026-07-14,375.95,True
21175,10412788,BUY,2026-07-21,319.11,True
21175,10412788,BUY,2026-07-28,320.57,True
21175,10412788,BUY,2026-08-04,322.62,True
21175,10412788,BUY,2026-08-11,318.61,True
26461,200924629,ABT,2026-06-09,149.75,True
26461,200924629,ABT,2026-06-16,150.94,True
26461,200924629,ABT,2026-06-23,150.64,True
26461,200924629,ABT,2026-06-30,160.36,True
26461,200924629,ABT,2026-07-07,139.95,True
26461,200924629,ABT,2026-07-14,121.43,True
26461,200924629,ABT,2026-07-21,104.23,True
26461,200924629,ABT,2026-07-28,89.51,True
26461,200924629,ABT,2026-08-04,82.18,True
26461,200924629,ABT,2026-08-11,83.38,True
26461,200924629,BUY,2026-06-09,149.33,True
26461,200924629,BUY,2026-06-16,128.34,True
26461,200924629,BUY,2026-06-23,128.34,True
26461,200924629,BUY,2026-06-30,125.99,True
26461,200924629,BUY,2026-07-07,124.73,True
26461,200924629,BUY,2026-07-14,123.69,True
26461,200924629,BUY,2026-07-21,126.03,True
26461,200924629,BUY,2026-07-28,129.2,True
26461,200924629,BUY,2026-08-04,128.52,True
26461,200924629,BUY,2026-08-11,125.58,True
23296,201647442,ABT,2026-06-16,20.44,True
23296,201647442,ABT,2026-06-23,20.79,True
23296,201647442,ABT,2026-06-30,20.79,True
23296,201647442,ABT,2026-07-07,20.77,True
23296,201647442,ABT,2026-07-14,20.8,True
23296,201647442,ABT,2026-07-21,22.13,True
23296,201647442,ABT,2026-07-28,22.58,True
23296,201647442,ABT,2026-08-04,22.96,True
23296,201647442,ABT,2026-08-11,23.23,True
23296,201647442,BUY,2026-06-16,20.33,True
23296,201647442,BUY,2026-06-23,20.2,True
23296,201647442,BUY,2026-06-30,20.78,True
23296,201647442,BUY,2026-07-07,20.53,True
23296,201647442,BUY,2026-07-14,19.97,True
23296,201647442,BUY,2026-07-21,19.36,True
23296,201647442,BUY,2026-07-28,19.4,True
23296,201647442,BUY,2026-08-04,19.46,True
23296,201647442,BUY,2026-08-11,20.04,True
20454,201692648,ABT,2026-06-02,10.37,True
20454,201692648,ABT,2026-06-09,10.58,True
20454,201692648,ABT,2026-06-16,10.54,True
20454,201692648,ABT,2026-06-23,10.58,True
20454,201692648,ABT,2026-06-30,10.38,True
20454,201692648,ABT,2026-07-07,10.22,True
20454,201692648,ABT,2026-07-14,11.03,True
20454,201692648,ABT,2026-07-21,10.93,True
20454,201692648,ABT,2026-07-28,10.76,True
20454,201692648,ABT,2026-08-04,9.52,True
20454,201692648,ABT,2026-08-11,9.62,True
20454,201692648,BUY,2026-06-02,10.09,True
20454,201692648,BUY,2026-06-09,10.15,True
20454,201692648,BUY,2026-06-16,10.36,True
20454,201692648,BUY,2026-06-23,10.14,True
20454,201692648,BUY,2026-06-30,8.67,True
20454,201692648,BUY,2026-07-07,8.93,True
20454,201692648,BUY,2026-07-14,8.91,True
20454,201692648,BUY,2026-07-21,8.92,True
20454,201692648,BUY,2026-07-28,9.02,True
20454,201692648,BUY,2026-08-04,9.01,True
20454,201692648,BUY,2026-08-11,7.54,True
20450,201692660,ABT,2026-06-02,19.15,True
20450,201692660,ABT,2026-06-09,19.09,True
20450,201692660,ABT,2026-06-16,18.88,True
20450,201692660,ABT,2026-06-23,18.66,True
20450,201692660,ABT,2026-06-30,18.62,True
20450,201692660,ABT,2026-07-07,16.61,True
20450,201692660,ABT,2026-07-14,15.01,True
20450,201692660,ABT,2026-07-21,13.66,True
20450,201692660,ABT,2026-07-28,12.18,True
20450,201692660,ABT,2026-08-04,10.75,True
20450,201692660,ABT,2026-08-11,11.09,True
20450,201692660,BUY,2026-06-02,18.73,True
20450,201692660,BUY,2026-06-09,18.87,True
20450,201692660,BUY,2026-06-16,18.65,True
20450,201692660,BUY,2026-06-23,18.52,True
20450,201692660,BUY,2026-06-30,18.28,True
20450,201692660,BUY,2026-07-07,18.47,True
20450,201692660,BUY,2026-07-14,18.43,True
20450,201692660,BUY,2026-07-21,18.65,True
20450,201692660,BUY,2026-07-28,18.77,True
20450,201692660,BUY,2026-08-04,18.54,True
20450,201692660,BUY,2026-08-11,17.75,True
33047,201692665,ABT,2026-06-16,13.83,True
33047,201692665,ABT,2026-06-23,15.45,True
33047,201692665,ABT,2026-06-30,15.58,True
33047,201692665,ABT,2026-07-07,15.52,True
33047,201692665,ABT,2026-07-14,15.6,True
33047,201692665,ABT,2026-07-21,15.53,True
33047,201692665,ABT,2026-07-28,15.6,True
33047,201692665,ABT,2026-08-04,15.54,True
33047,201692665,ABT,2026-08-11,15.43,True
33047,201692665,BUY,2026-06-16,14.42,True
33047,201692665,BUY,2026-06-23,15.68,True
33047,201692665,BUY,2026-06-30,16.08,True
33047,201692665,BUY,2026-07-07,15.93,True
33047,201692665,BUY,2026-07-14,16.01,True
33047,201692665,BUY,2026-07-21,17.23,True
33047,201692665,BUY,2026-07-28,17.43,True
33047,201692665,BUY,2026-08-04,17.81,True
33047,201692665,BUY,2026-08-11,17.91,True
20453,201692677,ABT,2026-06-09,14.15,True
20453,201692677,ABT,2026-06-16,14.99,True
20453,201692677,ABT,2026-06-23,15.21,True
20453,201692677,ABT,2026-06-30,15.18,True
20453,201692677,ABT,2026-07-07,15.51,True
20453,201692677,ABT,2026-07-14,15.79,True
20453,201692677,ABT,2026-07-21,15.37,True
20453,201692677,ABT,2026-07-28,13.54,True
20453,201692677,ABT,2026-08-04,13.6,True
20453,201692677,ABT,2026-08-11,13.71,True
20453,201692677,BUY,2026-06-09,13.49,True
20453,201692677,BUY,2026-06-16,13.67,True
20453,201692677,BUY,2026-06-23,13.57,True
20453,201692677,BUY,2026-06-30,13.78,True
20453,201692677,BUY,2026-07-07,13.64,True
20453,201692677,BUY,2026-07-14,13.44,True
20453,201692677,BUY,2026-07-21,13.36,True
20453,201692677,BUY,2026-07-28,13.34,True
20453,201692677,BUY,2026-08-04,15.1,True
20453,201692677,BUY,2026-08-11,15.27,True
20461,201692679,ABT,2026-06-23,14.17,True
20461,201692679,ABT,2026-06-30,14.35,True
20461,201692679,ABT,2026-07-07,14.46,True
20461,201692679,ABT,2026-07-14,14.07,True
20461,201692679,ABT,2026-07-21,13.81,True
20461,201692679,ABT,2026-07-28,13.78,True
20461,201692679,ABT,2026-08-04,13.98,True
20461,201692679,ABT,2026-08-11,14.25,True
20461,201692679,BUY,2026-06-23,14.23,True
20461,201692679,BUY,2026-06-30,16.68,True
20461,201692679,BUY,2026-07-07,15.0,True
20461,201692679,BUY,2026-07-14,15.25,True
20461,201692679,BUY,2026-07-21,15.72,True
20461,201692679,BUY,2026-07-28,13.61,True
20461,201692679,BUY,2026-08-04,13.42,True
20461,201692679,BUY,2026-08-11,13.32,True
20466,201692695,ABT,2026-06-23,16.5,True
20466,201692695,ABT,2026-06-30,14.27,True
20466,201692695,ABT,2026-07-07,12.31,True
20466,201692695,ABT,2026-07-14,12.05,True
20466,201692695,ABT,2026-07-21,11.82,True
20466,201692695,ABT,2026-07-28,11.85,True
20466,201692695,ABT,2026-08-04,11.75,True
20466,201692695,ABT,2026-08-11,11.91,True
20466,201692695,BUY,2026-06-23,19.29,True
20466,201692695,BUY,2026-06-30,18.86,True
20466,201692695,BUY,2026-07-07,18.82,True
20466,201692695,BUY,2026-07-14,19.19,True
20466,201692695,BUY,2026-07-21,19.97,True
20466,201692695,BUY,2026-07-28,17.41,True
20466,201692695,BUY,2026-08-04,17.5,True
20466,201692695,BUY,2026-08-11,17.45,True
26617,201692705,ABT,2026-06-09,15.17,True
26617,201692705,ABT,2026-06-16,15.23,True
26617,201692705,ABT,2026-06-23,14.98,True
26617,201692705,ABT,2026-06-30,14.98,True
26617,201692705,ABT,2026-07-07,14.85,True
26617,201692705,ABT,2026-07-14,14.81,True
26617,201692705,ABT,2026-07-21,14.73,True
26617,201692705,ABT,2026-07-28,14.69,True
26617,201692705,ABT,2026-08-04,13.62,True
26617,201692705,ABT,2026-08-11,13.74,True
26617,201692705,BUY,2026-06-09,15.06,True
26617,201692705,BUY,2026-06-16,15.15,True
26617,201692705,BUY,2026-06-23,14.92,True
26617,201692705,BUY,2026-06-30,14.68,True
26617,201692705,BUY,2026-07-07,14.59,True
26617,201692705,BUY,2026-07-14,14.71,True
26617,201692705,BUY,2026-07-21,14.93,True
26617,201692705,BUY,2026-07-28,14.83,True
26617,201692705,BUY,2026-08-04,15.05,True
26617,201692705,BUY,2026-08-11,15.09,True
35467,201699873,ABT,2026-06-09,21.9,True
35467,201699873,ABT,2026-06-16,19.48,True
35467,201699873,ABT,2026-06-23,19.83,True
35467,201699873,ABT,2026-06-30,19.81,True
35467,201699873,ABT,2026-07-07,17.68,True
35467,201699873,ABT,2026-07-14,15.84,True
35467,201699873,ABT,2026-07-21,15.38,True
35467,201699873,ABT,2026-07-28,15.41,True
35467,201699873,ABT,2026-08-04,15.36,True
35467,201699873,ABT,2026-08-11,15.33,True
35467,201699873,BUY,2026-06-09,21.68,True
35467,201699873,BUY,2026-06-16,21.42,True
35467,201699873,BUY,2026-06-23,20.06,True
35467,201699873,BUY,2026-06-30,18.03,True
35467,201699873,BUY,2026-07-07,16.36,True
35467,201699873,BUY,2026-07-14,14.73,True
35467,201699873,BUY,2026-07-21,14.84,True
35467,201699873,BUY,2026-07-28,14.89,True
35467,201699873,BUY,2026-08-04,14.96,True
35467,201699873,BUY,2026-08-11,14.76,True
21875,201700823,ABT,2026-06-02,258.6,True
21875,201700823,ABT,2026-06-09,222.76,True
21875,201700823,ABT,2026-06-16,192.4,True
21875,201700823,ABT,2026-06-23,191.45,True
21875,201700823,ABT,2026-06-30,197.57,True
21875,201700823,ABT,2026-07-07,200.82,True
21875,201700823,ABT,2026-07-14,198.69,True
21875,201700823,ABT,2026-07-21,200.06,True
21875,201700823,ABT,2026-07-28,177.93,True
21875,201700823,ABT,2026-08-04,177.93,True
21875,201700823,ABT,2026-08-11,178.79,True
21875,201700823,BUY,2026-06-02,271.5,True
21875,201700823,BUY,2026-06-09,254.43,True
21875,201700823,BUY,2026-06-16,253.41,True
21875,201700823,BUY,2026-06-23,251.01,True
21875,201700823,BUY,2026-06-30,246.66,True
21875,201700823,BUY,2026-07-07,246.99,True
21875,201700823,BUY,2026-07-14,252.74,True
21875,201700823,BUY,2026-07-21,248.93,True
21875,201700823,BUY,2026-07-28,243.33,True
21875,201700823,BUY,2026-08-04,239.81,True
21875,201700823,BUY,2026-08-11,239.29,True
35111,201701865,ABT,2026-06-09,180.03,True
35111,201701865,ABT,2026-06-16,181.88,True
35111,201701865,ABT,2026-06-23,185.64,True
35111,201701865,ABT,2026-06-30,183.82,True
35111,201701865,ABT,2026-07-07,182.89,True
35111,201701865,ABT,2026-07-14,183.45,True
35111,201701865,ABT,2026-07-21,186.01,True
35111,201701865,ABT,2026-07-28,186.18,True
35111,201701865,ABT,2026-08-04,190.15,True
35111,201701865,ABT,2026-08-11,180.48,True
35111,201701865,BUY,2026-06-09,181.17,True
35111,201701865,BUY,2026-06-16,182.84,True
35111,201701865,BUY,2026-06-23,185.69,True
35111,201701865,BUY,2026-06-30,186.51,True
35111,201701865,BUY,2026-07-07,186.7,True
35111,201701865,BUY,2026-07-14,182.66,True
35111,201701865,BUY,2026-07-21,180.93,True
35111,201701865,BUY,2026-07-28,182.61,True
35111,201701865,BUY,2026-08-04,184.97,True
35111,201701865,BUY,2026-08-11,184.65,True
38231,201744288,ABT,2026-06-23,18.72,True
38231,201744288,ABT,2026-06-30,18.3,True
38231,201744288,ABT,2026-07-07,18.53,True
38231,201744288,ABT,2026-07-14,18.3,True
38231,201744288,ABT,2026-07-21,18.7,True
38231,201744288,ABT,2026-07-28,18.91,True
38231,201744288,ABT,2026-08-04,19.29,True
38231,201744288,ABT,2026-08-11,19.37,True
38231,201744288,BUY,2026-06-23,18.91,True
38231,201744288,BUY,2026-06-30,19.29,True
38231,201744288,BUY,2026-07-07,19.43,True
38231,201744288,BUY,2026-07-14,19.56,True
38231,201744288,BUY,2026-07-21,19.79,True
38231,201744288,BUY,2026-07-28,19.96,True
38231,201744288,BUY,2026-08-04,20.29,True
38231,201744288,BUY,2026-08-11,20.25,True
38831,201854347,ABT,2026-06-09,15.43,True
38831,201854347,ABT,2026-06-16,15.54,True
38831,201854347,ABT,2026-06-23,15.22,True
38831,201854347,ABT,2026-06-30,15.04,True
38831,201854347,ABT,2026-07-07,15.37,True
38831,201854347,ABT,2026-07-14,15.47,True
38831,201854347,ABT,2026-07-21,15.07,True
38831,201854347,ABT,2026-07-28,14.6,True
38831,201854347,ABT,2026-08-04,14.66,True
38831,201854347,ABT,2026-08-11,14.5,True
38831,201854347,BUY,2026-06-09,13.54,True
38831,201854347,BUY,2026-06-16,13.71,True
38831,201854347,BUY,2026-06-23,13.63,True
38831,201854347,BUY,2026-06-30,13.3,True
38831,201854347,BUY,2026-07-07,15.18,True
38831,201854347,BUY,2026-07-14,15.08,True
38831,201854347,BUY,2026-07-21,15.06,True
38831,201854347,BUY,2026-07-28,12.92,True
38831,201854347,BUY,2026-08-04,12.6,True
38831,201854347,BUY,2026-08-11,12.7,True
32625,201935116,ABT,2026-06-02,200.43,True
32625,201935116,ABT,2026-06-09,199.29,True
32625,201935116,ABT,2026-06-16,193.23,True
32625,201935116,ABT,2026-06-23,190.88,True
32625,201935116,ABT,2026-06-30,192.67,True
32625,201935116,ABT,2026-07-07,168.61,True
32625,201935116,ABT,2026-07-14,167.04,True
32625,201935116,ABT,2026-07-21,169.86,True
32625,201935116,ABT,2026-07-28,170.54,True
32625,201935116,ABT,2026-08-04,151.16,True
32625,201935116,ABT,2026-08-11,147.66,True
32625,201935116,BUY,2026-06-02,196.39,True
32625,201935116,BUY,2026-06-09,192.19,True
32625,201935116,BUY,2026-06-16,189.25,True
32625,201935116,BUY,2026-06-23,190.56,True
32625,201935116,BUY,2026-06-30,195.9,True
32625,201935116,BUY,2026-07-07,195.83,True
32625,201935116,BUY,2026-07-14,194.48,True
32625,201935116,BUY,2026-07-21,173.92,True
32625,201935116,BUY,2026-07-28,153.18,True
32625,201935116,BUY,2026-08-04,127.8,True
32625,201935116,BUY,2026-08-11,112.37,True
32625,201935171,ABT,2026-06-23,198.18,True
32625,201935171,ABT,2026-06-30,195.05,True
32625,201935171,ABT,2026-07-07,196.15,True
32625,201935171,ABT,2026-07-14,198.33,True
32625,201935171,ABT,2026-07-21,207.31,True
32625,201935171,ABT,2026-07-28,201.73,True
32625,201935171,ABT,2026-08-04,198.09,True
32625,201935171,ABT,2026-08-11,197.55,True
32625,201935171,BUY,2026-06-23,195.73,True
32625,201935171,BUY,2026-06-30,199.89,True
32625,201935171,BUY,2026-07-07,200.8,True
32625,201935171,BUY,2026-07-14,203.45,True
32625,201935171,BUY,2026-07-21,200.22,True
32625,201935171,BUY,2026-07-28,196.4,True
32625,201935171,BUY,2026-08-04,198.24,True
32625,201935171,BUY,2026-08-11,199.01,True
22100,201953026,ABT,2026-06-09,35.28,True
22100,201953026,ABT,2026-06-16,34.19,True
22100,201953026,ABT,2026-06-23,33.98,True
22100,201953026,ABT,2026-06-30,33.68,True
22100,201953026,ABT,2026-07-07,33.93,True
22100,201953026,ABT,2026-07-14,34.26,True
22100,201953026,ABT,2026-07-21,35.9,True
22100,201953026,ABT,2026-07-28,36.4,True
22100,201953026,ABT,2026-08-04,35.49,True
22100,201953026,ABT,2026-08-11,35.09,True
22100,201953026,BUY,2026-06-09,30.68,True
22100,201953026,BUY,2026-06-16,30.52,True
22100,201953026,BUY,2026-06-23,29.8,True
22100,201953026,BUY,2026-06-30,28.69,True
22100,201953026,BUY,2026-07-07,27.99,True
22100,201953026,BUY,2026-07-14,28.33,True
22100,201953026,BUY,2026-07-21,28.02,True
22100,201953026,BUY,2026-07-28,28.26,True
22100,201953026,BUY,2026-08-04,27.94,True
22100,201953026,BUY,2026-08-11,27.87,True
29758,201953029,ABT,2026-05-26,26.1,True
29758,201953029,ABT,2026-06-02,23.3,True
29758,201953029,ABT,2026-06-09,23.05,True
29758,201953029,ABT,2026-06-16,23.53,True
29758,201953029,ABT,2026-06-23,23.45,True
29758,201953029,ABT,2026-06-30,23.15,True
29758,201953029,ABT,2026-07-07,23.04,True
29758,201953029,ABT,2026-07-14,23.66,True
29758,201953029,ABT,2026-07-21,24.14,True
29758,201953029,ABT,2026-07-28,24.03,True
29758,201953029,ABT,2026-08-04,24.11,True
29758,201953029,ABT,2026-08-11,24.15,True
29758,201953029,BUY,2026-05-26,27.54,True
29758,201953029,BUY,2026-06-02,27.1,True
29758,201953029,BUY,2026-06-09,27.27,True
29758,201953029,BUY,2026-06-16,27.44,True
29758,201953029,BUY,2026-06-23,27.27,True
29758,201953029,BUY,2026-06-30,27.24,True
29758,201953029,BUY,2026-07-07,27.88,True
29758,201953029,BUY,2026-07-14,27.31,True
29758,201953029,BUY,2026-07-21,27.52,True
29758,201953029,BUY,2026-07-28,30.51,True
29758,201953029,BUY,2026-08-04,30.31,True
29758,201953029,BUY,2026-08-11,30.37,True
22101,201953039,ABT,2026-05-26,17.96,True
22101,201953039,ABT,2026-06-02,18.02,True
22101,201953039,ABT,2026-06-09,16.14,True
22101,201953039,ABT,2026-06-16,16.14,True
22101,201953039,ABT,2026-06-23,14.67,True
22101,201953039,ABT,2026-06-30,14.54,True
22101,201953039,ABT,2026-07-07,13.07,True
22101,201953039,ABT,2026-07-14,11.5,True
22101,201953039,ABT,2026-07-21,10.5,True
22101,201953039,ABT,2026-07-28,10.38,True
22101,201953039,ABT,2026-08-04,10.6,True
22101,201953039,ABT,2026-08-11,10.72,True
22101,201953039,BUY,2026-05-26,18.32,True
22101,201953039,BUY,2026-06-02,18.42,True
22101,201953039,BUY,2026-06-09,18.29,True
22101,201953039,BUY,2026-06-16,18.51,True
22101,201953039,BUY,2026-06-23,18.32,True
22101,201953039,BUY,2026-06-30,18.56,True
22101,201953039,BUY,2026-07-07,18.53,True
22101,201953039,BUY,2026-07-14,18.32,True
22101,201953039,BUY,2026-07-21,18.61,True
22101,201953039,BUY,2026-07-28,18.52,True
22101,201953039,BUY,2026-08-04,18.19,True
22101,201953039,BUY,2026-08-11,18.26,True
16741,201959840,ABT,2026-06-02,22.62,True
16741,201959840,ABT,2026-06-09,22.99,True
16741,201959840,ABT,2026-06-16,22.84,True
16741,201959840,ABT,2026-06-23,23.13,True
16741,201959840,ABT,2026-06-30,19.99,True
16741,201959840,ABT,2026-07-07,20.03,True
16741,201959840,ABT,2026-07-14,19.77,True
16741,201959840,ABT,2026-07-21,19.92,True
16741,201959840,ABT,2026-07-28,20.06,True
16741,201959840,ABT,2026-08-04,20.22,True
16741,201959840,ABT,2026-08-11,20.31,True
16741,201959840,BUY,2026-06-02,23.47,True
16741,201959840,BUY,2026-06-09,23.89,True
16741,201959840,BUY,2026-06-16,23.17,True
16741,201959840,BUY,2026-06-23,23.69,True
16741,201959840,BUY,2026-06-30,24.17,True
16741,201959840,BUY,2026-07-07,24.49,True
16741,201959840,BUY,2026-07-14,24.4,True
16741,201959840,BUY,2026-07-21,24.73,True
16741,201959840,BUY,2026-07-28,25.4,True
16741,201959840,BUY,2026-08-04,25.76,True
16741,201959840,BUY,2026-08-11,26.17,True
38944,201965217,ABT,2026-05-26,6.33,True
38944,201965217,ABT,2026-06-02,6.15,True
38944,201965217,ABT,2026-06-09,6.11,True
38944,201965217,ABT,2026-06-16,6.1,True
38944,201965217,ABT,2026-06-23,6.04,True
38944,201965217,ABT,2026-06-30,6.11,True
38944,201965217,ABT,2026-07-07,6.07,True
38944,201965217,ABT,2026-07-14,6.05,True
38944,201965217,ABT,2026-07-21,5.3,True
38944,201965217,ABT,2026-07-28,5.39,True
38944,201965217,ABT,2026-08-04,5.24,True
38944,201965217,ABT,2026-08-11,5.68,True
38944,201965217,BUY,2026-05-26,6.11,True
38944,201965217,BUY,2026-06-02,6.1,True
38944,201965217,BUY,2026-06-09,6.14,True
38944,201965217,BUY,2026-06-16,6.23,True
38944,201965217,BUY,2026-06-23,6.27,True
38944,201965217,BUY,2026-06-30,6.27,True
38944,201965217,BUY,2026-07-07,6.39,True
38944,201965217,BUY,2026-07-14,6.64,True
38944,201965217,BUY,2026-07-21,6.57,True
38944,201965217,BUY,2026-07-28,6.52,True
38944,201965217,BUY,2026-08-04,6.68,True
38944,201965217,BUY,2026-08-11,5.84,True
32546,202003159,ABT,2026-06-02,48.1,True
32546,202003159,ABT,2026-06-09,48.17,True
32546,202003159,ABT,2026-06-16,47.68,True
32546,202003159,ABT,2026-06-23,48.27,True
32546,202003159,ABT,2026-06-30,49.32,True
32546,202003159,ABT,2026-07-07,48.62,True
32546,202003159,ABT,2026-07-14,49.29,True
32546,202003159,ABT,2026-07-21,48.9,True
32546,202003159,ABT,2026-07-28,49.29,True
32546,202003159,ABT,2026-08-04,49.56,True
32546,202003159,ABT,2026-08-11,43.34,True
32546,202003159,BUY,2026-06-02,49.73,True
32546,202003159,BUY,2026-06-09,44.05,True
32546,202003159,BUY,2026-06-16,33.78,True
32546,202003159,BUY,2026-06-23,33.61,True
32546,202003159,BUY,2026-06-30,32.74,True
32546,202003159,BUY,2026-07-07,32.6,True
32546,202003159,BUY,2026-07-14,31.18,True
32546,202003159,BUY,2026-07-21,30.81,True
32546,202003159,BUY,2026-07-28,30.9,True
32546,202003159,BUY,2026-08-04,30.6,True
32546,202003159,BUY,2026-08-11,30.82,True
38106,202026554,ABT,2026-06-16,515.84,True
38106,202026554,ABT,2026-06-23,474.38,True
38106,202026554,ABT,2026-06-30,466.74,True
38106,202026554,ABT,2026-07-07,442.25,True
38106,202026554,ABT,2026-07-14,434.31,True
38106,202026554,ABT,2026-07-21,437.72,True
38106,202026554,ABT,2026-07-28,436.1,True
38106,202026554,ABT,2026-08-04,439.23,True
38106,202026554,ABT,2026-08-11,433.6,True
38106,202026554,BUY,2026-06-16,504.57,True
38106,202026554,BUY,2026-06-23,499.02,True
38106,202026554,BUY,2026-06-30,490.78,True
38106,202026554,BUY,2026-07-07,494.32,True
38106,202026554,BUY,2026-07-14,495.69,True
38106,202026554,BUY,2026-07-21,493.29,True
38106,202026554,BUY,2026-07-28,492.18,True
38106,202026554,BUY,2026-08-04,484.4,True
38106,202026554,BUY,2026-08-11,475.37,True
17191,202041195,ABT,2026-05-26,243.68,True
17191,202041195,ABT,2026-06-02,233.04,True
17191,202041195,ABT,2026-06-09,216.43,True
17191,202041195,ABT,2026-06-16,198.48,True
17191,202041195,ABT,2026-06-23,220.72,True
17191,202041195,ABT,2026-06-30,224.36,True
17191,202041195,ABT,2026-07-07,222.33,True
17191,202041195,ABT,2026-07-14,224.09,True
17191,202041195,ABT,2026-07-21,226.24,True
17191,202041195,ABT,2026-07-28,230.4,True
17191,202041195,ABT,2026-08-04,228.74,True
17191,202041195,ABT,2026-08-11,231.72,True
17191,202041195,BUY,2026-05-26,258.23,True
17191,202041195,BUY,2026-06-02,259.43,True
17191,202041195,BUY,2026-06-09,259.61,True
17191,202041195,BUY,2026-06-16,259.14,True
17191,202041195,BUY,2026-06-23,251.66,True
17191,202041195,BUY,2026-06-30,247.68,True
17191,202041195,BUY,2026-07-07,250.1,True
17191,202041195,BUY,2026-07-14,278.55,True
17191,202041195,BUY,2026-07-21,281.22,True
17191,202041195,BUY,2026-07-28,281.35,True
17191,202041195,BUY,2026-08-04,285.96,True
17191,202041195,BUY,2026-08-11,279.64,True
17187,202041204,ABT,2026-06-16,87.68,True
17187,202041204,ABT,2026-06-23,89.63,True
17187,202041204,ABT,2026-06-30,88.08,True
17187,202041204,ABT,2026-07-07,92.12,True
17187,202041204,ABT,2026-07-14,93.06,True
17187,202041204,ABT,2026-07-21,88.84,True
17187,202041204,ABT,2026-07-28,88.32,True
17187,202041204,ABT,2026-08-04,89.31,True
17187,202041204,ABT,2026-08-11,94.01,True
17187,202041204,BUY,2026-06-16,91.87,True
17187,202041204,BUY,2026-06-23,92.46,True
17187,202041204,BUY,2026-06-30,91.61,True
17187,202041204,BUY,2026-07-07,83.3,True
17187,202041204,BUY,2026-07-14,74.04,True
17187,202041204,BUY,2026-07-21,67.78,True
17187,202041204,BUY,2026-07-28,66.37,True
17187,202041204,BUY,2026-08-04,65.76,True
17187,202041204,BUY,2026-08-11,65.85,True
18970,202045862,ABT,2026-05-26,100.5,True
18970,202045862,ABT,2026-06-02,100.71,True
18970,202045862,ABT,2026-06-09,117.48,True
18970,202045862,ABT,2026-06-16,118.68,True
18970,202045862,ABT,2026-06-23,119.19,True
18970,202045862,ABT,2026-06-30,118.92,True
18970,202045862,ABT,2026-07-07,116.52,True
18970,202045862,ABT,2026-07-14,116.35,True
18970,202045862,ABT,2026-07-21,117.34,True
18970,202045862,ABT,2026-07-28,118.21,True
18970,202045862,ABT,2026-08-04,130.24,True
18970,202045862,ABT,2026-08-11,129.39,True
18970,202045862,BUY,2026-05-26,99.27,True
18970,202045862,BUY,2026-06-02,98.53,True
18970,202045862,BUY,2026-06-09,101.2,True
18970,202045862,BUY,2026-06-16,99.25,True
18970,202045862,BUY,2026-06-23,99.88,True
18970,202045862,BUY,2026-06-30,98.81,True
18970,202045862,BUY,2026-07-07,98.46,True
18970,202045862,BUY,2026-07-14,106.13,True
18970,202045862,BUY,2026-07-21,104.83,True
18970,202045862,BUY,2026-07-28,108.27,True
18970,202045862,BUY,2026-08-04,110.01,True
18970,202045862,BUY,2026-08-11,103.4,True
18516,202045875,ABT,2026-06-23,43.23,True
18516,202045875,ABT,2026-06-30,43.24,True
18516,202045875,ABT,2026-07-07,37.75,True
18516,202045875,ABT,2026-07-14,37.6,True
18516,202045875,ABT,2026-07-21,37.91,True
18516,202045875,ABT,2026-07-28,38.51,True
18516,202045875,ABT,2026-08-04,38.97,True
18516,202045875,ABT,2026-08-11,39.83,True
18516,202045875,BUY,2026-06-23,48.62,True
18516,202045875,BUY,2026-06-30,48.72,True
18516,202045875,BUY,2026-07-07,49.1,True
18516,202045875,BUY,2026-07-14,49.89,True
18516,202045875,BUY,2026-07-21,48.79,True
18516,202045875,BUY,2026-07-28,49.01,True
18516,202045875,BUY,2026-08-04,48.11,True
18516,202045875,BUY,2026-08-11,47.5,True
30957,202046565,ABT,2026-06-16,80.87,True
30957,202046565,ABT,2026-06-23,81.24,True
30957,202046565,ABT,2026-06-30,83.38,True
30957,202046565,ABT,2026-07-07,85.8,True
30957,202046565,ABT,2026-07-14,87.05,True
30957,202046565,ABT,2026-07-21,87.79,True
30957,202046565,ABT,2026-07-28,88.65,True
30957,202046565,ABT,2026-08-04,88.77,True
30957,202046565,ABT,2026-08-11,88.4,True
30957,202046565,BUY,2026-06-16,78.48,True
30957,202046565,BUY,2026-06-23,76.21,True
30957,202046565,BUY,2026-06-30,76.45,True
30957,202046565,BUY,2026-07-07,73.51,True
30957,202046565,BUY,2026-07-14,71.95,True
30957,202046565,BUY,2026-07-21,73.92,True
30957,202046565,BUY,2026-07-28,72.0,True
30957,202046565,BUY,2026-08-04,73.52,True
30957,202046565,BUY,2026-08-11,82.77,True
25318,202049393,ABT,2026-06-09,79.8,True
25318,202049393,ABT,2026-06-16,79.37,True
25318,202049393,ABT,2026-06-23,79.97,True
25318,202049393,ABT,2026-06-30,80.18,True
25318,202049393,ABT,2026-07-07,79.82,True
25318,202049393,ABT,2026-07-14,81.14,True
25318,202049393,ABT,2026-07-21,83.07,True
25318,202049393,ABT,2026-07-28,82.76,True
25318,202049393,ABT,2026-08-04,82.84,True
25318,202049393,ABT,2026-08-11,81.73,True
25318,202049393,BUY,2026-06-09,80.7,True
25318,202049393,BUY,2026-06-16,80.75,True
25318,202049393,BUY,2026-06-23,82.1,True
25318,202049393,BUY,2026-06-30,85.01,True
25318,202049393,BUY,2026-07-07,84.32,True
25318,202049393,BUY,2026-07-14,84.61,True
25318,202049393,BUY,2026-07-21,82.11,True
25318,202049393,BUY,2026-07-28,80.99,True
25318,202049393,BUY,2026-08-04,81.05,True
25318,202049393,BUY,2026-08-11,80.44,True
18960,202067544,ABT,2026-06-09,160.41,True
18960,202067544,ABT,2026-06-16,136.05,True
18960,202067544,ABT,2026-06-23,114.4,True
18960,202067544,ABT,2026-06-30,97.26,True
18960,202067544,ABT,2026-07-07,84.13,True
18960,202067544,ABT,2026-07-14,86.67,True
18960,202067544,ABT,2026-07-21,85.9,True
18960,202067544,ABT,2026-07-28,79.24,True
18960,202067544,ABT,2026-08-04,81.08,True
18960,202067544,ABT,2026-08-11,81.36,True
18960,202067544,BUY,2026-06-09,189.17,True
18960,202067544,BUY,2026-06-16,191.53,True
18960,202067544,BUY,2026-06-23,193.72,True
18960,202067544,BUY,2026-06-30,194.85,True
18960,202067544,BUY,2026-07-07,195.68,True
18960,202067544,BUY,2026-07-14,198.28,True
18960,202067544,BUY,2026-07-21,202.55,True
18960,202067544,BUY,2026-07-28,200.97,True
18960,202067544,BUY,2026-08-04,216.47,True
18960,202067544,BUY,2026-08-11,213.87,True
29273,202070807,ABT,2026-06-09,22.32,True
29273,202070807,ABT,2026-06-16,20.93,True
29273,202070807,ABT,2026-06-23,20.61,True
29273,202070807,ABT,2026-06-30,20.19,True
29273,202070807,ABT,2026-07-07,19.84,True
29273,202070807,ABT,2026-07-14,20.21,True
29273,202070807,ABT,2026-07-21,20.19,True
29273,202070807,ABT,2026-07-28,17.06,True
29273,202070807,ABT,2026-08-04,16.74,True
29273,202070807,ABT,2026-08-11,16.69,True
29273,202070807,BUY,2026-06-09,21.77,True
29273,202070807,BUY,2026-06-16,22.1,True
29273,202070807,BUY,2026-06-23,20.34,True
29273,202070807,BUY,2026-06-30,20.86,True
29273,202070807,BUY,2026-07-07,20.55,True
29273,202070807,BUY,2026-07-14,20.68,True
29273,202070807,BUY,2026-07-21,19.37,True
29273,202070807,BUY,2026-07-28,18.95,True
29273,202070807,BUY,2026-08-04,19.15,True
29273,202070807,BUY,2026-08-11,17.27,True
38455,202104453,ABT,2026-06-09,43.57,True
38455,202104453,ABT,2026-06-16,43.26,True
38455,202104453,ABT,2026-06-23,38.79,True
38455,202104453,ABT,2026-06-30,38.75,True
38455,202104453,ABT,2026-07-07,43.07,True
38455,202104453,ABT,2026-07-14,36.78,True
38455,202104453,ABT,2026-07-21,38.37,True
38455,202104453,ABT,2026-07-28,38.1,True
38455,202104453,ABT,2026-08-04,37.8,True
38455,202104453,ABT,2026-08-11,37.62,True
38455,202104453,BUY,2026-06-09,39.8,True
38455,202104453,BUY,2026-06-16,40.76,True
38455,202104453,BUY,2026-06-23,41.93,True
38455,202104453,BUY,2026-06-30,41.91,True
38455,202104453,BUY,2026-07-07,41.76,True
38455,202104453,BUY,2026-07-14,41.45,True
38455,202104453,BUY,2026-07-21,38.57,True
38455,202104453,BUY,2026-07-28,34.93,True
38455,202104453,BUY,2026-08-04,34.38,True
38455,202104453,BUY,2026-08-11,35.19,True
28963,202106724,ABT,2026-05-26,5.3,True
28963,202106724,ABT,2026-06-02,4.78,True
28963,202106724,ABT,2026-06-09,4.86,True
28963,202106724,ABT,2026-06-16,4.78,True
28963,202106724,ABT,2026-06-23,4.81,True
28963,202106724,ABT,2026-06-30,4.77,True
28963,202106724,ABT,2026-07-07,4.8,True
28963,202106724,ABT,2026-07-14,4.86,True
28963,202106724,ABT,2026-07-21,4.87,True
28963,202106724,ABT,2026-07-28,4.8,True
28963,202106724,ABT,2026-08-04,4.77,True
28963,202106724,ABT,2026-08-11,4.96,True
28963,202106724,BUY,2026-05-26,5.99,True
28963,202106724,BUY,2026-06-02,5.91,True
28963,202106724,BUY,2026-06-09,6.45,True
28963,202106724,BUY,2026-06-16,6.53,True
28963,202106724,BUY,2026-06-23,6.63,True
28963,202106724,BUY,2026-06-30,6.59,True
28963,202106724,BUY,2026-07-07,6.6,True
28963,202106724,BUY,2026-07-14,6.02,True
28963,202106724,BUY,2026-07-21,5.91,True
28963,202106724,BUY,2026-07-28,6.02,True
28963,202106724,BUY,2026-08-04,5.95,True
28963,202106724,BUY,2026-08-11,6.02,True
26563,202125720,ABT,2026-05-26,33.69,True
26563,202125720,ABT,2026-06-02,33.32,True
26563,202125720,ABT,2026-06-09,33.87,True
26563,202125720,ABT,2026-06-16,37.21,True
26563,202125720,ABT,2026-06-23,37.06,True
26563,202125720,ABT,2026-06-30,31.5,True
26563,202125720,ABT,2026-07-07,30.9,True
26563,202125720,ABT,2026-07-14,30.86,True
26563,202125720,ABT,2026-07-21,32.96,True
26563,202125720,ABT,2026-07-28,33.8,True
26563,202125720,ABT,2026-08-04,33.98,True
26563,202125720,ABT,2026-08-11,34.25,True
26563,202125720,BUY,2026-05-26,35.47,True
26563,202125720,BUY,2026-06-02,34.19,True
26563,202125720,BUY,2026-06-09,34.38,True
26563,202125720,BUY,2026-06-16,34.11,True
26563,202125720,BUY,2026-06-23,33.85,True
26563,202125720,BUY,2026-06-30,34.06,True
26563,202125720,BUY,2026-07-07,32.02,True
26563,202125720,BUY,2026-07-14,31.87,True
26563,202125720,BUY,2026-07-21,32.28,True
26563,202125720,BUY,2026-07-28,28.24,True
26563,202125720,BUY,2026-08-04,28.54,True
26563,202125720,BUY,2026-08-11,29.14,True
22798,202143942,ABT,2026-06-16,35.49,True
22798,202143942,ABT,2026-06-23,36.91,True
22798,202143942,ABT,2026-06-30,37.05,True
22798,202143942,ABT,2026-07-07,36.81,True
22798,202143942,ABT,2026-07-14,37.49,True
22798,202143942,ABT,2026-07-21,37.62,True
22798,202143942,ABT,2026-07-28,38.37,True
22798,202143942,ABT,2026-08-04,38.65,True
22798,202143942,ABT,2026-08-11,38.12,True
22798,202143942,BUY,2026-06-16,35.37,True
22798,202143942,BUY,2026-06-23,35.63,True
22798,202143942,BUY,2026-06-30,35.34,True
22798,202143942,BUY,2026-07-07,35.95,True
22798,202143942,BUY,2026-07-14,35.01,True
22798,202143942,BUY,2026-07-21,34.41,True
22798,202143942,BUY,2026-07-28,34.58,True
22798,202143942,BUY,2026-08-04,34.7,True
22798,202143942,BUY,2026-08-11,34.27,True
22042,202145734,ABT,2026-05-26,267.62,True
22042,202145734,ABT,2026-06-02,250.81,True
22042,202145734,ABT,2026-06-09,237.18,True
22042,202145734,ABT,2026-06-16,226.05,True
22042,202145734,ABT,2026-06-23,212.11,True
22042,202145734,ABT,2026-06-30,207.5,True
22042,202145734,ABT,2026-07-07,210.72,True
22042,202145734,ABT,2026-07-14,230.58,True
22042,202145734,ABT,2026-07-21,227.05,True
22042,202145734,ABT,2026-07-28,226.99,True
22042,202145734,ABT,2026-08-04,227.56,True
22042,202145734,ABT,2026-08-11,201.68,True
22042,202145734,BUY,2026-05-26,249.73,True
22042,202145734,BUY,2026-06-02,250.35,True
22042,202145734,BUY,2026-06-09,244.23,True
22042,202145734,BUY,2026-06-16,242.0,True
22042,202145734,BUY,2026-06-23,265.63,True
22042,202145734,BUY,2026-06-30,269.17,True
22042,202145734,BUY,2026-07-07,265.92,True
22042,202145734,BUY,2026-07-14,259.0,True
22042,202145734,BUY,2026-07-21,253.58,True
22042,202145734,BUY,2026-07-28,247.02,True
22042,202145734,BUY,2026-08-04,277.78,True
22042,202145734,BUY,2026-08-11,268.67,True
22042,202238311,ABT,2026-06-02,339.38,True
22042,202238311,ABT,2026-06-09,343.88,True
22042,202238311,ABT,2026-06-16,338.74,True
22042,202238311,ABT,2026-06-23,341.46,True
22042,202238311,ABT,2026-06-30,350.63,True
22042,202238311,ABT,2026-07-07,345.62,True
22042,202238311,ABT,2026-07-14,341.78,True
22042,202238311,ABT,2026-07-21,339.33,True
22042,202238311,ABT,2026-07-28,316.76,True
22042,202238311,ABT,2026-08-04,322.83,True
22042,202238311,ABT,2026-08-11,326.34,True
22042,202238311,BUY,2026-06-02,324.98,True
22042,202238311,BUY,2026-06-09,333.13,True
22042,202238311,BUY,2026-06-16,332.74,True
22042,202238311,BUY,2026-06-23,335.99,True
22042,202238311,BUY,2026-06-30,314.27,True
22042,202238311,BUY,2026-07-07,322.93,True
22042,202238311,BUY,2026-07-14,329.18,True
22042,202238311,BUY,2026-07-21,325.93,True
22042,202238311,BUY,2026-07-28,324.03,True
22042,202238311,BUY,2026-08-04,315.2,True
22042,202238311,BUY,2026-08-11,313.89,True
27783,202293522,ABT,2026-05-26,200.87,True
27783,202293522,ABT,2026-06-02,204.12,True
27783,202293522,ABT,2026-06-09,204.74,True
27783,202293522,ABT,2026-06-16,206.45,True
27783,202293522,ABT,2026-06-23,205.83,True
27783,202293522,ABT,2026-06-30,182.67,True
27783,202293522,ABT,2026-07-07,181.73,True
27783,202293522,ABT,2026-07-14,182.8,True
27783,202293522,ABT,2026-07-21,179.84,True
27783,202293522,ABT,2026-07-28,178.64,True
27783,202293522,ABT,2026-08-04,179.24,True
27783,202293522,ABT,2026-08-11,182.96,True
27783,202293522,BUY,2026-05-26,202.18,True
27783,202293522,BUY,2026-06-02,203.9,True
27783,202293522,BUY,2026-06-09,181.58,True
27783,202293522,BUY,2026-06-16,177.06,True
27783,202293522,BUY,2026-06-23,166.11,True
27783,202293522,BUY,2026-06-30,181.86,True
27783,202293522,BUY,2026-07-07,161.81,True
27783,202293522,BUY,2026-07-14,148.05,True
27783,202293522,BUY,2026-07-21,137.39,True
27783,202293522,BUY,2026-07-28,125.36,True
27783,202293522,BUY,2026-08-04,113.57,True
27783,202293522,BUY,2026-08-11,110.98,True
16877,202434158,ABT,2026-06-09,17.83,True
16877,202434158,ABT,2026-06-16,17.97,True
16877,202434158,ABT,2026-06-23,18.38,True
16877,202434158,ABT,2026-06-30,18.37,True
16877,202434158,ABT,2026-07-07,18.51,True
16877,202434158,ABT,2026-07-14,18.24,True
16877,202434158,ABT,2026-07-21,18.42,True
16877,202434158,ABT,2026-07-28,15.75,True
16877,202434158,ABT,2026-08-04,15.51,True
16877,202434158,ABT,2026-08-11,15.8,True
16877,202434158,BUY,2026-06-09,17.83,True
16877,202434158,BUY,2026-06-16,18.02,True
16877,202434158,BUY,2026-06-23,20.13,True
16877,202434158,BUY,2026-06-30,19.83,True
16877,202434158,BUY,2026-07-07,19.88,True
16877,202434158,BUY,2026-07-14,20.12,True
16877,202434158,BUY,2026-07-21,20.4,True
16877,202434158,BUY,2026-07-28,18.98,True
16877,202434158,BUY,2026-08-04,18.67,True
16877,202434158,BUY,2026-08-11,18.35,True
36023,202451162,ABT,2026-06-02,70.81,True
36023,202451162,ABT,2026-06-09,66.12,True
36023,202451162,ABT,2026-06-16,60.05,True
36023,202451162,ABT,2026-06-23,57.06,True
36023,202451162,ABT,2026-06-30,53.99,True
36023,202451162,ABT,2026-07-07,54.27,True
36023,202451162,ABT,2026-07-14,54.66,True
36023,202451162,ABT,2026-07-21,53.86,True
36023,202451162,ABT,2026-07-28,54.35,True
36023,202451162,ABT,2026-08-04,54.87,True
36023,202451162,ABT,2026-08-11,50.02,True
36023,202451162,BUY,2026-06-02,77.04,True
36023,202451162,BUY,2026-06-09,77.59,True
36023,202451162,BUY,2026-06-16,76.33,True
36023,202451162,BUY,2026-06-23,76.82,True
36023,202451162,BUY,2026-06-30,76.5,True
36023,202451162,BUY,2026-07-07,78.09,True
36023,202451162,BUY,2026-07-14,77.29,True
36023,202451162,BUY,2026-07-21,76.84,True
36023,202451162,BUY,2026-07-28,75.89,True
36023,202451162,BUY,2026-08-04,74.6,True
36023,202451162,BUY,2026-08-11,74.64,True
23006,202456880,ABT,2026-06-09,343.28,True
23006,202456880,ABT,2026-06-16,313.74,True
23006,202456880,ABT,2026-06-23,309.01,True
23006,202456880,ABT,2026-06-30,262.45,True
23006,202456880,ABT,2026-07-07,267.16,True
23006,202456880,ABT,2026-07-14,234.17,True
23006,202456880,ABT,2026-07-21,232.85,True
23006,202456880,ABT,2026-07-28,235.91,True
23006,202456880,ABT,2026-08-04,237.05,True
23006,202456880,ABT,2026-08-11,239.45,True
23006,202456880,BUY,2026-06-09,334.73,True
23006,202456880,BUY,2026-06-16,307.36,True
23006,202456880,BUY,2026-06-23,307.01,True
23006,202456880,BUY,2026-06-30,299.12,True
23006,202456880,BUY,2026-07-07,298.89,True
23006,202456880,BUY,2026-07-14,300.84,True
23006,202456880,BUY,2026-07-21,302.51,True
23006,202456880,BUY,2026-07-28,305.32,True
23006,202456880,BUY,2026-08-04,313.35,True
23006,202456880,BUY,2026-08-11,309.23,True
23325,202456903,ABT,2026-06-23,16.31,True
23325,202456903,ABT,2026-06-30,16.2,True
23325,202456903,ABT,2026-07-07,16.15,True
23325,202456903,ABT,2026-07-14,16.24,True
23325,202456903,ABT,2026-07-21,16.27,True
23325,202456903,ABT,2026-07-28,16.49,True
23325,202456903,ABT,2026-08-04,16.46,True
23325,202456903,ABT,2026-08-11,16.22,True
23325,202456903,BUY,2026-06-23,15.74,True
23325,202456903,BUY,2026-06-30,15.74,True
23325,202456903,BUY,2026-07-07,15.92,True
23325,202456903,BUY,2026-07-14,13.73,True
23325,202456903,BUY,2026-07-21,11.73,True
23325,202456903,BUY,2026-07-28,10.47,True
23325,202456903,BUY,2026-08-04,9.15,True
23325,202456903,BUY,2026-08-11,9.03,True
25902,202479411,ABT,2026-05-26,1147.55,True
25902,202479411,ABT,2026-06-02,1152.48,True
25902,202479411,ABT,2026-06-09,1076.4,True
25902,202479411,ABT,2026-06-16,948.17,True
25902,202479411,ABT,2026-06-23,959.53,True
25902,202479411,ABT,2026-06-30,1054.98,True
25902,202479411,ABT,2026-07-07,1055.5,True
25902,202479411,ABT,2026-07-14,1046.29,True
25902,202479411,ABT,2026-07-21,1062.49,True
25902,202479411,ABT,2026-07-28,1046.08,True
25902,202479411,ABT,2026-08-04,1014.71,True
25902,202479411,ABT,2026-08-11,1012.33,True
25902,202479411,BUY,2026-05-26,1128.69,True
25902,202479411,BUY,2026-06-02,1133.63,True
25902,202479411,BUY,2026-06-09,1139.33,True
25902,202479411,BUY,2026-06-16,1140.06,True
25902,202479411,BUY,2026-06-23,1113.16,True
25902,202479411,BUY,2026-06-30,1119.53,True
25902,202479411,BUY,2026-07-07,1103.94,True
25902,202479411,BUY,2026-07-14,984.95,True
25902,202479411,BUY,2026-07-21,976.3,True
25902,202479411,BUY,2026-07-28,978.5,True
25902,202479411,BUY,2026-08-04,985.01,True
25902,202479411,BUY,2026-08-11,982.65,True
26695,202479417,ABT,2026-05-26,91.39,True
26695,202479417,ABT,2026-06-02,90.57,True
26695,202479417,ABT,2026-06-09,91.7,True
26695,202479417,ABT,2026-06-16,92.84,True
26695,202479417,ABT,2026-06-23,95.26,True
26695,202479417,ABT,2026-06-30,94.32,True
26695,202479417,ABT,2026-07-07,94.63,True
26695,202479417,ABT,2026-07-14,95.44,True
26695,202479417,ABT,2026-07-21,93.54,True
26695,202479417,ABT,2026-07-28,92.89,True
26695,202479417,ABT,2026-08-04,103.82,True
26695,202479417,ABT,2026-08-11,104.57,True
26695,202479417,BUY,2026-05-26,89.93,True
26695,202479417,BUY,2026-06-02,87.29,True
26695,202479417,BUY,2026-06-09,93.28,True
26695,202479417,BUY,2026-06-16,94.99,True
26695,202479417,BUY,2026-06-23,100.3,True
26695,202479417,BUY,2026-06-30,99.68,True
26695,202479417,BUY,2026-07-07,98.5,True
26695,202479417,BUY,2026-07-14,99.48,True
26695,202479417,BUY,2026-07-21,88.22,True
26695,202479417,BUY,2026-07-28,87.31,True
26695,202479417,BUY,2026-08-04,85.5,True
26695,202479417,BUY,2026-08-11,75.14,True
25905,202479418,ABT,2026-05-26,69.23,True
25905,202479418,ABT,2026-06-02,68.54,True
25905,202479418,ABT,2026-06-09,67.95,True
25905,202479418,ABT,2026-06-16,67.54,True
25905,202479418,ABT,2026-06-23,67.36,True
25905,202479418,ABT,2026-06-30,66.5,True
25905,202479418,ABT,2026-07-07,65.56,True
25905,202479418,ABT,2026-07-14,66.79,True
25905,202479418,ABT,2026-07-21,65.53,True
25905,202479418,ABT,2026-07-28,61.5,True
25905,202479418,ABT,2026-08-04,61.26,True
25905,202479418,ABT,2026-08-11,62.38,True
25905,202479418,BUY,2026-05-26,69.03,True
25905,202479418,BUY,2026-06-02,68.43,True
25905,202479418,BUY,2026-06-09,68.17,True
25905,202479418,BUY,2026-06-16,60.65,True
25905,202479418,BUY,2026-06-23,59.92,True
25905,202479418,BUY,2026-06-30,61.59,True
25905,202479418,BUY,2026-07-07,61.67,True
25905,202479418,BUY,2026-07-14,62.25,True
25905,202479418,BUY,2026-07-21,62.71,True
25905,202479418,BUY,2026-07-28,66.84,True
25905,202479418,BUY,2026-08-04,67.73,True
25905,202479418,BUY,2026-08-11,77.4,True
25036,202502745,ABT,2026-06-02,63.75,True
25036,202502745,ABT,2026-06-09,65.78,True
25036,202502745,ABT,2026-06-16,64.0,True
25036,202502745,ABT,2026-06-23,64.36,True
25036,202502745,ABT,2026-06-30,65.21,True
25036,202502745,ABT,2026-07-07,65.75,True
25036,202502745,ABT,2026-07-14,62.2,True
25036,202502745,ABT,2026-07-21,58.06,True
25036,202502745,ABT,2026-07-28,56.86,True
25036,202502745,ABT,2026-08-04,57.59,True
25036,202502745,ABT,2026-08-11,58.39,True
25036,202502745,BUY,2026-06-02,66.85,True
25036,202502745,BUY,2026-06-09,67.87,True
25036,202502745,BUY,2026-06-16,67.18,True
25036,202502745,BUY,2026-06-23,56.8,True
25036,202502745,BUY,2026-06-30,57.38,True
25036,202502745,BUY,2026-07-07,55.88,True
25036,202502745,BUY,2026-07-14,49.98,True
25036,202502745,BUY,2026-07-21,50.52,True
25036,202502745,BUY,2026-07-28,50.86,True
25036,202502745,BUY,2026-08-04,50.72,True
25036,202502745,BUY,2026-08-11,51.2,True
26350,202537952,ABT,2026-06-16,572.86,True
26350,202537952,ABT,2026-06-23,574.84,True
26350,202537952,ABT,2026-06-30,508.41,True
26350,202537952,ABT,2026-07-07,515.59,True
26350,202537952,ABT,2026-07-14,522.18,True
26350,202537952,ABT,2026-07-21,532.58,True
26350,202537952,ABT,2026-07-28,517.21,True
26350,202537952,ABT,2026-08-04,484.13,True
26350,202537952,ABT,2026-08-11,496.27,True
26350,202537952,BUY,2026-06-16,585.14,True
26350,202537952,BUY,2026-06-23,593.14,True
26350,202537952,BUY,2026-06-30,592.99,True
26350,202537952,BUY,2026-07-07,583.29,True
26350,202537952,BUY,2026-07-14,600.38,True
26350,202537952,BUY,2026-07-21,604.37,True
26350,202537952,BUY,2026-07-28,624.33,True
26350,202537952,BUY,2026-08-04,607.71,True
26350,202537952,BUY,2026-08-11,603.51,True
24571,202537967,ABT,2026-05-26,104.01,True
24571,202537967,ABT,2026-06-02,105.42,True
24571,202537967,ABT,2026-06-09,92.96,True
24571,202537967,ABT,2026-06-16,91.11,True
24571,202537967,ABT,2026-06-23,90.39,True
24571,202537967,ABT,2026-06-30,91.59,True
24571,202537967,ABT,2026-07-07,90.25,True
24571,202537967,ABT,2026-07-14,90.98,True
24571,202537967,ABT,2026-07-21,90.39,True
24571,202537967,ABT,2026-07-28,90.0,True
24571,202537967,ABT,2026-08-04,90.28,True
24571,202537967,ABT,2026-08-11,93.13,True
24571,202537967,BUY,2026-05-26,106.33,True
24571,202537967,BUY,2026-06-02,105.67,True
24571,202537967,BUY,2026-06-09,106.03,True
24571,202537967,BUY,2026-06-16,105.97,True
24571,202537967,BUY,2026-06-23,110.5,True
24571,202537967,BUY,2026-06-30,99.52,True
24571,202537967,BUY,2026-07-07,99.28,True
24571,202537967,BUY,2026-07-14,98.39,True
24571,202537967,BUY,2026-07-21,99.19,True
24571,202537967,BUY,2026-07-28,101.13,True
24571,202537967,BUY,2026-08-04,104.53,True
24571,202537967,BUY,2026-08-11,101.11,True
24572,202537969,ABT,2026-05-26,260.74,True
24572,202537969,ABT,2026-06-02,259.84,True
24572,202537969,ABT,2026-06-09,256.26,True
24572,202537969,ABT,2026-06-16,259.64,True
24572,202537969,ABT,2026-06-23,257.13,True
24572,202537969,ABT,2026-06-30,254.01,True
24572,202537969,ABT,2026-07-07,263.07,True
24572,202537969,ABT,2026-07-14,270.78,True
24572,202537969,ABT,2026-07-21,245.08,True
24572,202537969,ABT,2026-07-28,240.52,True
24572,202537969,ABT,2026-08-04,216.63,True
24572,202537969,ABT,2026-08-11,213.34,True
24572,202537969,BUY,2026-05-26,257.21,True
24572,202537969,BUY,2026-06-02,260.14,True
24572,202537969,BUY,2026-06-09,262.4,True
24572,202537969,BUY,2026-06-16,234.71,True
24572,202537969,BUY,2026-06-23,233.24,True
24572,202537969,BUY,2026-06-30,236.46,True
24572,202537969,BUY,2026-07-07,233.52,True
24572,202537969,BUY,2026-07-14,239.15,True
24572,202537969,BUY,2026-07-21,241.14,True
24572,202537969,BUY,2026-07-28,239.94,True
24572,202537969,BUY,2026-08-04,243.0,True
24572,202537969,BUY,2026-08-11,240.58,True
27771,202592070,ABT,2026-06-09,80.14,True
27771,202592070,ABT,2026-06-16,69.15,True
27771,202592070,ABT,2026-06-23,67.65,True
27771,202592070,ABT,2026-06-30,67.45,True
27771,202592070,ABT,2026-07-07,66.22,True
27771,202592070,ABT,2026-07-14,59.44,True
27771,202592070,ABT,2026-07-21,51.16,True
27771,202592070,ABT,2026-07-28,45.7,True
27771,202592070,ABT,2026-08-04,45.34,True
27771,202592070,ABT,2026-08-11,45.71,True
27771,202592070,BUY,2026-06-09,79.31,True
27771,202592070,BUY,2026-06-16,79.75,True
27771,202592070,BUY,2026-06-23,81.7,True
27771,202592070,BUY,2026-06-30,81.33,True
27771,202592070,BUY,2026-07-07,72.52,True
27771,202592070,BUY,2026-07-14,73.26,True
27771,202592070,BUY,2026-07-21,73.71,True
27771,202592070,BUY,2026-07-28,69.46,True
27771,202592070,BUY,2026-08-04,69.89,True
27771,202592070,BUY,2026-08-11,68.94,True
35925,202592699,ABT,2026-06-16,447.77,True
35925,202592699,ABT,2026-06-23,448.54,True
35925,202592699,ABT,2026-06-30,455.81,True
35925,202592699,ABT,2026-07-07,455.78,True
35925,202592699,ABT,2026-07-14,426.34,True
35925,202592699,ABT,2026-07-21,388.57,True
35925,202592699,ABT,2026-07-28,366.38,True
35925,202592699,ABT,2026-08-04,388.29,True
35925,202592699,ABT,2026-08-11,378.96,True
35925,202592699,BUY,2026-06-16,432.87,True
35925,202592699,BUY,2026-06-23,429.96,True
35925,202592699,BUY,2026-06-30,426.11,True
35925,202592699,BUY,2026-07-07,430.44,True
35925,202592699,BUY,2026-07-14,432.51,True
35925,202592699,BUY,2026-07-21,443.85,True
35925,202592699,BUY,2026-07-28,431.9,True
35925,202592699,BUY,2026-08-04,429.07,True
35925,202592699,BUY,2026-08-11,416.26,True
22727,202619749,ABT,2026-06-23,342.95,True
22727,202619749,ABT,2026-06-30,350.42,True
22727,202619749,ABT,2026-07-07,350.07,True
22727,202619749,ABT,2026-07-14,353.92,True
22727,202619749,ABT,2026-07-21,346.84,True
22727,202619749,ABT,2026-07-28,343.18,True
22727,202619749,ABT,2026-08-04,375.41,True
22727,202619749,ABT,2026-08-11,374.98,True
22727,202619749,BUY,2026-06-23,353.09,True
22727,202619749,BUY,2026-06-30,351.04,True
22727,202619749,BUY,2026-07-07,345.44,True
22727,202619749,BUY,2026-07-14,305.77,True
22727,202619749,BUY,2026-07-21,305.17,True
22727,202619749,BUY,2026-07-28,303.75,True
22727,202619749,BUY,2026-08-04,306.89,True
22727,202619749,BUY,2026-08-11,301.52,True
23837,202635467,ABT,2026-06-09,17.26,True
23837,202635467,ABT,2026-06-16,15.09,True
23837,202635467,ABT,2026-06-23,12.77,True
23837,202635467,ABT,2026-06-30,11.09,True
23837,202635467,ABT,2026-07-07,8.87,True
23837,202635467,ABT,2026-07-14,9.0,True
23837,202635467,ABT,2026-07-21,9.03,True
23837,202635467,ABT,2026-07-28,9.15,True
23837,202635467,ABT,2026-08-04,8.29,True
23837,202635467,ABT,2026-08-11,8.44,True
23837,202635467,BUY,2026-06-09,20.15,True
23837,202635467,BUY,2026-06-16,19.98,True
23837,202635467,BUY,2026-06-23,19.96,True
23837,202635467,BUY,2026-06-30,20.31,True
23837,202635467,BUY,2026-07-07,20.48,True
23837,202635467,BUY,2026-07-14,20.08,True
23837,202635467,BUY,2026-07-21,20.36,True
23837,202635467,BUY,2026-07-28,20.27,True
23837,202635467,BUY,2026-08-04,20.59,True
23837,202635467,BUY,2026-08-11,20.19,True
23097,202635701,ABT,2026-06-02,1566.49,True
23097,202635701,ABT,2026-06-09,1337.75,True
23097,202635701,ABT,2026-06-16,1335.55,True
23097,202635701,ABT,2026-06-23,1329.6,True
23097,202635701,ABT,2026-06-30,1299.79,True
23097,202635701,ABT,2026-07-07,1216.27,True
23097,202635701,ABT,2026-07-14,1213.2,True
23097,202635701,ABT,2026-07-21,1205.72,True
23097,202635701,ABT,2026-07-28,1202.79,True
23097,202635701,ABT,2026-08-04,1221.31,True
23097,202635701,ABT,2026-08-11,1208.08,True
23097,202635701,BUY,2026-06-02,1537.34,True
23097,202635701,BUY,2026-06-09,1536.67,True
23097,202635701,BUY,2026-06-16,1494.58,True
23097,202635701,BUY,2026-06-23,1558.24,True
23097,202635701,BUY,2026-06-30,1548.12,True
23097,202635701,BUY,2026-07-07,1569.13,True
23097,202635701,BUY,2026-07-14,1535.8,True
23097,202635701,BUY,2026-07-21,1530.51,True
23097,202635701,BUY,2026-07-28,1553.09,True
23097,202635701,BUY,2026-08-04,1568.52,True
23097,202635701,BUY,2026-08-11,1534.92,True
19628,202778257,ABT,2026-06-02,151.14,True
19628,202778257,ABT,2026-06-09,154.12,True
19628,202778257,ABT,2026-06-16,151.76,True
19628,202778257,ABT,2026-06-23,151.05,True
19628,202778257,ABT,2026-06-30,147.46,True
19628,202778257,ABT,2026-07-07,147.6,True
19628,202778257,ABT,2026-07-14,149.4,True
19628,202778257,ABT,2026-07-21,147.91,True
19628,202778257,ABT,2026-07-28,150.96,True
19628,202778257,ABT,2026-08-04,149.35,True
19628,202778257,ABT,2026-08-11,151.81,True
19628,202778257,BUY,2026-06-02,149.05,True
19628,202778257,BUY,2026-06-09,135.09,True
19628,202778257,BUY,2026-06-16,136.03,True
19628,202778257,BUY,2026-06-23,135.36,True
19628,202778257,BUY,2026-06-30,116.83,True
19628,202778257,BUY,2026-07-07,116.79,True
19628,202778257,BUY,2026-07-14,116.42,True
19628,202778257,BUY,2026-07-21,115.46,True
19628,202778257,BUY,2026-07-28,105.39,True
19628,202778257,BUY,2026-08-04,95.3,True
19628,202778257,BUY,2026-08-11,93.82,True
35054,202784218,ABT,2026-06-16,482.38,True
35054,202784218,ABT,2026-06-23,487.74,True
35054,202784218,ABT,2026-06-30,497.47,True
35054,202784218,ABT,2026-07-07,452.88,True
35054,202784218,ABT,2026-07-14,455.12,True
35054,202784218,ABT,2026-07-21,447.55,True
35054,202784218,ABT,2026-07-28,444.45,True
35054,202784218,ABT,2026-08-04,443.4,True
35054,202784218,ABT,2026-08-11,427.47,True
35054,202784218,BUY,2026-06-16,489.67,True
35054,202784218,BUY,2026-06-23,491.67,True
35054,202784218,BUY,2026-06-30,462.69,True
35054,202784218,BUY,2026-07-07,470.65,True
35054,202784218,BUY,2026-07-14,475.48,True
35054,202784218,BUY,2026-07-21,479.46,True
35054,202784218,BUY,2026-07-28,473.27,True
35054,202784218,BUY,2026-08-04,467.47,True
35054,202784218,BUY,2026-08-11,465.82,True
23651,202784323,ABT,2026-06-02,118.76,True
23651,202784323,ABT,2026-06-09,117.1,True
23651,202784323,ABT,2026-06-16,117.07,True
23651,202784323,ABT,2026-06-23,117.16,True
23651,202784323,ABT,2026-06-30,117.99,True
23651,202784323,ABT,2026-07-07,114.38,True
23651,202784323,ABT,2026-07-14,114.24,True
23651,202784323,ABT,2026-07-21,110.66,True
23651,202784323,ABT,2026-07-28,110.87,True
23651,202784323,ABT,2026-08-04,113.06,True
23651,202784323,ABT,2026-08-11,110.5,True
23651,202784323,BUY,2026-06-02,120.61,True
23651,202784323,BUY,2026-06-09,120.25,True
23651,202784323,BUY,2026-06-16,115.23,True
23651,202784323,BUY,2026-06-23,116.16,True
23651,202784323,BUY,2026-06-30,117.15,True
23651,202784323,BUY,2026-07-07,117.19,True
23651,202784323,BUY,2026-07-14,123.45,True
23651,202784323,BUY,2026-07-21,121.9,True
23651,202784323,BUY,2026-07-28,118.65,True
23651,202784323,BUY,2026-08-04,118.97,True
23651,202784323,BUY,2026-08-11,120.45,True
37360,202784323,ABT,2026-06-23,68.72,True
37360,202784323,ABT,2026-06-30,78.4,True
37360,202784323,ABT,2026-07-07,77.79,True
37360,202784323,ABT,2026-07-14,79.7,True
37360,202784323,ABT,2026-07-21,78.53,True
37360,202784323,ABT,2026-07-28,78.95,True
37360,202784323,ABT,2026-08-04,76.96,True
37360,202784323,ABT,2026-08-11,79.07,True
37360,202784323,BUY,2026-06-23,68.99,True
37360,202784323,BUY,2026-06-30,69.63,True
37360,202784323,BUY,2026-07-07,69.39,True
37360,202784323,BUY,2026-07-14,69.03,True
37360,202784323,BUY,2026-07-21,69.08,True
37360,202784323,BUY,2026-07-28,68.71,True
37360,202784323,BUY,2026-08-04,68.76,True
37360,202784323,BUY,2026-08-11,67.45,True
36029,202785722,ABT,2026-06-09,36.03,True
36029,202785722,ABT,2026-06-16,36.27,True
36029,202785722,ABT,2026-06-23,36.0,True
36029,202785722,ABT,2026-06-30,35.56,True
36029,202785722,ABT,2026-07-07,35.02,True
36029,202785722,ABT,2026-07-14,35.14,True
36029,202785722,ABT,2026-07-21,33.88,True
36029,202785722,ABT,2026-07-28,34.58,True
36029,202785722,ABT,2026-08-04,35.16,True
36029,202785722,ABT,2026-08-11,34.02,True
36029,202785722,BUY,2026-06-09,36.33,True
36029,202785722,BUY,2026-06-16,36.55,True
36029,202785722,BUY,2026-06-23,38.95,True
36029,202785722,BUY,2026-06-30,39.51,True
36029,202785722,BUY,2026-07-07,39.49,True
36029,202785722,BUY,2026-07-14,39.31,True
36029,202785722,BUY,2026-07-21,39.74,True
36029,202785722,BUY,2026-07-28,40.38,True
36029,202785722,BUY,2026-08-04,39.92,True
36029,202785722,BUY,2026-08-11,40.25,True
6284,202812567,ABT,2026-06-23,159.13,True
6284,202812567,ABT,2026-06-30,156.3,True
6284,202812567,ABT,2026-07-07,157.01,True
6284,202812567,ABT,2026-07-14,159.87,True
6284,202812567,ABT,2026-07-21,161.89,True
6284,202812567,ABT,2026-07-28,163.43,True
6284,202812567,ABT,2026-08-04,164.71,True
6284,202812567,ABT,2026-08-11,146.37,True
6284,202812567,BUY,2026-06-23,159.44,True
6284,202812567,BUY,2026-06-30,158.28,True
6284,202812567,BUY,2026-07-07,138.25,True
6284,202812567,BUY,2026-07-14,138.28,True
6284,202812567,BUY,2026-07-21,139.45,True
6284,202812567,BUY,2026-07-28,138.65,True
6284,202812567,BUY,2026-08-04,140.84,True
6284,202812567,BUY,2026-08-11,140.91,True
19631,202812646,ABT,2026-05-26,144.2,True
19631,202812646,ABT,2026-06-02,141.35,True
19631,202812646,ABT,2026-06-09,125.37,True
19631,202812646,ABT,2026-06-16,122.51,True
19631,202812646,ABT,2026-06-23,121.74,True
19631,202812646,ABT,2026-06-30,107.3,True
19631,202812646,ABT,2026-07-07,105.29,True
19631,202812646,ABT,2026-07-14,110.57,True
19631,202812646,ABT,2026-07-21,110.06,True
19631,202812646,ABT,2026-07-28,101.82,True
19631,202812646,ABT,2026-08-04,93.65,True
19631,202812646,ABT,2026-08-11,94.98,True
19631,202812646,BUY,2026-05-26,148.76,True
19631,202812646,BUY,2026-06-02,147.1,True
19631,202812646,BUY,2026-06-09,148.16,True
19631,202812646,BUY,2026-06-16,152.41,True
19631,202812646,BUY,2026-06-23,149.14,True
19631,202812646,BUY,2026-06-30,152.39,True
19631,202812646,BUY,2026-07-07,151.33,True
19631,202812646,BUY,2026-07-14,151.17,True
19631,202812646,BUY,2026-07-21,154.16,True
19631,202812646,BUY,2026-07-28,153.96,True
19631,202812646,BUY,2026-08-04,153.22,True
19631,202812646,BUY,2026-08-11,155.9,True
30389,202813304,ABT,2026-06-09,20.72,True
30389,202813304,ABT,2026-06-16,20.1,True
30389,202813304,ABT,2026-06-23,19.89,True
30389,202813304,ABT,2026-06-30,19.85,True
30389,202813304,ABT,2026-07-07,19.75,True
30389,202813304,ABT,2026-07-14,19.65,True
30389,202813304,ABT,2026-07-21,20.81,True
30389,202813304,ABT,2026-07-28,20.96,True
30389,202813304,ABT,2026-08-04,21.3,True
30389,202813304,ABT,2026-08-11,20.04,True
30389,202813304,BUY,2026-06-09,20.11,True
30389,202813304,BUY,2026-06-16,19.57,True
30389,202813304,BUY,2026-06-23,20.14,True
30389,202813304,BUY,2026-06-30,20.89,True
30389,202813304,BUY,2026-07-07,21.48,True
30389,202813304,BUY,2026-07-14,21.28,True
30389,202813304,BUY,2026-07-21,23.72,True
30389,202813304,BUY,2026-07-28,24.02,True
30389,202813304,BUY,2026-08-04,27.3,True
30389,202813304,BUY,2026-08-11,27.21,True
32431,202827677,ABT,2026-06-23,439.6,True
32431,202827677,ABT,2026-06-30,437.62,True
32431,202827677,ABT,2026-07-07,440.21,True
32431,202827677,ABT,2026-07-14,446.15,True
32431,202827677,ABT,2026-07-21,440.19,True
32431,202827677,ABT,2026-07-28,444.34,True
32431,202827677,ABT,2026-08-04,440.12,True
32431,202827677,ABT,2026-08-11,389.47,True
32431,202827677,BUY,2026-06-23,443.06,True
32431,202827677,BUY,2026-06-30,437.54,True
32431,202827677,BUY,2026-07-07,425.76,True
32431,202827677,BUY,2026-07-14,424.37,True
32431,202827677,BUY,2026-07-21,387.16,True
32431,202827677,BUY,2026-07-28,377.73,True
32431,202827677,BUY,2026-08-04,379.16,True
32431,202827677,BUY,2026-08-11,377.56,True
25829,202827684,ABT,2026-06-23,180.85,True
25829,202827684,ABT,2026-06-30,164.11,True
25829,202827684,ABT,2026-07-07,152.49,True
25829,202827684,ABT,2026-07-14,154.12,True
25829,202827684,ABT,2026-07-21,155.84,True
25829,202827684,ABT,2026-07-28,156.26,True
25829,202827684,ABT,2026-08-04,145.66,True
25829,202827684,ABT,2026-08-11,134.68,True
25829,202827684,BUY,2026-06-23,181.31,True
25829,202827684,BUY,2026-06-30,189.06,True
25829,202827684,BUY,2026-07-07,188.71,True
25829,202827684,BUY,2026-07-14,188.15,True
25829,202827684,BUY,2026-07-21,209.71,True
25829,202827684,BUY,2026-07-28,207.4,True
25829,202827684,BUY,2026-08-04,212.54,True
25829,202827684,BUY,2026-08-11,214.45,True
25550,202827713,ABT,2026-06-23,1217.95,True
25550,202827713,ABT,2026-06-30,1215.37,True
25550,202827713,ABT,2026-07-07,1216.59,True
25550,202827713,ABT,2026-07-14,1199.7,True
25550,202827713,ABT,2026-07-21,1200.05,True
25550,202827713,ABT,2026-07-28,1078.6,True
25550,202827713,ABT,2026-08-04,1078.58,True
25550,202827713,ABT,2026-08-11,1071.34,True
25550,202827713,BUY,2026-06-23,1169.41,True
25550,202827713,BUY,2026-06-30,1189.36,True
25550,202827713,BUY,2026-07-07,1171.04,True
25550,202827713,BUY,2026-07-14,1153.14,True
25550,202827713,BUY,2026-07-21,1206.25,True
25550,202827713,BUY,2026-07-28,1197.16,True
25550,202827713,BUY,2026-08-04,1205.15,True
25550,202827713,BUY,2026-08-11,1219.52,True
25749,202827715,ABT,2026-06-09,100.64,True
25749,202827715,ABT,2026-06-16,101.37,True
25749,202827715,ABT,2026-06-23,102.6,True
25749,202827715,ABT,2026-06-30,92.91,True
25749,202827715,ABT,2026-07-07,90.56,True
25749,202827715,ABT,2026-07-14,90.07,True
25749,202827715,ABT,2026-07-21,89.94,True
25749,202827715,ABT,2026-07-28,85.52,True
25749,202827715,ABT,2026-08-04,89.11,True
25749,202827715,ABT,2026-08-11,91.54,True
25749,202827715,BUY,2026-06-09,101.09,True
25749,202827715,BUY,2026-06-16,89.88,True
25749,202827715,BUY,2026-06-23,89.91,True
25749,202827715,BUY,2026-06-30,92.02,True
25749,202827715,BUY,2026-07-07,91.54,True
25749,202827715,BUY,2026-07-14,89.77,True
25749,202827715,BUY,2026-07-21,83.66,True
25749,202827715,BUY,2026-07-28,77.26,True
25749,202827715,BUY,2026-08-04,71.76,True
25749,202827715,BUY,2026-08-11,65.98,True
6742,202845629,ABT,2026-05-26,394.33,True
6742,202845629,ABT,2026-06-02,419.53,True
6742,202845629,ABT,2026-06-09,415.18,True
6742,202845629,ABT,2026-06-16,404.15,True
6742,202845629,ABT,2026-06-23,404.59,True
6742,202845629,ABT,2026-06-30,398.71,True
6742,202845629,ABT,2026-07-07,391.69,True
6742,202845629,ABT,2026-07-14,400.03,True
6742,202845629,ABT,2026-07-21,401.5,True
6742,202845629,ABT,2026-07-28,407.13,True
6742,202845629,ABT,2026-08-04,416.15,True
6742,202845629,ABT,2026-08-11,410.89,True
6742,202845629,BUY,2026-05-26,393.41,True
6742,202845629,BUY,2026-06-02,385.17,True
6742,202845629,BUY,2026-06-09,374.25,True
6742,202845629,BUY,2026-06-16,374.38,True
6742,202845629,BUY,2026-06-23,375.92,True
6742,202845629,BUY,2026-06-30,382.41,True
6742,202845629,BUY,2026-07-07,346.75,True
6742,202845629,BUY,2026-07-14,346.93,True
6742,202845629,BUY,2026-07-21,354.95,True
6742,202845629,BUY,2026-07-28,362.83,True
6742,202845629,BUY,2026-08-04,359.64,True
6742,202845629,BUY,2026-08-11,363.8,True
36033,202861078,ABT,2026-06-02,16.61,True
36033,202861078,ABT,2026-06-09,16.82,True
36033,202861078,ABT,2026-06-16,17.18,True
36033,202861078,ABT,2026-06-23,16.73,True
36033,202861078,ABT,2026-06-30,17.33,True
36033,202861078,ABT,2026-07-07,17.22,True
36033,202861078,ABT,2026-07-14,17.18,True
36033,202861078,ABT,2026-07-21,17.44,True
36033,202861078,ABT,2026-07-28,17.9,True
36033,202861078,ABT,2026-08-04,18.1,True
36033,202861078,ABT,2026-08-11,18.13,True
36033,202861078,BUY,2026-06-02,16.48,True
36033,202861078,BUY,2026-06-09,16.8,True
36033,202861078,BUY,2026-06-16,17.2,True
36033,202861078,BUY,2026-06-23,16.97,True
36033,202861078,BUY,2026-06-30,16.65,True
36033,202861078,BUY,2026-07-07,17.06,True
36033,202861078,BUY,2026-07-14,17.1,True
36033,202861078,BUY,2026-07-21,16.83,True
36033,202861078,BUY,2026-07-28,17.09,True
36033,202861078,BUY,2026-08-04,16.72,True
36033,202861078,BUY,2026-08-11,16.72,True
25950,202870170,ABT,2026-06-16,28.82,True
25950,202870170,ABT,2026-06-23,28.47,True
25950,202870170,ABT,2026-06-30,28.06,True
25950,202870170,ABT,2026-07-07,27.56,True
25950,202870170,ABT,2026-07-14,27.95,True
25950,202870170,ABT,2026-07-21,28.15,True
25950,202870170,ABT,2026-07-28,29.59,True
25950,202870170,ABT,2026-08-04,29.4,True
25950,202870170,ABT,2026-08-11,29.55,True
25950,202870170,BUY,2026-06-16,34.15,True
25950,202870170,BUY,2026-06-23,31.98,True
25950,202870170,BUY,2026-06-30,29.06,True
25950,202870170,BUY,2026-07-07,27.3,True
25950,202870170,BUY,2026-07-14,27.41,True
25950,202870170,BUY,2026-07-21,28.08,True
25950,202870170,BUY,2026-07-28,27.57,True
25950,202870170,BUY,2026-08-04,27.72,True
25950,202870170,BUY,2026-08-11,27.47,True
32874,202870171,ABT,2026-06-02,302.99,True
32874,202870171,ABT,2026-06-09,297.06,True
32874,202870171,ABT,2026-06-16,295.9,True
32874,202870171,ABT,2026-06-23,270.39,True
32874,202870171,ABT,2026-06-30,265.98,True
32874,202870171,ABT,2026-07-07,265.51,True
32874,202870171,ABT,2026-07-14,278.2,True
32874,202870171,ABT,2026-07-21,284.08,True
32874,202870171,ABT,2026-07-28,285.33,True
32874,202870171,ABT,2026-08-04,243.43,True
32874,202870171,ABT,2026-08-11,240.64,True
32874,202870171,BUY,2026-06-02,335.81,True
32874,202870171,BUY,2026-06-09,343.21,True
32874,202870171,BUY,2026-06-16,339.32,True
32874,202870171,BUY,2026-06-23,337.36,True
32874,202870171,BUY,2026-06-30,340.74,True
32874,202870171,BUY,2026-07-07,348.31,True
32874,202870171,BUY,2026-07-14,341.1,True
32874,202870171,BUY,2026-07-21,346.52,True
32874,202870171,BUY,2026-07-28,356.67,True
32874,202870171,BUY,2026-08-04,350.78,True
32874,202870171,BUY,2026-08-11,352.19,True
31397,202870172,ABT,2026-06-09,8.3,True
31397,202870172,ABT,2026-06-16,8.35,True
31397,202870172,ABT,2026-06-23,8.06,True
31397,202870172,ABT,2026-06-30,7.89,True
31397,202870172,ABT,2026-07-07,7.99,True
31397,202870172,ABT,2026-07-14,8.02,True
31397,202870172,ABT,2026-07-21,8.07,True
31397,202870172,ABT,2026-07-28,8.07,True
31397,202870172,ABT,2026-08-04,7.94,True
31397,202870172,ABT,2026-08-11,8.68,True
31397,202870172,BUY,2026-06-09,8.23,True
31397,202870172,BUY,2026-06-16,8.37,True
31397,202870172,BUY,2026-06-23,8.18,True
31397,202870172,BUY,2026-06-30,8.74,True
31397,202870172,BUY,2026-07-07,8.85,True
31397,202870172,BUY,2026-07-14,8.63,True
31397,202870172,BUY,2026-07-21,7.55,True
31397,202870172,BUY,2026-07-28,7.54,True
31397,202870172,BUY,2026-08-04,7.49,True
31397,202870172,BUY,2026-08-11,7.42,True
32875,202870173,ABT,2026-06-02,12.59,True
32875,202870173,ABT,2026-06-09,12.36,True
32875,202870173,ABT,2026-06-16,12.45,True
32875,202870173,ABT,2026-06-23,12.41,True
32875,202870173,ABT,2026-06-30,12.29,True
32875,202870173,ABT,2026-07-07,10.79,True
32875,202870173,ABT,2026-07-14,9.39,True
32875,202870173,ABT,2026-07-21,8.07,True
32875,202870173,ABT,2026-07-28,6.39,True
32875,202870173,ABT,2026-08-04,5.43,True
32875,202870173,ABT,2026-08-11,5.88,True
32875,202870173,BUY,2026-06-02,12.74,True
32875,202870173,BUY,2026-06-09,12.78,True
32875,202870173,BUY,2026-06-16,12.99,True
32875,202870173,BUY,2026-06-23,13.27,True
32875,202870173,BUY,2026-06-30,13.14,True
32875,202870173,BUY,2026-07-07,13.13,True
32875,202870173,BUY,2026-07-14,13.21,True
32875,202870173,BUY,2026-07-21,13.33,True
32875,202870173,BUY,2026-07-28,13.37,True
32875,202870173,BUY,2026-08-04,13.68,True
32875,202870173,BUY,2026-08-11,13.63,True
26891,202870174,ABT,2026-06-16,38.5,True
26891,202870174,ABT,2026-06-23,38.88,True
26891,202870174,ABT,2026-06-30,39.49,True
26891,202870174,ABT,2026-07-07,40.3,True
26891,202870174,ABT,2026-07-14,38.2,True
26891,202870174,ABT,2026-07-21,37.51,True
26891,202870174,ABT,2026-07-28,37.77,True
26891,202870174,ABT,2026-08-04,37.66,True
26891,202870174,ABT,2026-08-11,37.11,True
26891,202870174,BUY,2026-06-16,39.43,True
26891,202870174,BUY,2026-06-23,38.31,True
26891,202870174,BUY,2026-06-30,38.51,True
26891,202870174,BUY,2026-07-07,38.52,True
26891,202870174,BUY,2026-07-14,38.25,True
26891,202870174,BUY,2026-07-21,38.26,True
26891,202870174,BUY,2026-07-28,38.57,True
26891,202870174,BUY,2026-08-04,39.14,True
26891,202870174,BUY,2026-08-11,39.19,True
25857,202870177,ABT,2026-06-09,47.46,True
25857,202870177,ABT,2026-06-16,47.7,True
25857,202870177,ABT,2026-06-23,47.83,True
25857,202870177,ABT,2026-06-30,46.95,True
25857,202870177,ABT,2026-07-07,46.87,True
25857,202870177,ABT,2026-07-14,46.88,True
25857,202870177,ABT,2026-07-21,46.58,True
25857,202870177,ABT,2026-07-28,45.9,True
25857,202870177,ABT,2026-08-04,46.11,True
25857,202870177,ABT,2026-08-11,46.28,True
25857,202870177,BUY,2026-06-09,47.87,True
25857,202870177,BUY,2026-06-16,47.3,True
25857,202870177,BUY,2026-06-23,46.04,True
25857,202870177,BUY,2026-06-30,45.54,True
25857,202870177,BUY,2026-07-07,45.45,True
25857,202870177,BUY,2026-07-14,45.81,True
25857,202870177,BUY,2026-07-21,45.28,True
25857,202870177,BUY,2026-07-28,44.51,True
25857,202870177,BUY,2026-08-04,44.53,True
25857,202870177,BUY,2026-08-11,44.62,True
25858,202870184,ABT,2026-06-23,12.79,True
25858,202870184,ABT,2026-06-30,12.79,True
25858,202870184,ABT,2026-07-07,12.83,True
25858,202870184,ABT,2026-07-14,12.38,True
25858,202870184,ABT,2026-07-21,12.49,True
25858,202870184,ABT,2026-07-28,12.26,True
25858,202870184,ABT,2026-08-04,13.52,True
25858,202870184,ABT,2026-08-11,13.38,True
25858,202870184,BUY,2026-06-23,12.68,True
25858,202870184,BUY,2026-06-30,12.36,True
25858,202870184,BUY,2026-07-07,11.55,True
25858,202870184,BUY,2026-07-14,11.82,True
25858,202870184,BUY,2026-07-21,11.83,True
25858,202870184,BUY,2026-07-28,12.11,True
25858,202870184,BUY,2026-08-04,12.01,True
25858,202870184,BUY,2026-08-11,11.97,True
14563,202870448,ABT,2026-06-02,430.85,True
14563,202870448,ABT,2026-06-09,373.18,True
14563,202870448,ABT,2026-06-16,317.1,True
14563,202870448,ABT,2026-06-23,318.03,True
14563,202870448,ABT,2026-06-30,313.82,True
14563,202870448,ABT,2026-07-07,287.33,True
14563,202870448,ABT,2026-07-14,292.6,True
14563,202870448,ABT,2026-07-21,273.63,True
14563,202870448,ABT,2026-07-28,276.99,True
14563,202870448,ABT,2026-08-04,272.2,True
14563,202870448,ABT,2026-08-11,278.98,True
14563,202870448,BUY,2026-06-02,379.32,True
14563,202870448,BUY,2026-06-09,389.42,True
14563,202870448,BUY,2026-06-16,381.9,True
14563,202870448,BUY,2026-06-23,378.7,True
14563,202870448,BUY,2026-06-30,370.54,True
14563,202870448,BUY,2026-07-07,374.14,True
14563,202870448,BUY,2026-07-14,376.39,True
14563,202870448,BUY,2026-07-21,377.48,True
14563,202870448,BUY,2026-07-28,374.05,True
14563,202870448,BUY,2026-08-04,368.2,True
14563,202870448,BUY,2026-08-11,346.18,True
29820,202882380,ABT,2026-06-16,54.66,True
29820,202882380,ABT,2026-06-23,54.13,True
29820,202882380,ABT,2026-06-30,54.67,True
29820,202882380,ABT,2026-07-07,54.62,True
29820,202882380,ABT,2026-07-14,54.48,True
29820,202882380,ABT,2026-07-21,54.71,True
29820,202882380,ABT,2026-07-28,53.99,True
29820,202882380,ABT,2026-08-04,50.27,True
29820,202882380,ABT,2026-08-11,50.08,True
29820,202882380,BUY,2026-06-16,55.66,True
29820,202882380,BUY,2026-06-23,55.65,True
29820,202882380,BUY,2026-06-30,55.95,True
29820,202882380,BUY,2026-07-07,56.49,True
29820,202882380,BUY,2026-07-14,56.07,True
29820,202882380,BUY,2026-07-21,58.3,True
29820,202882380,BUY,2026-07-28,57.55,True
29820,202882380,BUY,2026-08-04,56.96,True
29820,202882380,BUY,2026-08-11,57.56,True
36305,202899626,ABT,2026-06-23,41.92,True
36305,202899626,ABT,2026-06-30,41.44,True
36305,202899626,ABT,2026-07-07,37.27,True
36305,202899626,ABT,2026-07-14,33.54,True
36305,202899626,ABT,2026-07-21,29.08,True
36305,202899626,ABT,2026-07-28,29.33,True
36305,202899626,ABT,2026-08-04,29.23,True
36305,202899626,ABT,2026-08-11,29.24,True
36305,202899626,BUY,2026-06-23,49.17,True
36305,202899626,BUY,2026-06-30,50.01,True
36305,202899626,BUY,2026-07-07,47.71,True
36305,202899626,BUY,2026-07-14,46.08,True
36305,202899626,BUY,2026-07-21,44.83,True
36305,202899626,BUY,2026-07-28,44.78,True
36305,202899626,BUY,2026-08-04,44.58,True
36305,202899626,BUY,2026-08-11,43.97,True
24368,202899996,ABT,2026-05-26,14.74,True
24368,202899996,ABT,2026-06-02,14.66,True
24368,202899996,ABT,2026-06-09,14.58,True
24368,202899996,ABT,2026-06-16,14.66,True
24368,202899996,ABT,2026-06-23,14.56,True
24368,202899996,ABT,2026-06-30,14.61,True
24368,202899996,ABT,2026-07-07,14.49,True
24368,202899996,ABT,2026-07-14,14.39,True
24368,202899996,ABT,2026-07-21,14.38,True
24368,202899996,ABT,2026-07-28,14.3,True
24368,202899996,ABT,2026-08-04,14.04,True
24368,202899996,ABT,2026-08-11,14.49,True
24368,202899996,BUY,2026-05-26,17.03,True
24368,202899996,BUY,2026-06-02,16.68,True
24368,202899996,BUY,2026-06-09,16.43,True
24368,202899996,BUY,2026-06-16,16.11,True
24368,202899996,BUY,2026-06-23,15.96,True
24368,202899996,BUY,2026-06-30,16.0,True
24368,202899996,BUY,2026-07-07,16.33,True
24368,202899996,BUY,2026-07-14,16.42,True
24368,202899996,BUY,2026-07-21,15.88,True
24368,202899996,BUY,2026-07-28,17.24,True
24368,202899996,BUY,2026-08-04,17.25,True
24368,202899996,BUY,2026-08-11,17.02,True
23635,202900002,ABT,2026-06-02,99.84,True
23635,202900002,ABT,2026-06-09,100.5,True
23635,202900002,ABT,2026-06-16,110.88,True
23635,202900002,ABT,2026-06-23,103.19,True
23635,202900002,ABT,2026-06-30,104.41,True
23635,202900002,ABT,2026-07-07,101.56,True
23635,202900002,ABT,2026-07-14,101.76,True
23635,202900002,ABT,2026-07-21,93.7,True
23635,202900002,ABT,2026-07-28,88.35,True
23635,202900002,ABT,2026-08-04,89.21,True
23635,202900002,ABT,2026-08-11,94.6,True
23635,202900002,BUY,2026-06-02,97.28,True
23635,202900002,BUY,2026-06-09,96.3,True
23635,202900002,BUY,2026-06-16,95.08,True
23635,202900002,BUY,2026-06-23,94.43,True
23635,202900002,BUY,2026-06-30,96.06,True
23635,202900002,BUY,2026-07-07,96.22,True
23635,202900002,BUY,2026-07-14,83.49,True
23635,202900002,BUY,2026-07-21,84.21,True
23635,202900002,BUY,2026-07-28,84.45,True
23635,202900002,BUY,2026-08-04,85.56,True
23635,202900002,BUY,2026-08-11,85.51,True
24825,202900025,ABT,2026-05-26,116.88,True
24825,202900025,ABT,2026-06-02,118.29,True
24825,202900025,ABT,2026-06-09,116.31,True
24825,202900025,ABT,2026-06-16,113.97,True
24825,202900025,ABT,2026-06-23,114.79,True
24825,202900025,ABT,2026-06-30,114.44,True
24825,202900025,ABT,2026-07-07,115.54,True
24825,202900025,ABT,2026-07-14,119.08,True
24825,202900025,ABT,2026-07-21,119.04,True
24825,202900025,ABT,2026-07-28,102.17,True
24825,202900025,ABT,2026-08-04,102.01,True
24825,202900025,ABT,2026-08-11,101.41,True
24825,202900025,BUY,2026-05-26,120.15,True
24825,202900025,BUY,2026-06-02,119.49,True
24825,202900025,BUY,2026-06-09,121.2,True
24825,202900025,BUY,2026-06-16,121.7,True
24825,202900025,BUY,2026-06-23,129.88,True
24825,202900025,BUY,2026-06-30,127.16,True
24825,202900025,BUY,2026-07-07,128.77,True
24825,202900025,BUY,2026-07-14,128.8,True
24825,202900025,BUY,2026-07-21,128.7,True
24825,202900025,BUY,2026-07-28,124.93,True
24825,202900025,BUY,2026-08-04,123.42,True
24825,202900025,BUY,2026-08-11,123.05,True
16112,202900041,ABT,2026-06-23,188.31,True
16112,202900041,ABT,2026-06-30,193.91,True
16112,202900041,ABT,2026-07-07,191.39,True
16112,202900041,ABT,2026-07-14,194.33,True
16112,202900041,ABT,2026-07-21,196.87,True
16112,202900041,ABT,2026-07-28,202.54,True
16112,202900041,ABT,2026-08-04,203.42,True
16112,202900041,ABT,2026-08-11,201.72,True
16112,202900041,BUY,2026-06-23,172.74,True
16112,202900041,BUY,2026-06-30,166.59,True
16112,202900041,BUY,2026-07-07,168.41,True
16112,202900041,BUY,2026-07-14,163.85,True
16112,202900041,BUY,2026-07-21,162.25,True
16112,202900041,BUY,2026-07-28,161.17,True
16112,202900041,BUY,2026-08-04,158.81,True
16112,202900041,BUY,2026-08-11,159.11,True
7783,202900227,ABT,2026-06-09,31.11,True
7783,202900227,ABT,2026-06-16,30.81,True
7783,202900227,ABT,2026-06-23,29.54,True
7783,202900227,ABT,2026-06-30,26.29,True
7783,202900227,ABT,2026-07-07,24.42,True
7783,202900227,ABT,2026-07-14,22.84,True
7783,202900227,ABT,2026-07-21,22.77,True
7783,202900227,ABT,2026-07-28,22.91,True
7783,202900227,ABT,2026-08-04,22.11,True
7783,202900227,ABT,2026-08-11,22.02,True
7783,202900227,BUY,2026-06-09,30.93,True
7783,202900227,BUY,2026-06-16,30.92,True
7783,202900227,BUY,2026-06-23,27.45,True
7783,202900227,BUY,2026-06-30,27.8,True
7783,202900227,BUY,2026-07-07,29.19,True
7783,202900227,BUY,2026-07-14,28.97,True
7783,202900227,BUY,2026-07-21,29.33,True
7783,202900227,BUY,2026-07-28,29.68,True
7783,202900227,BUY,2026-08-04,29.66,True
7783,202900227,BUY,2026-08-11,29.52,True
28180,202916534,ABT,2026-05-26,82.24,True
28180,202916534,ABT,2026-06-02,83.81,True
28180,202916534,ABT,2026-06-09,86.91,True
28180,202916534,ABT,2026-06-16,85.0,True
28180,202916534,ABT,2026-06-23,83.28,True
28180,202916534,ABT,2026-06-30,84.42,True
28180,202916534,ABT,2026-07-07,83.12,True
28180,202916534,ABT,2026-07-14,83.58,True
28180,202916534,ABT,2026-07-21,85.16,True
28180,202916534,ABT,2026-07-28,86.92,True
28180,202916534,ABT,2026-08-04,87.47,True
28180,202916534,ABT,2026-08-11,88.52,True
28180,202916534,BUY,2026-05-26,84.28,True
28180,202916534,BUY,2026-06-02,85.2,True
28180,202916534,BUY,2026-06-09,73.43,True
28180,202916534,BUY,2026-06-16,74.02,True
28180,202916534,BUY,2026-06-23,72.86,True
28180,202916534,BUY,2026-06-30,78.77,True
28180,202916534,BUY,2026-07-07,78.7,True
28180,202916534,BUY,2026-07-14,76.24,True
28180,202916534,BUY,2026-07-21,76.61,True
28180,202916534,BUY,2026-07-28,76.96,True
28180,202916534,BUY,2026-08-04,75.74,True
28180,202916534,BUY,2026-08-11,75.24,True
32017,202916547,ABT,2026-06-23,313.38,True
32017,202916547,ABT,2026-06-30,318.79,True
32017,202916547,ABT,2026-07-07,319.01,True
32017,202916547,ABT,2026-07-14,317.13,True
32017,202916547,ABT,2026-07-21,319.93,True
32017,202916547,ABT,2026-07-28,276.97,True
32017,202916547,ABT,2026-08-04,281.02,True
32017,202916547,ABT,2026-08-11,280.24,True
32017,202916547,BUY,2026-06-23,315.67,True
32017,202916547,BUY,2026-06-30,311.81,True
32017,202916547,BUY,2026-07-07,307.28,True
32017,202916547,BUY,2026-07-14,304.76,True
32017,202916547,BUY,2026-07-21,300.34,True
32017,202916547,BUY,2026-07-28,305.82,True
32017,202916547,BUY,2026-08-04,271.56,True
32017,202916547,BUY,2026-08-11,270.28,True
25814,202973396,ABT,2026-06-02,298.93,True
25814,202973396,ABT,2026-06-09,299.47,True
25814,202973396,ABT,2026-06-16,301.84,True
25814,202973396,ABT,2026-06-23,300.24,True
25814,202973396,ABT,2026-06-30,336.95,True
25814,202973396,ABT,2026-07-07,329.04,True
25814,202973396,ABT,2026-07-14,328.34,True
25814,202973396,ABT,2026-07-21,328.55,True
25814,202973396,ABT,2026-07-28,324.54,True
25814,202973396,ABT,2026-08-04,281.26,True
25814,202973396,ABT,2026-08-11,282.65,True
25814,202973396,BUY,2026-06-02,259.96,True
25814,202973396,BUY,2026-06-09,254.4,True
25814,202973396,BUY,2026-06-16,253.11,True
25814,202973396,BUY,2026-06-23,241.03,True
25814,202973396,BUY,2026-06-30,240.42,True
25814,202973396,BUY,2026-07-07,239.76,True
25814,202973396,BUY,2026-07-14,238.61,True
25814,202973396,BUY,2026-07-21,214.1,True
25814,202973396,BUY,2026-07-28,220.95,True
25814,202973396,BUY,2026-08-04,225.77,True
25814,202973396,BUY,2026-08-11,225.13,True
38619,202985806,ABT,2026-06-23,70.28,True
38619,202985806,ABT,2026-06-30,69.85,True
38619,202985806,ABT,2026-07-07,70.04,True
38619,202985806,ABT,2026-07-14,70.37,True
38619,202985806,ABT,2026-07-21,69.3,True
38619,202985806,ABT,2026-07-28,65.79,True
38619,202985806,ABT,2026-08-04,66.18,True
38619,202985806,ABT,2026-08-11,66.15,True
38619,202985806,BUY,2026-06-23,70.07,True
38619,202985806,BUY,2026-06-30,60.62,True
38619,202985806,BUY,2026-07-07,53.59,True
38619,202985806,BUY,2026-07-14,59.83,True
38619,202985806,BUY,2026-07-21,59.78,True
38619,202985806,BUY,2026-07-28,58.0,True
38619,202985806,BUY,2026-08-04,57.66,True
38619,202985806,BUY,2026-08-11,57.51,True
37496,202985950,ABT,2026-06-16,135.77,True
37496,202985950,ABT,2026-06-23,135.02,True
37496,202985950,ABT,2026-06-30,136.7,True
37496,202985950,ABT,2026-07-07,137.8,True
37496,202985950,ABT,2026-07-14,132.33,True
37496,202985950,ABT,2026-07-21,133.11,True
37496,202985950,ABT,2026-07-28,131.88,True
37496,202985950,ABT,2026-08-04,129.98,True
37496,202985950,ABT,2026-08-11,129.8,True
37496,202985950,BUY,2026-06-16,139.48,True
37496,202985950,BUY,2026-06-23,137.29,True
37496,202985950,BUY,2026-06-30,138.24,True
37496,202985950,BUY,2026-07-07,138.71,True
37496,202985950,BUY,2026-07-14,142.77,True
37496,202985950,BUY,2026-07-21,156.88,True
37496,202985950,BUY,2026-07-28,160.23,True
37496,202985950,BUY,2026-08-04,162.9,True
37496,202985950,BUY,2026-08-11,164.27,True
32384,202989028,ABT,2026-05-26,48.44,True
32384,202989028,ABT,2026-06-02,47.98,True
32384,202989028,ABT,2026-06-09,48.02,True
32384,202989028,ABT,2026-06-16,48.68,True
32384,202989028,ABT,2026-06-23,48.64,True
32384,202989028,ABT,2026-06-30,47.72,True
32384,202989028,ABT,2026-07-07,47.86,True
32384,202989028,ABT,2026-07-14,47.5,True
32384,202989028,ABT,2026-07-21,41.75,True
32384,202989028,ABT,2026-07-28,41.8,True
32384,202989028,ABT,2026-08-04,42.0,True
32384,202989028,ABT,2026-08-11,40.82,True
32384,202989028,BUY,2026-05-26,49.44,True
32384,202989028,BUY,2026-06-02,42.46,True
32384,202989028,BUY,2026-06-09,37.32,True
32384,202989028,BUY,2026-06-16,34.13,True
32384,202989028,BUY,2026-06-23,34.1,True
32384,202989028,BUY,2026-06-30,33.83,True
32384,202989028,BUY,2026-07-07,34.57,True
32384,202989028,BUY,2026-07-14,34.24,True
32384,202989028,BUY,2026-07-21,31.89,True
32384,202989028,BUY,2026-07-28,26.67,True
32384,202989028,BUY,2026-08-04,26.52,True
32384,202989028,BUY,2026-08-11,26.77,True
6493,203017999,ABT,2026-06-16,378.65,True
6493,203017999,ABT,2026-06-23,371.03,True
6493,203017999,ABT,2026-06-30,361.61,True
6493,203017999,ABT,2026-07-07,361.34,True
6493,203017999,ABT,2026-07-14,354.82,True
6493,203017999,ABT,2026-07-21,387.45,True
6493,203017999,ABT,2026-07-28,386.83,True
6493,203017999,ABT,2026-08-04,351.6,True
6493,203017999,ABT,2026-08-11,352.34,True
6493,203017999,BUY,2026-06-16,376.56,True
6493,203017999,BUY,2026-06-23,343.03,True
6493,203017999,BUY,2026-06-30,303.69,True
6493,203017999,BUY,2026-07-07,274.07,True
6493,203017999,BUY,2026-07-14,294.55,True
6493,203017999,BUY,2026-07-21,300.61,True
6493,203017999,BUY,2026-07-28,298.79,True
6493,203017999,BUY,2026-08-04,300.45,True
6493,203017999,BUY,2026-08-11,301.63,True
14715,203021705,ABT,2026-06-09,150.62,True
14715,203021705,ABT,2026-06-16,135.61,True
14715,203021705,ABT,2026-06-23,136.96,True
14715,203021705,ABT,2026-06-30,133.97,True
14715,203021705,ABT,2026-07-07,135.12,True
14715,203021705,ABT,2026-07-14,155.8,True
14715,203021705,ABT,2026-07-21,142.48,True
14715,203021705,ABT,2026-07-28,145.67,True
14715,203021705,ABT,2026-08-04,143.64,True
14715,203021705,ABT,2026-08-11,143.58,True
14715,203021705,BUY,2026-06-09,150.74,True
14715,203021705,BUY,2026-06-16,152.28,True
14715,203021705,BUY,2026-06-23,154.84,True
14715,203021705,BUY,2026-06-30,155.63,True
14715,203021705,BUY,2026-07-07,161.61,True
14715,203021705,BUY,2026-07-14,150.83,True
14715,203021705,BUY,2026-07-21,150.54,True
14715,203021705,BUY,2026-07-28,144.42,True
14715,203021705,BUY,2026-08-04,146.85,True
14715,203021705,BUY,2026-08-11,146.27,True
20534,203022202,ABT,2026-06-23,34.1,True
20534,203022202,ABT,2026-06-30,34.61,True
20534,203022202,ABT,2026-07-07,31.55,True
20534,203022202,ABT,2026-07-14,30.87,True
20534,203022202,ABT,2026-07-21,30.25,True
20534,203022202,ABT,2026-07-28,30.43,True
20534,203022202,ABT,2026-08-04,31.15,True
20534,203022202,ABT,2026-08-11,30.76,True
20534,203022202,BUY,2026-06-23,35.09,True
20534,203022202,BUY,2026-06-30,35.46,True
20534,203022202,BUY,2026-07-07,34.91,True
20534,203022202,BUY,2026-07-14,34.96,True
20534,203022202,BUY,2026-07-21,35.08,True
20534,203022202,BUY,2026-07-28,35.07,True
20534,203022202,BUY,2026-08-04,34.59,True
20534,203022202,BUY,2026-08-11,33.73,True
16309,203022472,ABT,2026-06-09,145.79,True
16309,203022472,ABT,2026-06-16,146.53,True
16309,203022472,ABT,2026-06-23,145.04,True
16309,203022472,ABT,2026-06-30,144.56,True
16309,203022472,ABT,2026-07-07,145.02,True
16309,203022472,ABT,2026-07-14,142.59,True
16309,203022472,ABT,2026-07-21,142.35,True
16309,203022472,ABT,2026-07-28,139.96,True
16309,203022472,ABT,2026-08-04,140.91,True
16309,203022472,ABT,2026-08-11,143.27,True
16309,203022472,BUY,2026-06-09,146.45,True
16309,203022472,BUY,2026-06-16,143.23,True
16309,203022472,BUY,2026-06-23,148.08,True
16309,203022472,BUY,2026-06-30,137.53,True
16309,203022472,BUY,2026-07-07,141.09,True
16309,203022472,BUY,2026-07-14,143.13,True
16309,203022472,BUY,2026-07-21,144.41,True
16309,203022472,BUY,2026-07-28,144.27,True
16309,203022472,BUY,2026-08-04,142.94,True
16309,203022472,BUY,2026-08-11,144.47,True
5644,203023505,ABT,2026-05-26,113.29,True
5644,203023505,ABT,2026-06-02,112.27,True
5644,203023505,ABT,2026-06-09,109.43,True
5644,203023505,ABT,2026-06-16,108.92,True
5644,203023505,ABT,2026-06-23,108.51,True
5644,203023505,ABT,2026-06-30,105.44,True
5644,203023505,ABT,2026-07-07,109.97,True
5644,203023505,ABT,2026-07-14,109.17,True
5644,203023505,ABT,2026-07-21,110.26,True
5644,203023505,ABT,2026-07-28,109.46,True
5644,203023505,ABT,2026-08-04,108.25,True
5644,203023505,ABT,2026-08-11,107.02,True
5644,203023505,BUY,2026-05-26,112.31,True
5644,203023505,BUY,2026-06-02,112.51,True
5644,203023505,BUY,2026-06-09,113.6,True
5644,203023505,BUY,2026-06-16,117.56,True
5644,203023505,BUY,2026-06-23,118.48,True
5644,203023505,BUY,2026-06-30,108.23,True
5644,203023505,BUY,2026-07-07,120.35,True
5644,203023505,BUY,2026-07-14,117.0,True
5644,203023505,BUY,2026-07-21,118.87,True
5644,203023505,BUY,2026-07-28,118.98,True
5644,203023505,BUY,2026-08-04,121.17,True
5644,203023505,BUY,2026-08-11,124.23,True
10640,203024425,ABT,2026-06-16,149.79,True
10640,203024425,ABT,2026-06-23,149.2,True
10640,203024425,ABT,2026-06-30,135.03,True
10640,203024425,ABT,2026-07-07,135.08,True
10640,203024425,ABT,2026-07-14,135.37,True
10640,203024425,ABT,2026-07-21,135.97,True
10640,203024425,ABT,2026-07-28,136.25,True
10640,203024425,ABT,2026-08-04,135.14,True
10640,203024425,ABT,2026-08-11,136.37,True
10640,203024425,BUY,2026-06-16,149.01,True
10640,203024425,BUY,2026-06-23,153.92,True
10640,203024425,BUY,2026-06-30,130.95,True
10640,203024425,BUY,2026-07-07,130.38,True
10640,203024425,BUY,2026-07-14,137.78,True
10640,203024425,BUY,2026-07-21,138.3,True
10640,203024425,BUY,2026-07-28,138.63,True
10640,203024425,BUY,2026-08-04,135.85,True
10640,203024425,BUY,2026-08-11,137.51,True
9071,203024998,ABT,2026-06-02,216.2,True
9071,203024998,ABT,2026-06-09,217.54,True
9071,203024998,ABT,2026-06-16,217.84,True
9071,203024998,ABT,2026-06-23,192.85,True
9071,203024998,ABT,2026-06-30,188.54,True
9071,203024998,ABT,2026-07-07,187.91,True
9071,203024998,ABT,2026-07-14,185.42,True
9071,203024998,ABT,2026-07-21,181.29,True
9071,203024998,ABT,2026-07-28,180.75,True
9071,203024998,ABT,2026-08-04,177.8,True
9071,203024998,ABT,2026-08-11,179.54,True
9071,203024998,BUY,2026-06-02,218.25,True
9071,203024998,BUY,2026-06-09,220.33,True
9071,203024998,BUY,2026-06-16,221.63,True
9071,203024998,BUY,2026-06-23,223.77,True
9071,203024998,BUY,2026-06-30,201.85,True
9071,203024998,BUY,2026-07-07,199.92,True
9071,203024998,BUY,2026-07-14,201.27,True
9071,203024998,BUY,2026-07-21,201.94,True
9071,203024998,BUY,2026-07-28,218.02,True
9071,203024998,BUY,2026-08-04,220.92,True
9071,203024998,BUY,2026-08-11,216.13,True
13996,203025174,ABT,2026-06-23,299.22,True
13996,203025174,ABT,2026-06-30,284.67,True
13996,203025174,ABT,2026-07-07,282.3,True
13996,203025174,ABT,2026-07-14,287.8,True
13996,203025174,ABT,2026-07-21,289.04,True
13996,203025174,ABT,2026-07-28,289.98,True
13996,203025174,ABT,2026-08-04,290.6,True
13996,203025174,ABT,2026-08-11,288.27,True
13996,203025174,BUY,2026-06-23,285.4,True
13996,203025174,BUY,2026-06-30,287.05,True
13996,203025174,BUY,2026-07-07,284.37,True
13996,203025174,BUY,2026-07-14,283.78,True
13996,203025174,BUY,2026-07-21,282.68,True
13996,203025174,BUY,2026-07-28,262.29,True
13996,203025174,BUY,2026-08-04,259.31,True
13996,203025174,BUY,2026-08-11,255.3,True
14061,203025423,ABT,2026-05-26,128.05,True
14061,203025423,ABT,2026-06-02,129.43,True
14061,203025423,ABT,2026-06-09,112.61,True
14061,203025423,ABT,2026-06-16,110.86,True
14061,203025423,ABT,2026-06-23,95.47,True
14061,203025423,ABT,2026-06-30,83.63,True
14061,203025423,ABT,2026-07-07,61.81,True
14061,203025423,ABT,2026-07-14,58.44,True
14061,203025423,ABT,2026-07-21,58.88,True
14061,203025423,ABT,2026-07-28,58.56,True
14061,203025423,ABT,2026-08-04,58.7,True
14061,203025423,ABT,2026-08-11,57.91,True
14061,203025423,BUY,2026-05-26,127.32,True
14061,203025423,BUY,2026-06-02,128.23,True
14061,203025423,BUY,2026-06-09,126.99,True
14061,203025423,BUY,2026-06-16,127.88,True
14061,203025423,BUY,2026-06-23,114.86,True
14061,203025423,BUY,2026-06-30,106.17,True
14061,203025423,BUY,2026-07-07,104.96,True
14061,203025423,BUY,2026-07-14,104.1,True
14061,203025423,BUY,2026-07-21,106.7,True
14061,203025423,BUY,2026-07-28,107.72,True
14061,203025423,BUY,2026-08-04,105.78,True
14061,203025423,BUY,2026-08-11,106.49,True
19604,203025446,ABT,2026-05-26,47.51,True
19604,203025446,ABT,2026-06-02,47.69,True
19604,203025446,ABT,2026-06-09,47.92,True
19604,203025446,ABT,2026-06-16,47.46,True
19604,203025446,ABT,2026-06-23,47.64,True
19604,203025446,ABT,2026-06-30,44.57,True
19604,203025446,ABT,2026-07-07,45.08,True
19604,203025446,ABT,2026-07-14,45.35,True
19604,203025446,ABT,2026-07-21,45.97,True
19604,203025446,ABT,2026-07-28,46.4,True
19604,203025446,ABT,2026-08-04,47.42,True
19604,203025446,ABT,2026-08-11,54.68,True
19604,203025446,BUY,2026-05-26,47.61,True
19604,203025446,BUY,2026-06-02,47.39,True
19604,203025446,BUY,2026-06-09,47.11,True
19604,203025446,BUY,2026-06-16,46.13,True
19604,203025446,BUY,2026-06-23,46.2,True
19604,203025446,BUY,2026-06-30,46.14,True
19604,203025446,BUY,2026-07-07,51.43,True
19604,203025446,BUY,2026-07-14,48.39,True
19604,203025446,BUY,2026-07-21,49.39,True
19604,203025446,BUY,2026-07-28,50.81,True
19604,203025446,BUY,2026-08-04,51.23,True
19604,203025446,BUY,2026-08-11,50.3,True
13213,203025617,ABT,2026-06-23,218.44,True
13213,203025617,ABT,2026-06-30,218.27,True
13213,203025617,ABT,2026-07-07,214.07,True
13213,203025617,ABT,2026-07-14,213.8,True
13213,203025617,ABT,2026-07-21,213.21,True
13213,203025617,ABT,2026-07-28,215.19,True
13213,203025617,ABT,2026-08-04,217.45,True
13213,203025617,ABT,2026-08-11,208.24,True
13213,203025617,BUY,2026-06-23,220.87,True
13213,203025617,BUY,2026-06-30,204.11,True
13213,203025617,BUY,2026-07-07,183.78,True
13213,203025617,BUY,2026-07-14,180.45,True
13213,203025617,BUY,2026-07-21,181.4,True
13213,203025617,BUY,2026-07-28,180.91,True
13213,203025617,BUY,2026-08-04,177.98,True
13213,203025617,BUY,2026-08-11,178.92,True
23537,203069939,ABT,2026-06-02,79.33,True
23537,203069939,ABT,2026-06-09,81.23,True
23537,203069939,ABT,2026-06-16,79.91,True
23537,203069939,ABT,2026-06-23,80.35,True
23537,203069939,ABT,2026-06-30,69.38,True
23537,203069939,ABT,2026-07-07,67.94,True
23537,203069939,ABT,2026-07-14,68.07,True
23537,203069939,ABT,2026-07-21,68.92,True
23537,203069939,ABT,2026-07-28,70.85,True
23537,203069939,ABT,2026-08-04,69.9,True
23537,203069939,ABT,2026-08-11,68.54,True
23537,203069939,BUY,2026-06-02,80.63,True
23537,203069939,BUY,2026-06-09,79.75,True
23537,203069939,BUY,2026-06-16,78.19,True
23537,203069939,BUY,2026-06-23,78.2,True
23537,203069939,BUY,2026-06-30,86.64,True
23537,203069939,BUY,2026-07-07,86.99,True
23537,203069939,BUY,2026-07-14,88.29,True
23537,203069939,BUY,2026-07-21,88.47,True
23537,203069939,BUY,2026-07-28,86.81,True
23537,203069939,BUY,2026-08-04,85.31,True
23537,203069939,BUY,2026-08-11,77.14,True
21268,203086405,ABT,2026-06-02,56.59,True
21268,203086405,ABT,2026-06-09,56.37,True
21268,203086405,ABT,2026-06-16,47.95,True
21268,203086405,ABT,2026-06-23,47.04,True
21268,203086405,ABT,2026-06-30,47.98,True
21268,203086405,ABT,2026-07-07,46.87,True
21268,203086405,ABT,2026-07-14,40.56,True
21268,203086405,ABT,2026-07-21,40.91,True
21268,203086405,ABT,2026-07-28,40.79,True
21268,203086405,ABT,2026-08-04,34.84,True
21268,203086405,ABT,2026-08-11,34.85,True
21268,203086405,BUY,2026-06-02,56.02,True
21268,203086405,BUY,2026-06-09,56.0,True
21268,203086405,BUY,2026-06-16,57.78,True
21268,203086405,BUY,2026-06-23,57.98,True
21268,203086405,BUY,2026-06-30,57.32,True
21268,203086405,BUY,2026-07-07,56.47,True
21268,203086405,BUY,2026-07-14,55.49,True
21268,203086405,BUY,2026-07-21,55.09,True
21268,203086405,BUY,2026-07-28,55.48,True
21268,203086405,BUY,2026-08-04,56.14,True
21268,203086405,BUY,2026-08-11,54.11,True
31273,203086857,ABT,2026-05-26,13.1,True
31273,203086857,ABT,2026-06-02,13.11,True
31273,203086857,ABT,2026-06-09,13.25,True
31273,203086857,ABT,2026-06-16,13.27,True
31273,203086857,ABT,2026-06-23,14.4,True
31273,203086857,ABT,2026-06-30,14.2,True
31273,203086857,ABT,2026-07-07,14.69,True
31273,203086857,ABT,2026-07-14,14.57,True
31273,203086857,ABT,2026-07-21,15.09,True
31273,203086857,ABT,2026-07-28,15.16,True
31273,203086857,ABT,2026-08-04,15.49,True
31273,203086857,ABT,2026-08-11,13.04,True
31273,203086857,BUY,2026-05-26,14.69,True
31273,203086857,BUY,2026-06-02,14.37,True
31273,203086857,BUY,2026-06-09,14.78,True
31273,203086857,BUY,2026-06-16,15.07,True
31273,203086857,BUY,2026-06-23,15.34,True
31273,203086857,BUY,2026-06-30,16.37,True
31273,203086857,BUY,2026-07-07,14.91,True
31273,203086857,BUY,2026-07-14,14.57,True
31273,203086857,BUY,2026-07-21,14.75,True
31273,203086857,BUY,2026-07-28,15.13,True
31273,203086857,BUY,2026-08-04,14.91,True
31273,203086857,BUY,2026-08-11,15.43,True
28397,203087319,ABT,2026-06-23,23.42,True
28397,203087319,ABT,2026-06-30,23.99,True
28397,203087319,ABT,2026-07-07,23.67,True
28397,203087319,ABT,2026-07-14,23.73,True
28397,203087319,ABT,2026-07-21,24.33,True
28397,203087319,ABT,2026-07-28,24.38,True
28397,203087319,ABT,2026-08-04,21.56,True
28397,203087319,ABT,2026-08-11,21.55,True
28397,203087319,BUY,2026-06-23,24.01,True
28397,203087319,BUY,2026-06-30,23.68,True
28397,203087319,BUY,2026-07-07,23.7,True
28397,203087319,BUY,2026-07-14,24.38,True
28397,203087319,BUY,2026-07-21,24.63,True
28397,203087319,BUY,2026-07-28,24.98,True
28397,203087319,BUY,2026-08-04,24.34,True
28397,203087319,BUY,2026-08-11,24.62,True
25136,203087638,ABT,2026-06-23,358.26,True
25136,203087638,ABT,2026-06-30,357.85,True
25136,203087638,ABT,2026-07-07,359.91,True
25136,203087638,ABT,2026-07-14,355.63,True
25136,203087638,ABT,2026-07-21,359.27,True
25136,203087638,ABT,2026-07-28,359.29,True
25136,203087638,ABT,2026-08-04,350.52,True
25136,203087638,ABT,2026-08-11,348.16,True
25136,203087638,BUY,2026-06-23,353.27,True
25136,203087638,BUY,2026-06-30,354.72,True
25136,203087638,BUY,2026-07-07,356.79,True
25136,203087638,BUY,2026-07-14,355.76,True
25136,203087638,BUY,2026-07-21,361.6,True
25136,203087638,BUY,2026-07-28,358.62,True
25136,203087638,BUY,2026-08-04,359.37,True
25136,203087638,BUY,2026-08-11,350.63,True
24693,203087681,ABT,2026-05-26,330.52,True
24693,203087681,ABT,2026-06-02,297.05,True
24693,203087681,ABT,2026-06-09,257.73,True
24693,203087681,ABT,2026-06-16,262.09,True
24693,203087681,ABT,2026-06-23,260.41,True
24693,203087681,ABT,2026-06-30,255.66,True
24693,203087681,ABT,2026-07-07,256.59,True
24693,203087681,ABT,2026-07-14,254.53,True
24693,203087681,ABT,2026-07-21,253.39,True
24693,203087681,ABT,2026-07-28,240.39,True
24693,203087681,ABT,2026-08-04,238.62,True
24693,203087681,ABT,2026-08-11,233.58,True
24693,203087681,BUY,2026-05-26,332.78,True
24693,203087681,BUY,2026-06-02,330.3,True
24693,203087681,BUY,2026-06-09,334.63,True
24693,203087681,BUY,2026-06-16,330.34,True
24693,203087681,BUY,2026-06-23,328.67,True
24693,203087681,BUY,2026-06-30,329.31,True
24693,203087681,BUY,2026-07-07,334.68,True
24693,203087681,BUY,2026-07-14,342.69,True
24693,203087681,BUY,2026-07-21,344.68,True
24693,203087681,BUY,2026-07-28,345.74,True
24693,203087681,BUY,2026-08-04,352.13,True
24693,203087681,BUY,2026-08-11,352.38,True
21267,203087865,ABT,2026-06-23,27.42,True
21267,203087865,ABT,2026-06-30,27.96,True
21267,203087865,ABT,2026-07-07,29.65,True
21267,203087865,ABT,2026-07-14,27.86,True
21267,203087865,ABT,2026-07-21,27.36,True
21267,203087865,ABT,2026-07-28,27.67,True
21267,203087865,ABT,2026-08-04,27.45,True
21267,203087865,ABT,2026-08-11,27.44,True
21267,203087865,BUY,2026-06-23,26.78,True
21267,203087865,BUY,2026-06-30,26.45,True
21267,203087865,BUY,2026-07-07,26.52,True
21267,203087865,BUY,2026-07-14,26.8,True
21267,203087865,BUY,2026-07-21,27.36,True
21267,203087865,BUY,2026-07-28,27.89,True
21267,203087865,BUY,2026-08-04,27.98,True
21267,203087865,BUY,2026-08-11,26.77,True
19672,203088013,ABT,2026-06-02,248.21,True
19672,203088013,ABT,2026-06-09,251.82,True
19672,203088013,ABT,2026-06-16,253.01,True
19672,203088013,ABT,2026-06-23,253.2,True
19672,203088013,ABT,2026-06-30,258.09,True
19672,203088013,ABT,2026-07-07,262.68,True
19672,203088013,ABT,2026-07-14,262.15,True
19672,203088013,ABT,2026-07-21,261.09,True
19672,203088013,ABT,2026-07-28,255.59,True
19672,203088013,ABT,2026-08-04,259.61,True
19672,203088013,ABT,2026-08-11,262.41,True
19672,203088013,BUY,2026-06-02,252.25,True
19672,203088013,BUY,2026-06-09,249.93,True
19672,203088013,BUY,2026-06-16,247.89,True
19672,203088013,BUY,2026-06-23,246.88,True
19672,203088013,BUY,2026-06-30,247.23,True
19672,203088013,BUY,2026-07-07,246.69,True
19672,203088013,BUY,2026-07-14,242.5,True
19672,203088013,BUY,2026-07-21,242.08,True
19672,203088013,BUY,2026-07-28,245.41,True
19672,203088013,BUY,2026-08-04,227.56,True
19672,203088013,BUY,2026-08-11,230.41,True
9646,203111113,ABT,2026-06-16,70.92,True
9646,203111113,ABT,2026-06-23,65.73,True
9646,203111113,ABT,2026-06-30,57.25,True
9646,203111113,ABT,2026-07-07,56.58,True
9646,203111113,ABT,2026-07-14,57.34,True
9646,203111113,ABT,2026-07-21,56.26,True
9646,203111113,ABT,2026-07-28,56.18,True
9646,203111113,ABT,2026-08-04,49.84,True
9646,203111113,ABT,2026-08-11,48.83,True
9646,203111113,BUY,2026-06-16,69.55,True
9646,203111113,BUY,2026-06-23,69.14,True
9646,203111113,BUY,2026-06-30,70.14,True
9646,203111113,BUY,2026-07-07,70.68,True
9646,203111113,BUY,2026-07-14,61.5,True
9646,203111113,BUY,2026-07-21,69.74,True
9646,203111113,BUY,2026-07-28,69.98,True
9646,203111113,BUY,2026-08-04,70.7,True
9646,203111113,BUY,2026-08-11,69.54,True
16394,203111424,ABT,2026-06-09,307.92,True
16394,203111424,ABT,2026-06-16,309.76,True
16394,203111424,ABT,2026-06-23,310.98,True
16394,203111424,ABT,2026-06-30,296.68,True
16394,203111424,ABT,2026-07-07,293.02,True
16394,203111424,ABT,2026-07-14,300.51,True
16394,203111424,ABT,2026-07-21,301.5,True
16394,203111424,ABT,2026-07-28,318.56,True
16394,203111424,ABT,2026-08-04,322.9,True
16394,203111424,ABT,2026-08-11,315.6,True
16394,203111424,BUY,2026-06-09,313.38,True
16394,203111424,BUY,2026-06-16,322.19,True
16394,203111424,BUY,2026-06-23,321.83,True
16394,203111424,BUY,2026-06-30,320.79,True
16394,203111424,BUY,2026-07-07,311.81,True
16394,203111424,BUY,2026-07-14,312.24,True
16394,203111424,BUY,2026-07-21,320.42,True
16394,203111424,BUY,2026-07-28,322.02,True
16394,203111424,BUY,2026-08-04,325.22,True
16394,203111424,BUY,2026-08-11,332.61,True
6726,203111433,ABT,2026-06-23,869.96,True
6726,203111433,ABT,2026-06-30,871.88,True
6726,203111433,ABT,2026-07-07,873.71,True
6726,203111433,ABT,2026-07-14,850.75,True
6726,203111433,ABT,2026-07-21,856.1,True
6726,203111433,ABT,2026-07-28,854.41,True
6726,203111433,ABT,2026-08-04,857.94,True
6726,203111433,ABT,2026-08-11,869.22,True
6726,203111433,BUY,2026-06-23,857.91,True
6726,203111433,BUY,2026-06-30,838.69,True
6726,203111433,BUY,2026-07-07,834.22,True
6726,203111433,BUY,2026-07-14,743.1,True
6726,203111433,BUY,2026-07-21,721.52,True
6726,203111433,BUY,2026-07-28,624.91,True
6726,203111433,BUY,2026-08-04,573.06,True
6726,203111433,BUY,2026-08-11,581.95,True
28149,203131412,ABT,2026-05-26,635.1,True
28149,203131412,ABT,2026-06-02,660.13,True
28149,203131412,ABT,2026-06-09,645.22,True
28149,203131412,ABT,2026-06-16,651.65,True
28149,203131412,ABT,2026-06-23,652.19,True
28149,203131412,ABT,2026-06-30,665.51,True
28149,203131412,ABT,2026-07-07,661.51,True
28149,203131412,ABT,2026-07-14,652.55,True
28149,203131412,ABT,2026-07-21,647.75,True
28149,203131412,ABT,2026-07-28,651.94,True
28149,203131412,ABT,2026-08-04,658.98,True
28149,203131412,ABT,2026-08-11,655.34,True
28149,203131412,BUY,2026-05-26,537.69,True
28149,203131412,BUY,2026-06-02,544.16,True
28149,203131412,BUY,2026-06-09,541.03,True
28149,203131412,BUY,2026-06-16,526.47,True
28149,203131412,BUY,2026-06-23,498.31,True
28149,203131412,BUY,2026-06-30,502.45,True
28149,203131412,BUY,2026-07-07,504.24,True
28149,203131412,BUY,2026-07-14,497.98,True
28149,203131412,BUY,2026-07-21,498.15,True
28149,203131412,BUY,2026-07-28,495.02,True
28149,203131412,BUY,2026-08-04,556.02,True
28149,203131412,BUY,2026-08-11,547.35,True
28148,203131413,ABT,2026-06-09,12.93,True
28148,203131413,ABT,2026-06-16,13.24,True
28148,203131413,ABT,2026-06-23,13.09,True
28148,203131413,ABT,2026-06-30,13.13,True
28148,203131413,ABT,2026-07-07,13.21,True
28148,203131413,ABT,2026-07-14,13.72,True
28148,203131413,ABT,2026-07-21,13.63,True
28148,203131413,ABT,2026-07-28,13.84,True
28148,203131413,ABT,2026-08-04,13.84,True
28148,203131413,ABT,2026-08-11,13.77,True
28148,203131413,BUY,2026-06-09,13.16,True
28148,203131413,BUY,2026-06-16,13.16,True
28148,203131413,BUY,2026-06-23,13.28,True
28148,203131413,BUY,2026-06-30,13.04,True
28148,203131413,BUY,2026-07-07,12.86,True
28148,203131413,BUY,2026-07-14,12.77,True
28148,203131413,BUY,2026-07-21,12.57,True
28148,203131413,BUY,2026-07-28,12.57,True
28148,203131413,BUY,2026-08-04,12.88,True
28148,203131413,BUY,2026-08-11,12.77,True
28650,203131635,ABT,2026-05-26,36.07,True
28650,203131635,ABT,2026-06-02,36.14,True
28650,203131635,ABT,2026-06-09,35.51,True
28650,203131635,ABT,2026-06-16,35.01,True
28650,203131635,ABT,2026-06-23,39.69,True
28650,203131635,ABT,2026-06-30,39.71,True
28650,203131635,ABT,2026-07-07,39.75,True
28650,203131635,ABT,2026-07-14,40.53,True
28650,203131635,ABT,2026-07-21,39.49,True
28650,203131635,ABT,2026-07-28,38.94,True
28650,203131635,ABT,2026-08-04,38.89,True
28650,203131635,ABT,2026-08-11,39.41,True
28650,203131635,BUY,2026-05-26,38.7,True
28650,203131635,BUY,2026-06-02,37.62,True
28650,203131635,BUY,2026-06-09,36.59,True
28650,203131635,BUY,2026-06-16,36.48,True
28650,203131635,BUY,2026-06-23,36.79,True
28650,203131635,BUY,2026-06-30,36.84,True
28650,203131635,BUY,2026-07-07,35.9,True
28650,203131635,BUY,2026-07-14,35.33,True
28650,203131635,BUY,2026-07-21,34.57,True
28650,203131635,BUY,2026-07-28,34.14,True
28650,203131635,BUY,2026-08-04,29.91,True
28650,203131635,BUY,2026-08-11,30.18,True
27964,203136103,ABT,2026-06-02,13.85,True
27964,203136103,ABT,2026-06-09,13.82,True
27964,203136103,ABT,2026-06-16,14.03,True
27964,203136103,ABT,2026-06-23,12.42,True
27964,203136103,ABT,2026-06-30,12.41,True
27964,203136103,ABT,2026-07-07,12.68,True
27964,203136103,ABT,2026-07-14,12.66,True
27964,203136103,ABT,2026-07-21,12.54,True
27964,203136103,ABT,2026-07-28,12.67,True
27964,203136103,ABT,2026-08-04,12.69,True
27964,203136103,ABT,2026-08-11,12.27,True
27964,203136103,BUY,2026-06-02,14.59,True
27964,203136103,BUY,2026-06-09,14.77,True
27964,203136103,BUY,2026-06-16,14.43,True
27964,203136103,BUY,2026-06-23,14.56,True
27964,203136103,BUY,2026-06-30,13.98,True
27964,203136103,BUY,2026-07-07,12.39,True
27964,203136103,BUY,2026-07-14,11.06,True
27964,203136103,BUY,2026-07-21,9.73,True
27964,203136103,BUY,2026-07-28,8.74,True
27964,203136103,BUY,2026-08-04,8.84,True
27964,203136103,BUY,2026-08-11,8.78,True
28433,203142438,ABT,2026-06-09,29.83,True
28433,203142438,ABT,2026-06-16,29.74,True
28433,203142438,ABT,2026-06-23,29.66,True
28433,203142438,ABT,2026-06-30,29.47,True
28433,203142438,ABT,2026-07-07,29.22,True
28433,203142438,ABT,2026-07-14,28.93,True
28433,203142438,ABT,2026-07-21,29.82,True
28433,203142438,ABT,2026-07-28,29.85,True
28433,203142438,ABT,2026-08-04,29.81,True
28433,203142438,ABT,2026-08-11,29.46,True
28433,203142438,BUY,2026-06-09,29.04,True
28433,203142438,BUY,2026-06-16,26.85,True
28433,203142438,BUY,2026-06-23,26.5,True
28433,203142438,BUY,2026-06-30,26.75,True
28433,203142438,BUY,2026-07-07,26.6,True
28433,203142438,BUY,2026-07-14,26.71,True
28433,203142438,BUY,2026-07-21,27.52,True
28433,203142438,BUY,2026-07-28,28.0,True
28433,203142438,BUY,2026-08-04,28.0,True
28433,203142438,BUY,2026-08-11,27.45,True
18087,203150909,ABT,2026-06-09,529.88,True
18087,203150909,ABT,2026-06-16,526.52,True
18087,203150909,ABT,2026-06-23,531.56,True
18087,203150909,ABT,2026-06-30,526.06,True
18087,203150909,ABT,2026-07-07,522.0,True
18087,203150909,ABT,2026-07-14,515.04,True
18087,203150909,ABT,2026-07-21,513.31,True
18087,203150909,ABT,2026-07-28,518.83,True
18087,203150909,ABT,2026-08-04,505.19,True
18087,203150909,ABT,2026-08-11,512.21,True
18087,203150909,BUY,2026-06-09,474.49,True
18087,203150909,BUY,2026-06-16,462.94,True
18087,203150909,BUY,2026-06-23,470.29,True
18087,203150909,BUY,2026-06-30,470.86,True
18087,203150909,BUY,2026-07-07,476.85,True
18087,203150909,BUY,2026-07-14,471.88,True
18087,203150909,BUY,2026-07-21,470.1,True
18087,203150909,BUY,2026-07-28,466.04,True
18087,203150909,BUY,2026-08-04,520.54,True
18087,203150909,BUY,2026-08-11,522.41,True
9355,203151776,ABT,2026-06-16,151.06,True
9355,203151776,ABT,2026-06-23,152.74,True
9355,203151776,ABT,2026-06-30,154.0,True
9355,203151776,ABT,2026-07-07,153.66,True
9355,203151776,ABT,2026-07-14,155.62,True
9355,203151776,ABT,2026-07-21,157.43,True
9355,203151776,ABT,2026-07-28,156.3,True
9355,203151776,ABT,2026-08-04,157.87,True
9355,203151776,ABT,2026-08-11,158.95,True
9355,203151776,BUY,2026-06-16,152.18,True
9355,203151776,BUY,2026-06-23,154.32,True
9355,203151776,BUY,2026-06-30,153.69,True
9355,203151776,BUY,2026-07-07,152.47,True
9355,203151776,BUY,2026-07-14,149.85,True
9355,203151776,BUY,2026-07-21,151.82,True
9355,203151776,BUY,2026-07-28,148.33,True
9355,203151776,BUY,2026-08-04,142.62,True
9355,203151776,BUY,2026-08-11,139.29,True
18040,203151779,ABT,2026-06-23,18.06,True
18040,203151779,ABT,2026-06-30,18.12,True
18040,203151779,ABT,2026-07-07,18.38,True
18040,203151779,ABT,2026-07-14,18.9,True
18040,203151779,ABT,2026-07-21,18.63,True
18040,203151779,ABT,2026-07-28,18.5,True
18040,203151779,ABT,2026-08-04,18.84,True
18040,203151779,ABT,2026-08-11,19.0,True
18040,203151779,BUY,2026-06-23,18.28,True
18040,203151779,BUY,2026-06-30,18.51,True
18040,203151779,BUY,2026-07-07,18.93,True
18040,203151779,BUY,2026-07-14,18.9,True
18040,203151779,BUY,2026-07-21,17.66,True
18040,203151779,BUY,2026-07-28,17.79,True
18040,203151779,BUY,2026-08-04,17.67,True
18040,203151779,BUY,2026-08-11,17.35,True
17094,203151930,ABT,2026-06-02,22.04,True
17094,203151930,ABT,2026-06-09,21.97,True
17094,203151930,ABT,2026-06-16,22.06,True
17094,203151930,ABT,2026-06-23,21.54,True
17094,203151930,ABT,2026-06-30,20.3,True
17094,203151930,ABT,2026-07-07,19.8,True
17094,203151930,ABT,2026-07-14,19.0,True
17094,203151930,ABT,2026-07-21,18.24,True
17094,203151930,ABT,2026-07-28,17.19,True
17094,203151930,ABT,2026-08-04,17.16,True
17094,203151930,ABT,2026-08-11,16.91,True
17094,203151930,BUY,2026-06-02,21.83,True
17094,203151930,BUY,2026-06-09,21.46,True
17094,203151930,BUY,2026-06-16,21.69,True
17094,203151930,BUY,2026-06-23,21.72,True
17094,203151930,BUY,2026-06-30,22.0,True
17094,203151930,BUY,2026-07-07,22.15,True
17094,203151930,BUY,2026-07-14,21.8,True
17094,203151930,BUY,2026-07-21,22.33,True
17094,203151930,BUY,2026-07-28,22.31,True
17094,203151930,BUY,2026-08-04,19.16,True
17094,203151930,BUY,2026-08-11,17.82,True
33021,203154818,ABT,2026-05-26,303.65,True
33021,203154818,ABT,2026-06-02,296.02,True
33021,203154818,ABT,2026-06-09,316.55,True
33021,203154818,ABT,2026-06-16,306.18,True
33021,203154818,ABT,2026-06-23,276.54,True
33021,203154818,ABT,2026-06-30,275.3,True
33021,203154818,ABT,2026-07-07,260.43,True
33021,203154818,ABT,2026-07-14,265.72,True
33021,203154818,ABT,2026-07-21,263.97,True
33021,203154818,ABT,2026-07-28,261.48,True
33021,203154818,ABT,2026-08-04,257.03,True
33021,203154818,ABT,2026-08-11,259.98,True
33021,203154818,BUY,2026-05-26,301.23,True
33021,203154818,BUY,2026-06-02,301.95,True
33021,203154818,BUY,2026-06-09,308.94,True
33021,203154818,BUY,2026-06-16,299.77,True
33021,203154818,BUY,2026-06-23,263.53,True
33021,203154818,BUY,2026-06-30,257.71,True
33021,203154818,BUY,2026-07-07,249.62,True
33021,203154818,BUY,2026-07-14,248.84,True
33021,203154818,BUY,2026-07-21,248.22,True
33021,203154818,BUY,2026-07-28,248.56,True
33021,203154818,BUY,2026-08-04,245.35,True
33021,203154818,BUY,2026-08-11,248.04,True
18837,203155653,ABT,2026-05-26,130.62,True
18837,203155653,ABT,2026-06-02,130.39,True
18837,203155653,ABT,2026-06-09,130.48,True
18837,203155653,ABT,2026-06-16,128.35,True
18837,203155653,ABT,2026-06-23,129.12,True
18837,203155653,ABT,2026-06-30,128.65,True
18837,203155653,ABT,2026-07-07,127.13,True
18837,203155653,ABT,2026-07-14,125.32,True
18837,203155653,ABT,2026-07-21,126.48,True
18837,203155653,ABT,2026-07-28,124.39,True
18837,203155653,ABT,2026-08-04,124.24,True
18837,203155653,ABT,2026-08-11,124.58,True
18837,203155653,BUY,2026-05-26,129.88,True
18837,203155653,BUY,2026-06-02,128.2,True
18837,203155653,BUY,2026-06-09,128.31,True
18837,203155653,BUY,2026-06-16,130.54,True
18837,203155653,BUY,2026-06-23,126.6,True
18837,203155653,BUY,2026-06-30,126.68,True
18837,203155653,BUY,2026-07-07,125.17,True
18837,203155653,BUY,2026-07-14,125.68,True
18837,203155653,BUY,2026-07-21,128.98,True
18837,203155653,BUY,2026-07-28,130.49,True
18837,203155653,BUY,2026-08-04,131.19,True
18837,203155653,BUY,2026-08-11,128.49,True
14070,203162678,ABT,2026-06-09,98.98,True
14070,203162678,ABT,2026-06-16,91.27,True
14070,203162678,ABT,2026-06-23,91.21,True
14070,203162678,ABT,2026-06-30,89.08,True
14070,203162678,ABT,2026-07-07,90.73,True
14070,203162678,ABT,2026-07-14,92.22,True
14070,203162678,ABT,2026-07-21,90.41,True
14070,203162678,ABT,2026-07-28,99.98,True
14070,203162678,ABT,2026-08-04,101.48,True
14070,203162678,ABT,2026-08-11,99.89,True
14070,203162678,BUY,2026-06-09,99.18,True
14070,203162678,BUY,2026-06-16,101.69,True
14070,203162678,BUY,2026-06-23,101.81,True
14070,203162678,BUY,2026-06-30,101.07,True
14070,203162678,BUY,2026-07-07,115.6,True
14070,203162678,BUY,2026-07-14,117.7,True
14070,203162678,BUY,2026-07-21,118.11,True
14070,203162678,BUY,2026-07-28,111.98,True
14070,203162678,BUY,2026-08-04,110.83,True
14070,203162678,BUY,2026-08-11,111.34,True
34125,203165921,ABT,2026-06-02,658.61,True
34125,203165921,ABT,2026-06-09,668.93,True
34125,203165921,ABT,2026-06-16,674.33,True
34125,203165921,ABT,2026-06-23,687.36,True
34125,203165921,ABT,2026-06-30,696.65,True
34125,203165921,ABT,2026-07-07,708.84,True
34125,203165921,ABT,2026-07-14,702.32,True
34125,203165921,ABT,2026-07-21,701.06,True
34125,203165921,ABT,2026-07-28,700.12,True
34125,203165921,ABT,2026-08-04,697.88,True
34125,203165921,ABT,2026-08-11,694.2,True
34125,203165921,BUY,2026-06-02,602.74,True
34125,203165921,BUY,2026-06-09,556.5,True
34125,203165921,BUY,2026-06-16,519.45,True
34125,203165921,BUY,2026-06-23,469.97,True
34125,203165921,BUY,2026-06-30,476.98,True
34125,203165921,BUY,2026-07-07,448.76,True
34125,203165921,BUY,2026-07-14,446.64,True
34125,203165921,BUY,2026-07-21,444.38,True
34125,203165921,BUY,2026-07-28,381.28,True
34125,203165921,BUY,2026-08-04,390.42,True
34125,203165921,BUY,2026-08-11,390.42,True
34127,203165922,ABT,2026-06-02,510.65,True
34127,203165922,ABT,2026-06-09,455.2,True
34127,203165922,ABT,2026-06-16,403.24,True
34127,203165922,ABT,2026-06-23,353.59,True
34127,203165922,ABT,2026-06-30,357.53,True
34127,203165922,ABT,2026-07-07,326.61,True
34127,203165922,ABT,2026-07-14,333.67,True
34127,203165922,ABT,2026-07-21,358.21,True
34127,203165922,ABT,2026-07-28,363.2,True
34127,203165922,ABT,2026-08-04,361.91,True
34127,203165922,ABT,2026-08-11,368.0,True
34127,203165922,BUY,2026-06-02,540.36,True
34127,203165922,BUY,2026-06-09,539.24,True
34127,203165922,BUY,2026-06-16,530.5,True
34127,203165922,BUY,2026-06-23,523.93,True
34127,203165922,BUY,2026-06-30,519.97,True
34127,203165922,BUY,2026-07-07,514.76,True
34127,203165922,BUY,2026-07-14,485.12,True
34127,203165922,BUY,2026-07-21,472.9,True
34127,203165922,BUY,2026-07-28,505.63,True
34127,203165922,BUY,2026-08-04,504.21,True
34127,203165922,BUY,2026-08-11,505.31,True
34126,203166120,ABT,2026-06-02,187.46,True
34126,203166120,ABT,2026-06-09,184.33,True
34126,203166120,ABT,2026-06-16,187.81,True
34126,203166120,ABT,2026-06-23,186.93,True
34126,203166120,ABT,2026-06-30,185.0,True
34126,203166120,ABT,2026-07-07,186.94,True
34126,203166120,ABT,2026-07-14,206.42,True
34126,203166120,ABT,2026-07-21,182.09,True
34126,203166120,ABT,2026-07-28,183.39,True
34126,203166120,ABT,2026-08-04,185.86,True
34126,203166120,ABT,2026-08-11,184.53,True
34126,203166120,BUY,2026-06-02,186.18,True
34126,203166120,BUY,2026-06-09,186.07,True
34126,203166120,BUY,2026-06-16,205.58,True
34126,203166120,BUY,2026-06-23,207.29,True
34126,203166120,BUY,2026-06-30,211.52,True
34126,203166120,BUY,2026-07-07,211.52,True
34126,203166120,BUY,2026-07-14,210.07,True
34126,203166120,BUY,2026-07-21,212.2,True
34126,203166120,BUY,2026-07-28,209.52,True
34126,203166120,BUY,2026-08-04,208.36,True
34126,203166120,BUY,2026-08-11,206.96,True
34791,203185276,ABT,2026-06-02,39.72,True
34791,203185276,ABT,2026-06-09,39.33,True
34791,203185276,ABT,2026-06-16,39.05,True
34791,203185276,ABT,2026-06-23,40.85,True
34791,203185276,ABT,2026-06-30,40.92,True
34791,203185276,ABT,2026-07-07,40.83,True
34791,203185276,ABT,2026-07-14,41.21,True
34791,203185276,ABT,2026-07-21,41.82,True
34791,203185276,ABT,2026-07-28,42.38,True
34791,203185276,ABT,2026-08-04,42.51,True
34791,203185276,ABT,2026-08-11,41.7,True
34791,203185276,BUY,2026-06-02,41.04,True
34791,203185276,BUY,2026-06-09,40.76,True
34791,203185276,BUY,2026-06-16,40.43,True
34791,203185276,BUY,2026-06-23,40.78,True
34791,203185276,BUY,2026-06-30,41.31,True
34791,203185276,BUY,2026-07-07,41.84,True
34791,203185276,BUY,2026-07-14,37.74,True
34791,203185276,BUY,2026-07-21,34.04,True
34791,203185276,BUY,2026-07-28,29.17,True
34791,203185276,BUY,2026-08-04,25.32,True
34791,203185276,BUY,2026-08-11,25.34,True
22242,203198950,ABT,2026-06-23,101.21,True
22242,203198950,ABT,2026-06-30,103.07,True
22242,203198950,ABT,2026-07-07,102.97,True
22242,203198950,ABT,2026-07-14,101.86,True
22242,203198950,ABT,2026-07-21,99.59,True
22242,203198950,ABT,2026-07-28,100.8,True
22242,203198950,ABT,2026-08-04,101.46,True
22242,203198950,ABT,2026-08-11,96.41,True
22242,203198950,BUY,2026-06-23,98.79,True
22242,203198950,BUY,2026-06-30,92.83,True
22242,203198950,BUY,2026-07-07,95.32,True
22242,203198950,BUY,2026-07-14,93.25,True
22242,203198950,BUY,2026-07-21,94.48,True
22242,203198950,BUY,2026-07-28,92.74,True
22242,203198950,BUY,2026-08-04,91.94,True
22242,203198950,BUY,2026-08-11,90.92,True
34595,203199121,ABT,2026-06-02,98.1,True
34595,203199121,ABT,2026-06-09,100.7,True
34595,203199121,ABT,2026-06-16,94.61,True
34595,203199121,ABT,2026-06-23,95.85,True
34595,203199121,ABT,2026-06-30,90.9,True
34595,203199121,ABT,2026-07-07,91.79,True
34595,203199121,ABT,2026-07-14,89.31,True
34595,203199121,ABT,2026-07-21,89.99,True
34595,203199121,ABT,2026-07-28,83.22,True
34595,203199121,ABT,2026-08-04,83.08,True
34595,203199121,ABT,2026-08-11,82.09,True
34595,203199121,BUY,2026-06-02,97.78,True
34595,203199121,BUY,2026-06-09,109.23,True
34595,203199121,BUY,2026-06-16,107.4,True
34595,203199121,BUY,2026-06-23,105.05,True
34595,203199121,BUY,2026-06-30,104.84,True
34595,203199121,BUY,2026-07-07,104.7,True
34595,203199121,BUY,2026-07-14,104.91,True
34595,203199121,BUY,2026-07-21,107.49,True
34595,203199121,BUY,2026-07-28,108.05,True
34595,203199121,BUY,2026-08-04,109.29,True
34595,203199121,BUY,2026-08-11,109.33,True
25364,203201060,ABT,2026-05-26,11.79,True
25364,203201060,ABT,2026-06-02,11.83,True
25364,203201060,ABT,2026-06-09,10.27,True
25364,203201060,ABT,2026-06-16,10.55,True
25364,203201060,ABT,2026-06-23,9.15,True
25364,203201060,ABT,2026-06-30,9.01,True
25364,203201060,ABT,2026-07-07,8.99,True
25364,203201060,ABT,2026-07-14,8.83,True
25364,203201060,ABT,2026-07-21,8.93,True
25364,203201060,ABT,2026-07-28,9.04,True
25364,203201060,ABT,2026-08-04,8.93,True
25364,203201060,ABT,2026-08-11,9.97,True
25364,203201060,BUY,2026-05-26,11.14,True
25364,203201060,BUY,2026-06-02,11.21,True
25364,203201060,BUY,2026-06-09,9.92,True
25364,203201060,BUY,2026-06-16,8.74,True
25364,203201060,BUY,2026-06-23,8.53,True
25364,203201060,BUY,2026-06-30,7.58,True
25364,203201060,BUY,2026-07-07,6.7,True
25364,203201060,BUY,2026-07-14,5.83,True
25364,203201060,BUY,2026-07-21,6.76,True
25364,203201060,BUY,2026-07-28,5.94,True
25364,203201060,BUY,2026-08-04,5.13,True
25364,203201060,BUY,2026-08-11,5.79,True
26622,203201062,ABT,2026-06-16,35.06,True
26622,203201062,ABT,2026-06-23,35.17,True
26622,203201062,ABT,2026-06-30,35.37,True
26622,203201062,ABT,2026-07-07,35.0,True
26622,203201062,ABT,2026-07-14,34.83,True
26622,203201062,ABT,2026-07-21,35.33,True
26622,203201062,ABT,2026-07-28,34.11,True
26622,203201062,ABT,2026-08-04,34.24,True
26622,203201062,ABT,2026-08-11,34.47,True
26622,203201062,BUY,2026-06-16,34.96,True
26622,203201062,BUY,2026-06-23,34.7,True
26622,203201062,BUY,2026-06-30,33.78,True
26622,203201062,BUY,2026-07-07,31.95,True
26622,203201062,BUY,2026-07-14,31.93,True
26622,203201062,BUY,2026-07-21,32.22,True
26622,203201062,BUY,2026-07-28,31.74,True
26622,203201062,BUY,2026-08-04,32.45,True
26622,203201062,BUY,2026-08-11,32.93,True
25291,203308084,ABT,2026-06-23,166.77,True
25291,203308084,ABT,2026-06-30,169.95,True
25291,203308084,ABT,2026-07-07,171.99,True
25291,203308084,ABT,2026-07-14,169.31,True
25291,203308084,ABT,2026-07-21,164.31,True
25291,203308084,ABT,2026-07-28,162.01,True
25291,203308084,ABT,2026-08-04,160.49,True
25291,203308084,ABT,2026-08-11,163.6,True
25291,203308084,BUY,2026-06-23,171.78,True
25291,203308084,BUY,2026-06-30,172.1,True
25291,203308084,BUY,2026-07-07,174.37,True
25291,203308084,BUY,2026-07-14,172.37,True
25291,203308084,BUY,2026-07-21,172.0,True
25291,203308084,BUY,2026-07-28,170.11,True
25291,203308084,BUY,2026-08-04,165.74,True
25291,203308084,BUY,2026-08-11,143.33,True
23965,203322272,ABT,2026-05-26,323.45,True
23965,203322272,ABT,2026-06-02,294.52,True
23965,203322272,ABT,2026-06-09,299.57,True
23965,203322272,ABT,2026-06-16,297.99,True
23965,203322272,ABT,2026-06-23,293.9,True
23965,203322272,ABT,2026-06-30,293.33,True
23965,203322272,ABT,2026-07-07,295.27,True
23965,203322272,ABT,2026-07-14,265.0,True
23965,203322272,ABT,2026-07-21,261.3,True
23965,203322272,ABT,2026-07-28,263.89,True
23965,203322272,ABT,2026-08-04,263.72,True
23965,203322272,ABT,2026-08-11,259.41,True
23965,203322272,BUY,2026-05-26,334.68,True
23965,203322272,BUY,2026-06-02,343.99,True
23965,203322272,BUY,2026-06-09,350.66,True
23965,203322272,BUY,2026-06-16,350.61,True
23965,203322272,BUY,2026-06-23,362.5,True
23965,203322272,BUY,2026-06-30,366.16,True
23965,203322272,BUY,2026-07-07,376.05,True
23965,203322272,BUY,2026-07-14,371.97,True
23965,203322272,BUY,2026-07-21,380.72,True
23965,203322272,BUY,2026-07-28,385.68,True
23965,203322272,BUY,2026-08-04,378.32,True
23965,203322272,BUY,2026-08-11,386.37,True
24937,203324914,ABT,2026-06-16,158.24,True
24937,203324914,ABT,2026-06-23,157.72,True
24937,203324914,ABT,2026-06-30,176.69,True
24937,203324914,ABT,2026-07-07,175.68,True
24937,203324914,ABT,2026-07-14,173.92,True
24937,203324914,ABT,2026-07-21,173.52,True
24937,203324914,ABT,2026-07-28,174.01,True
24937,203324914,ABT,2026-08-04,175.82,True
24937,203324914,ABT,2026-08-11,178.38,True
24937,203324914,BUY,2026-06-16,156.18,True
24937,203324914,BUY,2026-06-23,156.12,True
24937,203324914,BUY,2026-06-30,178.35,True
24937,203324914,BUY,2026-07-07,177.85,True
24937,203324914,BUY,2026-07-14,156.33,True
24937,203324914,BUY,2026-07-21,155.83,True
24937,203324914,BUY,2026-07-28,161.19,True
24937,203324914,BUY,2026-08-04,158.55,True
24937,203324914,BUY,2026-08-11,158.83,True
32906,203324965,ABT,2026-06-02,49.52,True
32906,203324965,ABT,2026-06-09,43.58,True
32906,203324965,ABT,2026-06-16,43.99,True
32906,203324965,ABT,2026-06-23,44.3,True
32906,203324965,ABT,2026-06-30,43.01,True
32906,203324965,ABT,2026-07-07,44.02,True
32906,203324965,ABT,2026-07-14,44.31,True
32906,203324965,ABT,2026-07-21,45.06,True
32906,203324965,ABT,2026-07-28,44.41,True
32906,203324965,ABT,2026-08-04,44.12,True
32906,203324965,ABT,2026-08-11,47.23,True
32906,203324965,BUY,2026-06-02,49.08,True
32906,203324965,BUY,2026-06-09,43.45,True
32906,203324965,BUY,2026-06-16,37.61,True
32906,203324965,BUY,2026-06-23,32.55,True
32906,203324965,BUY,2026-06-30,28.76,True
32906,203324965,BUY,2026-07-07,28.73,True
32906,203324965,BUY,2026-07-14,28.01,True
32906,203324965,BUY,2026-07-21,27.68,True
32906,203324965,BUY,2026-07-28,27.7,True
32906,203324965,BUY,2026-08-04,27.46,True
32906,203324965,BUY,2026-08-11,31.73,True
32493,203324970,ABT,2026-06-02,44.65,True
32493,203324970,ABT,2026-06-09,44.23,True
32493,203324970,ABT,2026-06-16,44.26,True
32493,203324970,ABT,2026-06-23,45.38,True
32493,203324970,ABT,2026-06-30,45.01,True
32493,203324970,ABT,2026-07-07,51.42,True
32493,203324970,ABT,2026-07-14,49.3,True
32493,203324970,ABT,2026-07-21,49.94,True
32493,203324970,ABT,2026-07-28,50.6,True
32493,203324970,ABT,2026-08-04,50.24,True
32493,203324970,ABT,2026-08-11,49.01,True
32493,203324970,BUY,2026-06-02,45.61,True
32493,203324970,BUY,2026-06-09,44.18,True
32493,203324970,BUY,2026-06-16,39.37,True
32493,203324970,BUY,2026-06-23,39.77,True
32493,203324970,BUY,2026-06-30,38.91,True
32493,203324970,BUY,2026-07-07,39.16,True
32493,203324970,BUY,2026-07-14,39.56,True
32493,203324970,BUY,2026-07-21,40.24,True
32493,203324970,BUY,2026-07-28,39.19,True
32493,203324970,BUY,2026-08-04,36.1,True
32493,203324970,BUY,2026-08-11,35.93,True
26615,203329569,ABT,2026-06-02,147.81,True
26615,203329569,ABT,2026-06-09,148.39,True
26615,203329569,ABT,2026-06-16,130.08,True
26615,203329569,ABT,2026-06-23,128.33,True
26615,203329569,ABT,2026-06-30,128.35,True
26615,203329569,ABT,2026-07-07,128.94,True
26615,203329569,ABT,2026-07-14,127.2,True
26615,203329569,ABT,2026-07-21,128.51,True
26615,203329569,ABT,2026-07-28,128.38,True
26615,203329569,ABT,2026-08-04,127.74,True
26615,203329569,ABT,2026-08-11,115.66,True
26615,203329569,BUY,2026-06-02,145.0,True
26615,203329569,BUY,2026-06-09,147.0,True
26615,203329569,BUY,2026-06-16,148.1,True
26615,203329569,BUY,2026-06-23,146.79,True
26615,203329569,BUY,2026-06-30,150.42,True
26615,203329569,BUY,2026-07-07,151.61,True
26615,203329569,BUY,2026-07-14,155.39,True
26615,203329569,BUY,2026-07-21,156.16,True
26615,203329569,BUY,2026-07-28,151.13,True
26615,203329569,BUY,2026-08-04,149.64,True
26615,203329569,BUY,2026-08-11,147.57,True
38735,203329570,ABT,2026-06-09,180.95,True
38735,203329570,ABT,2026-06-16,176.07,True
38735,203329570,ABT,2026-06-23,172.22,True
38735,203329570,ABT,2026-06-30,171.75,True
38735,203329570,ABT,2026-07-07,167.5,True
38735,203329570,ABT,2026-07-14,169.76,True
38735,203329570,ABT,2026-07-21,171.25,True
38735,203329570,ABT,2026-07-28,172.86,True
38735,203329570,ABT,2026-08-04,171.23,True
38735,203329570,ABT,2026-08-11,170.57,True
38735,203329570,BUY,2026-06-09,175.16,True
38735,203329570,BUY,2026-06-16,175.62,True
38735,203329570,BUY,2026-06-23,174.14,True
38735,203329570,BUY,2026-06-30,175.16,True
38735,203329570,BUY,2026-07-07,148.94,True
38735,203329570,BUY,2026-07-14,150.85,True
38735,203329570,BUY,2026-07-21,147.22,True
38735,203329570,BUY,2026-07-28,130.27,True
38735,203329570,BUY,2026-08-04,126.92,True
38735,203329570,BUY,2026-08-11,126.11,True
24386,203340101,ABT,2026-06-16,33.97,True
24386,203340101,ABT,2026-06-23,34.13,True
24386,203340101,ABT,2026-06-30,33.63,True
24386,203340101,ABT,2026-07-07,32.79,True
24386,203340101,ABT,2026-07-14,33.09,True
24386,203340101,ABT,2026-07-21,32.81,True
24386,203340101,ABT,2026-07-28,33.33,True
24386,203340101,ABT,2026-08-04,33.42,True
24386,203340101,ABT,2026-08-11,33.61,True
24386,203340101,BUY,2026-06-16,34.41,True
24386,203340101,BUY,2026-06-23,35.03,True
24386,203340101,BUY,2026-06-30,34.84,True
24386,203340101,BUY,2026-07-07,35.31,True
24386,203340101,BUY,2026-07-14,34.77,True
24386,203340101,BUY,2026-07-21,34.3,True
24386,203340101,BUY,2026-07-28,34.98,True
24386,203340101,BUY,2026-08-04,34.66,True
24386,203340101,BUY,2026-08-11,35.34,True
24615,203340555,ABT,2026-05-26,124.1,True
24615,203340555,ABT,2026-06-02,119.76,True
24615,203340555,ABT,2026-06-09,119.98,True
24615,203340555,ABT,2026-06-16,118.1,True
24615,203340555,ABT,2026-06-23,101.44,True
24615,203340555,ABT,2026-06-30,102.9,True
24615,203340555,ABT,2026-07-07,102.26,True
24615,203340555,ABT,2026-07-14,102.4,True
24615,203340555,ABT,2026-07-21,104.08,True
24615,203340555,ABT,2026-07-28,102.2,True
24615,203340555,ABT,2026-08-04,102.97,True
24615,203340555,ABT,2026-08-11,105.64,True
24615,203340555,BUY,2026-05-26,125.1,True
24615,203340555,BUY,2026-06-02,123.21,True
24615,203340555,BUY,2026-06-09,125.04,True
24615,203340555,BUY,2026-06-16,127.28,True
24615,203340555,BUY,2026-06-23,128.63,True
24615,203340555,BUY,2026-06-30,126.75,True
24615,203340555,BUY,2026-07-07,124.52,True
24615,203340555,BUY,2026-07-14,134.63,True
24615,203340555,BUY,2026-07-21,134.9,True
24615,203340555,BUY,2026-07-28,133.83,True
24615,203340555,BUY,2026-08-04,132.86,True
24615,203340555,BUY,2026-08-11,133.01,True
38221,203343197,ABT,2026-06-16,161.15,True
38221,203343197,ABT,2026-06-23,162.32,True
38221,203343197,ABT,2026-06-30,161.37,True
38221,203343197,ABT,2026-07-07,153.87,True
38221,203343197,ABT,2026-07-14,156.26,True
38221,203343197,ABT,2026-07-21,154.82,True
38221,203343197,ABT,2026-07-28,159.56,True
38221,203343197,ABT,2026-08-04,160.8,True
38221,203343197,ABT,2026-08-11,158.0,True
38221,203343197,BUY,2026-06-16,162.92,True
38221,203343197,BUY,2026-06-23,162.01,True
38221,203343197,BUY,2026-06-30,160.65,True
38221,203343197,BUY,2026-07-07,160.02,True
38221,203343197,BUY,2026-07-14,169.92,True
38221,203343197,BUY,2026-07-21,171.1,True
38221,203343197,BUY,2026-07-28,171.83,True
38221,203343197,BUY,2026-08-04,177.81,True
38221,203343197,BUY,2026-08-11,172.6,True
38323,203379234,ABT,2026-05-26,137.7,True
38323,203379234,ABT,2026-06-02,141.92,True
38323,203379234,ABT,2026-06-09,137.32,True
38323,203379234,ABT,2026-06-16,137.49,True
38323,203379234,ABT,2026-06-23,133.13,True
38323,203379234,ABT,2026-06-30,134.39,True
38323,203379234,ABT,2026-07-07,131.76,True
38323,203379234,ABT,2026-07-14,125.17,True
38323,203379234,ABT,2026-07-21,128.34,True
38323,203379234,ABT,2026-07-28,129.54,True
38323,203379234,ABT,2026-08-04,111.96,True
38323,203379234,ABT,2026-08-11,112.44,True
38323,203379234,BUY,2026-05-26,140.89,True
38323,203379234,BUY,2026-06-02,140.52,True
38323,203379234,BUY,2026-06-09,139.13,True
38323,203379234,BUY,2026-06-16,140.2,True
38323,203379234,BUY,2026-06-23,136.5,True
38323,203379234,BUY,2026-06-30,116.11,True
38323,203379234,BUY,2026-07-07,99.08,True
38323,203379234,BUY,2026-07-14,82.24,True
38323,203379234,BUY,2026-07-21,69.91,True
38323,203379234,BUY,2026-07-28,52.5,True
38323,203379234,BUY,2026-08-04,53.18,True
38323,203379234,BUY,2026-08-11,54.81,True
27719,203379237,ABT,2026-06-23,14.73,True
27719,203379237,ABT,2026-06-30,14.55,True
27719,203379237,ABT,2026-07-07,14.63,True
27719,203379237,ABT,2026-07-14,14.56,True
27719,203379237,ABT,2026-07-21,13.92,True
27719,203379237,ABT,2026-07-28,14.02,True
27719,203379237,ABT,2026-08-04,13.93,True
27719,203379237,ABT,2026-08-11,13.87,True
27719,203379237,BUY,2026-06-23,14.91,True
27719,203379237,BUY,2026-06-30,15.04,True
27719,203379237,BUY,2026-07-07,15.22,True
27719,203379237,BUY,2026-07-14,15.67,True
27719,203379237,BUY,2026-07-21,15.52,True
27719,203379237,BUY,2026-07-28,15.43,True
27719,203379237,BUY,2026-08-04,15.55,True
27719,203379237,BUY,2026-08-11,15.92,True
27729,203379250,ABT,2026-06-09,151.99,True
27729,203379250,ABT,2026-06-16,152.36,True
27729,203379250,ABT,2026-06-23,152.28,True
27729,203379250,ABT,2026-06-30,155.67,True
27729,203379250,ABT,2026-07-07,155.3,True
27729,203379250,ABT,2026-07-14,156.59,True
27729,203379250,ABT,2026-07-21,155.63,True
27729,203379250,ABT,2026-07-28,145.76,True
27729,203379250,ABT,2026-08-04,157.99,True
27729,203379250,ABT,2026-08-11,161.06,True
27729,203379250,BUY,2026-06-09,152.99,True
27729,203379250,BUY,2026-06-16,153.31,True
27729,203379250,BUY,2026-06-23,155.14,True
27729,203379250,BUY,2026-06-30,157.15,True
27729,203379250,BUY,2026-07-07,153.17,True
27729,203379250,BUY,2026-07-14,150.05,True
27729,203379250,BUY,2026-07-21,146.23,True
27729,203379250,BUY,2026-07-28,149.72,True
27729,203379250,BUY,2026-08-04,148.3,True
27729,203379250,BUY,2026-08-11,149.01,True
34747,203388440,ABT,2026-05-26,60.15,True
34747,203388440,ABT,2026-06-02,60.07,True
34747,203388440,ABT,2026-06-09,61.75,True
34747,203388440,ABT,2026-06-16,61.16,True
34747,203388440,ABT,2026-06-23,61.71,True
34747,203388440,ABT,2026-06-30,60.81,True
34747,203388440,ABT,2026-07-07,61.3,True
34747,203388440,ABT,2026-07-14,59.94,True
34747,203388440,ABT,2026-07-21,55.16,True
34747,203388440,ABT,2026-07-28,54.59,True
34747,203388440,ABT,2026-08-04,54.73,True
34747,203388440,ABT,2026-08-11,53.8,True
34747,203388440,BUY,2026-05-26,60.51,True
34747,203388440,BUY,2026-06-02,60.55,True
34747,203388440,BUY,2026-06-09,61.87,True
34747,203388440,BUY,2026-06-16,62.05,True
34747,203388440,BUY,2026-06-23,63.62,True
34747,203388440,BUY,2026-06-30,63.48,True
34747,203388440,BUY,2026-07-07,61.44,True
34747,203388440,BUY,2026-07-14,61.34,True
34747,203388440,BUY,2026-07-21,60.9,True
34747,203388440,BUY,2026-07-28,60.99,True
34747,203388440,BUY,2026-08-04,60.27,True
34747,203388440,BUY,2026-08-11,58.6,True
26861,203388612,ABT,2026-06-02,108.59,True
26861,203388612,ABT,2026-06-09,109.91,True
26861,203388612,ABT,2026-06-16,93.34,True
26861,203388612,ABT,2026-06-23,76.89,True
26861,203388612,ABT,2026-06-30,66.61,True
26861,203388612,ABT,2026-07-07,57.06,True
26861,203388612,ABT,2026-07-14,47.99,True
26861,203388612,ABT,2026-07-21,48.6,True
26861,203388612,ABT,2026-07-28,47.67,True
26861,203388612,ABT,2026-08-04,48.31,True
26861,203388612,ABT,2026-08-11,47.93,True
26861,203388612,BUY,2026-06-02,107.05,True
26861,203388612,BUY,2026-06-09,104.81,True
26861,203388612,BUY,2026-06-16,105.71,True
26861,203388612,BUY,2026-06-23,107.05,True
26861,203388612,BUY,2026-06-30,108.01,True
26861,203388612,BUY,2026-07-07,98.24,True
26861,203388612,BUY,2026-07-14,95.97,True
26861,203388612,BUY,2026-07-21,91.93,True
26861,203388612,BUY,2026-07-28,92.25,True
26861,203388612,BUY,2026-08-04,93.16,True
26861,203388612,BUY,2026-08-11,91.81,True
19204,203389382,ABT,2026-06-02,81.84,True
19204,203389382,ABT,2026-06-09,83.58,True
19204,203389382,ABT,2026-06-16,76.46,True
19204,203389382,ABT,2026-06-23,76.77,True
19204,203389382,ABT,2026-06-30,76.94,True
19204,203389382,ABT,2026-07-07,77.57,True
19204,203389382,ABT,2026-07-14,79.36,True
19204,203389382,ABT,2026-07-21,79.37,True
19204,203389382,ABT,2026-07-28,81.13,True
19204,203389382,ABT,2026-08-04,83.34,True
19204,203389382,ABT,2026-08-11,83.32,True
19204,203389382,BUY,2026-06-02,82.69,True
19204,203389382,BUY,2026-06-09,85.35,True
19204,203389382,BUY,2026-06-16,84.95,True
19204,203389382,BUY,2026-06-23,84.34,True
19204,203389382,BUY,2026-06-30,84.84,True
19204,203389382,BUY,2026-07-07,77.56,True
19204,203389382,BUY,2026-07-14,77.59,True
19204,203389382,BUY,2026-07-21,71.92,True
19204,203389382,BUY,2026-07-28,71.53,True
19204,203389382,BUY,2026-08-04,71.37,True
19204,203389382,BUY,2026-08-11,69.89,True
25788,203396327,ABT,2026-06-02,449.82,True
25788,203396327,ABT,2026-06-09,442.58,True
25788,203396327,ABT,2026-06-16,449.42,True
25788,203396327,ABT,2026-06-23,444.99,True
25788,203396327,ABT,2026-06-30,441.14,True
25788,203396327,ABT,2026-07-07,448.67,True
25788,203396327,ABT,2026-07-14,451.08,True
25788,203396327,ABT,2026-07-21,449.71,True
25788,203396327,ABT,2026-07-28,450.47,True
25788,203396327,ABT,2026-08-04,453.8,True
25788,203396327,ABT,2026-08-11,441.6,True
25788,203396327,BUY,2026-06-02,448.42,True
25788,203396327,BUY,2026-06-09,452.86,True
25788,203396327,BUY,2026-06-16,460.19,True
25788,203396327,BUY,2026-06-23,452.44,True
25788,203396327,BUY,2026-06-30,450.07,True
25788,203396327,BUY,2026-07-07,447.99,True
25788,203396327,BUY,2026-07-14,453.29,True
25788,203396327,BUY,2026-07-21,484.5,True
25788,203396327,BUY,2026-07-28,479.1,True
25788,203396327,BUY,2026-08-04,477.26,True
25788,203396327,BUY,2026-08-11,485.37,True
26445,203407043,ABT,2026-06-02,15.06,True
26445,203407043,ABT,2026-06-09,14.98,True
26445,203407043,ABT,2026-06-16,13.24,True
26445,203407043,ABT,2026-06-23,13.68,True
26445,203407043,ABT,2026-06-30,13.72,True
26445,203407043,ABT,2026-07-07,13.31,True
26445,203407043,ABT,2026-07-14,12.82,True
26445,203407043,ABT,2026-07-21,13.04,True
26445,203407043,ABT,2026-07-28,13.04,True
26445,203407043,ABT,2026-08-04,13.16,True
26445,203407043,ABT,2026-08-11,13.33,True
26445,203407043,BUY,2026-06-02,13.35,True
26445,203407043,BUY,2026-06-09,14.4,True
26445,203407043,BUY,2026-06-16,13.58,True
26445,203407043,BUY,2026-06-23,12.78,True
26445,203407043,BUY,2026-06-30,11.72,True
26445,203407043,BUY,2026-07-07,10.78,True
26445,203407043,BUY,2026-07-14,10.74,True
26445,203407043,BUY,2026-07-21,10.63,True
26445,203407043,BUY,2026-07-28,10.52,True
26445,203407043,BUY,2026-08-04,10.46,True
26445,203407043,BUY,2026-08-11,10.54,True
26930,203445879,ABT,2026-06-09,45.63,True
26930,203445879,ABT,2026-06-16,44.23,True
26930,203445879,ABT,2026-06-23,45.04,True
26930,203445879,ABT,2026-06-30,44.58,True
26930,203445879,ABT,2026-07-07,41.2,True
26930,203445879,ABT,2026-07-14,40.96,True
26930,203445879,ABT,2026-07-21,41.3,True
26930,203445879,ABT,2026-07-28,41.96,True
26930,203445879,ABT,2026-08-04,42.25,True
26930,203445879,ABT,2026-08-11,41.81,True
26930,203445879,BUY,2026-06-09,45.08,True
26930,203445879,BUY,2026-06-16,44.39,True
26930,203445879,BUY,2026-06-23,44.67,True
26930,203445879,BUY,2026-06-30,40.57,True
26930,203445879,BUY,2026-07-07,40.45,True
26930,203445879,BUY,2026-07-14,38.05,True
26930,203445879,BUY,2026-07-21,35.69,True
26930,203445879,BUY,2026-07-28,33.17,True
26930,203445879,BUY,2026-08-04,32.8,True
26930,203445879,BUY,2026-08-11,32.76,True
22940,203472622,ABT,2026-06-09,96.46,True
22940,203472622,ABT,2026-06-16,104.17,True
22940,203472622,ABT,2026-06-23,106.27,True
22940,203472622,ABT,2026-06-30,105.53,True
22940,203472622,ABT,2026-07-07,104.22,True
22940,203472622,ABT,2026-07-14,103.86,True
22940,203472622,ABT,2026-07-21,105.41,True
22940,203472622,ABT,2026-07-28,89.88,True
22940,203472622,ABT,2026-08-04,89.92,True
22940,203472622,ABT,2026-08-11,90.79,True
22940,203472622,BUY,2026-06-09,94.62,True
22940,203472622,BUY,2026-06-16,95.35,True
22940,203472622,BUY,2026-06-23,95.76,True
22940,203472622,BUY,2026-06-30,106.57,True
22940,203472622,BUY,2026-07-07,106.91,True
22940,203472622,BUY,2026-07-14,110.69,True
22940,203472622,BUY,2026-07-21,111.17,True
22940,203472622,BUY,2026-07-28,114.23,True
22940,203472622,BUY,2026-08-04,114.65,True
22940,203472622,BUY,2026-08-11,115.44,True
36969,203474227,ABT,2026-06-23,83.16,True
36969,203474227,ABT,2026-06-30,85.32,True
36969,203474227,ABT,2026-07-07,85.39,True
36969,203474227,ABT,2026-07-14,85.59,True
36969,203474227,ABT,2026-07-21,85.04,True
36969,203474227,ABT,2026-07-28,83.4,True
36969,203474227,ABT,2026-08-04,82.15,True
36969,203474227,ABT,2026-08-11,78.92,True
36969,203474227,BUY,2026-06-23,80.87,True
36969,203474227,BUY,2026-06-30,79.35,True
36969,203474227,BUY,2026-07-07,80.97,True
36969,203474227,BUY,2026-07-14,82.16,True
36969,203474227,BUY,2026-07-21,82.48,True
36969,203474227,BUY,2026-07-28,84.25,True
36969,203474227,BUY,2026-08-04,83.28,True
36969,203474227,BUY,2026-08-11,82.29,True
24648,203491687,ABT,2026-06-09,69.01,True
24648,203491687,ABT,2026-06-16,68.62,True
24648,203491687,ABT,2026-06-23,68.5,True
24648,203491687,ABT,2026-06-30,70.07,True
24648,203491687,ABT,2026-07-07,68.97,True
24648,203491687,ABT,2026-07-14,69.04,True
24648,203491687,ABT,2026-07-21,69.25,True
24648,203491687,ABT,2026-07-28,62.92,True
24648,203491687,ABT,2026-08-04,63.1,True
24648,203491687,ABT,2026-08-11,63.04,True
24648,203491687,BUY,2026-06-09,72.55,True
24648,203491687,BUY,2026-06-16,71.42,True
24648,203491687,BUY,2026-06-23,72.11,True
24648,203491687,BUY,2026-06-30,71.81,True
24648,203491687,BUY,2026-07-07,72.8,True
24648,203491687,BUY,2026-07-14,72.22,True
24648,203491687,BUY,2026-07-21,71.47,True
24648,203491687,BUY,2026-07-28,73.26,True
24648,203491687,BUY,2026-08-04,86.07,True
24648,203491687,BUY,2026-08-11,83.18,True
33045,203514304,ABT,2026-06-23,14.69,True
33045,203514304,ABT,2026-06-30,13.9,True
33045,203514304,ABT,2026-07-07,12.79,True
33045,203514304,ABT,2026-07-14,12.88,True
33045,203514304,ABT,2026-07-21,12.94,True
33045,203514304,ABT,2026-07-28,13.03,True
33045,203514304,ABT,2026-08-04,13.03,True
33045,203514304,ABT,2026-08-11,12.94,True
33045,203514304,BUY,2026-06-23,16.1,True
33045,203514304,BUY,2026-06-30,15.77,True
33045,203514304,BUY,2026-07-07,15.75,True
33045,203514304,BUY,2026-07-14,15.73,True
33045,203514304,BUY,2026-07-21,15.44,True
33045,203514304,BUY,2026-07-28,15.71,True
33045,203514304,BUY,2026-08-04,15.63,True
33045,203514304,BUY,2026-08-11,15.44,True
33044,203514305,ABT,2026-06-16,13.07,True
33044,203514305,ABT,2026-06-23,13.06,True
33044,203514305,ABT,2026-06-30,12.67,True
33044,203514305,ABT,2026-07-07,13.11,True
33044,203514305,ABT,2026-07-14,12.83,True
33044,203514305,ABT,2026-07-21,12.85,True
33044,203514305,ABT,2026-07-28,12.65,True
33044,203514305,ABT,2026-08-04,11.71,True
33044,203514305,ABT,2026-08-11,11.68,True
33044,203514305,BUY,2026-06-16,12.6,True
33044,203514305,BUY,2026-06-23,12.73,True
33044,203514305,BUY,2026-06-30,12.22,True
33044,203514305,BUY,2026-07-07,11.85,True
33044,203514305,BUY,2026-07-14,12.09,True
33044,203514305,BUY,2026-07-21,12.08,True
33044,203514305,BUY,2026-07-28,12.21,True
33044,203514305,BUY,2026-08-04,12.03,True
33044,203514305,BUY,2026-08-11,10.72,True
31881,203514371,ABT,2026-06-23,98.45,True
31881,203514371,ABT,2026-06-30,100.18,True
31881,203514371,ABT,2026-07-07,100.97,True
31881,203514371,ABT,2026-07-14,98.24,True
31881,203514371,ABT,2026-07-21,99.63,True
31881,203514371,ABT,2026-07-28,100.0,True
31881,203514371,ABT,2026-08-04,99.45,True
31881,203514371,ABT,2026-08-11,99.87,True
31881,203514371,BUY,2026-06-23,96.55,True
31881,203514371,BUY,2026-06-30,97.86,True
31881,203514371,BUY,2026-07-07,98.69,True
31881,203514371,BUY,2026-07-14,98.18,True
31881,203514371,BUY,2026-07-21,100.97,True
31881,203514371,BUY,2026-07-28,101.96,True
31881,203514371,BUY,2026-08-04,87.13,True
31881,203514371,BUY,2026-08-11,86.04,True
26059,203870569,ABT,2026-06-09,24.83,True
26059,203870569,ABT,2026-06-16,24.84,True
26059,203870569,ABT,2026-06-23,24.75,True
26059,203870569,ABT,2026-06-30,24.76,True
26059,203870569,ABT,2026-07-07,24.86,True
26059,203870569,ABT,2026-07-14,25.28,True
26059,203870569,ABT,2026-07-21,25.25,True
26059,203870569,ABT,2026-07-28,24.8,True
26059,203870569,ABT,2026-08-04,21.43,True
26059,203870569,ABT,2026-08-11,21.79,True
26059,203870569,BUY,2026-06-09,24.69,True
26059,203870569,BUY,2026-06-16,24.68,True
26059,203870569,BUY,2026-06-23,23.98,True
26059,203870569,BUY,2026-06-30,23.47,True
26059,203870569,BUY,2026-07-07,23.46,True
26059,203870569,BUY,2026-07-14,23.42,True
26059,203870569,BUY,2026-07-21,23.29,True
26059,203870569,BUY,2026-07-28,24.49,True
26059,203870569,BUY,2026-08-04,24.92,True
26059,203870569,BUY,2026-08-11,25.25,True
31337,203884610,ABT,2026-06-02,55.5,True
31337,203884610,ABT,2026-06-09,55.46,True
31337,203884610,ABT,2026-06-16,54.49,True
31337,203884610,ABT,2026-06-23,54.99,True
31337,203884610,ABT,2026-06-30,54.51,True
31337,203884610,ABT,2026-07-07,54.46,True
31337,203884610,ABT,2026-07-14,52.67,True
31337,203884610,ABT,2026-07-21,53.43,True
31337,203884610,ABT,2026-07-28,55.7,True
31337,203884610,ABT,2026-08-04,55.17,True
31337,203884610,ABT,2026-08-11,47.9,True
31337,203884610,BUY,2026-06-02,54.94,True
31337,203884610,BUY,2026-06-09,55.79,True
31337,203884610,BUY,2026-06-16,56.93,True
31337,203884610,BUY,2026-06-23,56.24,True
31337,203884610,BUY,2026-06-30,57.92,True
31337,203884610,BUY,2026-07-07,57.57,True
31337,203884610,BUY,2026-07-14,57.66,True
31337,203884610,BUY,2026-07-21,59.78,True
31337,203884610,BUY,2026-07-28,60.87,True
31337,203884610,BUY,2026-08-04,61.48,True
31337,203884610,BUY,2026-08-11,60.46,True
29339,203888987,ABT,2026-06-16,15.46,True
29339,203888987,ABT,2026-06-23,15.37,True
29339,203888987,ABT,2026-06-30,15.82,True
29339,203888987,ABT,2026-07-07,16.11,True
29339,203888987,ABT,2026-07-14,16.27,True
29339,203888987,ABT,2026-07-21,17.64,True
29339,203888987,ABT,2026-07-28,17.56,True
29339,203888987,ABT,2026-08-04,17.57,True
29339,203888987,ABT,2026-08-11,16.05,True
29339,203888987,BUY,2026-06-16,15.78,True
29339,203888987,BUY,2026-06-23,16.15,True
29339,203888987,BUY,2026-06-30,14.67,True
29339,203888987,BUY,2026-07-07,13.34,True
29339,203888987,BUY,2026-07-14,10.65,True
29339,203888987,BUY,2026-07-21,9.72,True
29339,203888987,BUY,2026-07-28,9.98,True
29339,203888987,BUY,2026-08-04,9.5,True
29339,203888987,BUY,2026-08-11,9.98,True
24402,203897877,ABT,2026-06-02,101.44,True
24402,203897877,ABT,2026-06-09,102.5,True
24402,203897877,ABT,2026-06-16,101.6,True
24402,203897877,ABT,2026-06-23,101.74,True
24402,203897877,ABT,2026-06-30,101.5,True
24402,203897877,ABT,2026-07-07,101.78,True
24402,203897877,ABT,2026-07-14,103.79,True
24402,203897877,ABT,2026-07-21,104.85,True
24402,203897877,ABT,2026-07-28,105.22,True
24402,203897877,ABT,2026-08-04,106.12,True
24402,203897877,ABT,2026-08-11,103.52,True
24402,203897877,BUY,2026-06-02,121.47,True
24402,203897877,BUY,2026-06-09,119.65,True
24402,203897877,BUY,2026-06-16,121.69,True
24402,203897877,BUY,2026-06-23,120.61,True
24402,203897877,BUY,2026-06-30,124.84,True
24402,203897877,BUY,2026-07-07,124.62,True
24402,203897877,BUY,2026-07-14,124.63,True
24402,203897877,BUY,2026-07-21,124.13,True
24402,203897877,BUY,2026-07-28,127.34,True
24402,203897877,BUY,2026-08-04,111.15,True
24402,203897877,BUY,2026-08-11,113.74,True
29272,203900792,ABT,2026-06-23,408.26,True
29272,203900792,ABT,2026-06-30,406.07,True
29272,203900792,ABT,2026-07-07,360.17,True
29272,203900792,ABT,2026-07-14,345.82,True
29272,203900792,ABT,2026-07-21,352.37,True
29272,203900792,ABT,2026-07-28,349.97,True
29272,203900792,ABT,2026-08-04,347.35,True
29272,203900792,ABT,2026-08-11,342.24,True
29272,203900792,BUY,2026-06-23,396.52,True
29272,203900792,BUY,2026-06-30,390.3,True
29272,203900792,BUY,2026-07-07,380.97,True
29272,203900792,BUY,2026-07-14,376.6,True
29272,203900792,BUY,2026-07-21,384.47,True
29272,203900792,BUY,2026-07-28,375.0,True
29272,203900792,BUY,2026-08-04,379.75,True
29272,203900792,BUY,2026-08-11,385.66,True
25990,203915639,ABT,2026-05-26,542.89,True
25990,203915639,ABT,2026-06-02,540.75,True
25990,203915639,ABT,2026-06-09,536.28,True
25990,203915639,ABT,2026-06-16,534.16,True
25990,203915639,ABT,2026-06-23,543.46,True
25990,203915639,ABT,2026-06-30,539.45,True
25990,203915639,ABT,2026-07-07,530.52,True
25990,203915639,ABT,2026-07-14,552.57,True
25990,203915639,ABT,2026-07-21,555.63,True
25990,203915639,ABT,2026-07-28,563.51,True
25990,203915639,ABT,2026-08-04,552.13,True
25990,203915639,ABT,2026-08-11,546.26,True
25990,203915639,BUY,2026-05-26,544.18,True
25990,203915639,BUY,2026-06-02,533.06,True
25990,203915639,BUY,2026-06-09,539.41,True
25990,203915639,BUY,2026-06-16,545.75,True
25990,203915639,BUY,2026-06-23,543.04,True
25990,203915639,BUY,2026-06-30,454.06,True
25990,203915639,BUY,2026-07-07,453.37,True
25990,203915639,BUY,2026-07-14,442.5,True
25990,203915639,BUY,2026-07-21,403.01,True
25990,203915639,BUY,2026-07-28,406.22,True
25990,203915639,BUY,2026-08-04,417.02,True
25990,203915639,BUY,2026-08-11,428.38,True
26930,203920144,ABT,2026-06-09,56.04,True
26930,203920144,ABT,2026-06-16,50.02,True
26930,203920144,ABT,2026-06-23,50.84,True
26930,203920144,ABT,2026-06-30,50.71,True
26930,203920144,ABT,2026-07-07,50.99,True
26930,203920144,ABT,2026-07-14,51.08,True
26930,203920144,ABT,2026-07-21,51.01,True
26930,203920144,ABT,2026-07-28,51.68,True
26930,203920144,ABT,2026-08-04,51.73,True
26930,203920144,ABT,2026-08-11,51.46,True
26930,203920144,BUY,2026-06-09,57.35,True
26930,203920144,BUY,2026-06-16,57.92,True
26930,203920144,BUY,2026-06-23,56.53,True
26930,203920144,BUY,2026-06-30,57.6,True
26930,203920144,BUY,2026-07-07,58.65,True
26930,203920144,BUY,2026-07-14,64.48,True
26930,203920144,BUY,2026-07-21,64.03,True
26930,203920144,BUY,2026-07-28,63.1,True
26930,203920144,BUY,2026-08-04,57.24,True
26930,203920144,BUY,2026-08-11,56.82,True
26525,203921172,ABT,2026-06-16,244.5,True
26525,203921172,ABT,2026-06-23,243.39,True
26525,203921172,ABT,2026-06-30,247.17,True
26525,203921172,ABT,2026-07-07,246.54,True
26525,203921172,ABT,2026-07-14,248.75,True
26525,203921172,ABT,2026-07-21,255.59,True
26525,203921172,ABT,2026-07-28,255.77,True
26525,203921172,ABT,2026-08-04,255.67,True
26525,203921172,ABT,2026-08-11,255.89,True
26525,203921172,BUY,2026-06-16,243.35,True
26525,203921172,BUY,2026-06-23,237.22,True
26525,203921172,BUY,2026-06-30,241.82,True
26525,203921172,BUY,2026-07-07,239.87,True
26525,203921172,BUY,2026-07-14,240.3,True
26525,203921172,BUY,2026-07-21,241.32,True
26525,203921172,BUY,2026-07-28,236.24,True
26525,203921172,BUY,2026-08-04,239.31,True
26525,203921172,BUY,2026-08-11,236.35,True
27501,203928709,ABT,2026-06-23,19.05,True
27501,203928709,ABT,2026-06-30,19.13,True
27501,203928709,ABT,2026-07-07,19.48,True
27501,203928709,ABT,2026-07-14,19.5,True
27501,203928709,ABT,2026-07-21,19.11,True
27501,203928709,ABT,2026-07-28,19.66,True
27501,203928709,ABT,2026-08-04,19.92,True
27501,203928709,ABT,2026-08-11,20.34,True
27501,203928709,BUY,2026-06-23,20.06,True
27501,203928709,BUY,2026-06-30,20.15,True
27501,203928709,BUY,2026-07-07,20.62,True
27501,203928709,BUY,2026-07-14,20.41,True
27501,203928709,BUY,2026-07-21,20.44,True
27501,203928709,BUY,2026-07-28,22.43,True
27501,203928709,BUY,2026-08-04,22.5,True
27501,203928709,BUY,2026-08-11,21.76,True
27407,203930685,ABT,2026-05-26,17.85,True
27407,203930685,ABT,2026-06-02,17.67,True
27407,203930685,ABT,2026-06-09,18.11,True
27407,203930685,ABT,2026-06-16,18.26,True
27407,203930685,ABT,2026-06-23,18.73,True
27407,203930685,ABT,2026-06-30,18.65,True
27407,203930685,ABT,2026-07-07,18.23,True
27407,203930685,ABT,2026-07-14,18.26,True
27407,203930685,ABT,2026-07-21,18.4,True
27407,203930685,ABT,2026-07-28,18.39,True
27407,203930685,ABT,2026-08-04,18.54,True
27407,203930685,ABT,2026-08-11,18.7,True
27407,203930685,BUY,2026-05-26,18.63,True
27407,203930685,BUY,2026-06-02,18.71,True
27407,203930685,BUY,2026-06-09,18.67,True
27407,203930685,BUY,2026-06-16,20.18,True
27407,203930685,BUY,2026-06-23,20.05,True
27407,203930685,BUY,2026-06-30,20.17,True
27407,203930685,BUY,2026-07-07,19.98,True
27407,203930685,BUY,2026-07-14,19.75,True
27407,203930685,BUY,2026-07-21,19.32,True
27407,203930685,BUY,2026-07-28,18.96,True
27407,203930685,BUY,2026-08-04,18.4,True
27407,203930685,BUY,2026-08-11,15.56,True
32984,203934122,ABT,2026-06-23,179.13,True
32984,203934122,ABT,2026-06-30,179.89,True
32984,203934122,ABT,2026-07-07,189.39,True
32984,203934122,ABT,2026-07-14,187.67,True
32984,203934122,ABT,2026-07-21,186.83,True
32984,203934122,ABT,2026-07-28,190.9,True
32984,203934122,ABT,2026-08-04,196.67,True
32984,203934122,ABT,2026-08-11,200.09,True
32984,203934122,BUY,2026-06-23,175.4,True
32984,203934122,BUY,2026-06-30,178.74,True
32984,203934122,BUY,2026-07-07,180.98,True
32984,203934122,BUY,2026-07-14,177.54,True
32984,203934122,BUY,2026-07-21,171.56,True
32984,203934122,BUY,2026-07-28,170.48,True
32984,203934122,BUY,2026-08-04,171.5,True
32984,203934122,BUY,2026-08-11,170.99,True
32405,203938179,ABT,2026-06-09,14.9,True
32405,203938179,ABT,2026-06-16,14.72,True
32405,203938179,ABT,2026-06-23,14.87,True
32405,203938179,ABT,2026-06-30,14.53,True
32405,203938179,ABT,2026-07-07,14.48,True
32405,203938179,ABT,2026-07-14,14.52,True
32405,203938179,ABT,2026-07-21,14.23,True
32405,203938179,ABT,2026-07-28,14.23,True
32405,203938179,ABT,2026-08-04,15.8,True
32405,203938179,ABT,2026-08-11,15.82,True
32405,203938179,BUY,2026-06-09,14.41,True
32405,203938179,BUY,2026-06-16,14.6,True
32405,203938179,BUY,2026-06-23,14.28,True
32405,203938179,BUY,2026-06-30,14.41,True
32405,203938179,BUY,2026-07-07,14.42,True
32405,203938179,BUY,2026-07-14,14.15,True
32405,203938179,BUY,2026-07-21,13.69,True
32405,203938179,BUY,2026-07-28,14.04,True
32405,203938179,BUY,2026-08-04,13.25,True
32405,203938179,BUY,2026-08-11,12.4,True
31992,203952966,ABT,2026-06-16,5.71,True
31992,203952966,ABT,2026-06-23,5.77,True
31992,203952966,ABT,2026-06-30,5.83,True
31992,203952966,ABT,2026-07-07,5.84,True
31992,203952966,ABT,2026-07-14,5.85,True
31992,203952966,ABT,2026-07-21,5.9,True
31992,203952966,ABT,2026-07-28,5.87,True
31992,203952966,ABT,2026-08-04,5.75,True
31992,203952966,ABT,2026-08-11,5.71,True
31992,203952966,BUY,2026-06-16,5.76,True
31992,203952966,BUY,2026-06-23,5.68,True
31992,203952966,BUY,2026-06-30,5.81,True
31992,203952966,BUY,2026-07-07,6.59,True
31992,203952966,BUY,2026-07-14,6.63,True
31992,203952966,BUY,2026-07-21,6.08,True
31992,203952966,BUY,2026-07-28,6.19,True
31992,203952966,BUY,2026-08-04,6.26,True
31992,203952966,BUY,2026-08-11,5.81,True
35877,204020411,ABT,2026-06-09,45.13,True
35877,204020411,ABT,2026-06-16,45.13,True
35877,204020411,ABT,2026-06-23,46.15,True
35877,204020411,ABT,2026-06-30,45.76,True
35877,204020411,ABT,2026-07-07,45.66,True
35877,204020411,ABT,2026-07-14,39.66,True
35877,204020411,ABT,2026-07-21,35.43,True
35877,204020411,ABT,2026-07-28,34.76,True
35877,204020411,ABT,2026-08-04,35.33,True
35877,204020411,ABT,2026-08-11,34.07,True
35877,204020411,BUY,2026-06-09,49.49,True
35877,204020411,BUY,2026-06-16,49.97,True
35877,204020411,BUY,2026-06-23,50.2,True
35877,204020411,BUY,2026-06-30,49.75,True
35877,204020411,BUY,2026-07-07,48.67,True
35877,204020411,BUY,2026-07-14,48.68,True
35877,204020411,BUY,2026-07-21,48.74,True
35877,204020411,BUY,2026-07-28,46.85,True
35877,204020411,BUY,2026-08-04,46.99,True
35877,204020411,BUY,2026-08-11,46.82,True
27857,204035273,ABT,2026-06-09,1.73,True
27857,204035273,ABT,2026-06-16,1.73,True
27857,204035273,ABT,2026-06-23,1.74,True
27857,204035273,ABT,2026-06-30,1.65,True
27857,204035273,ABT,2026-07-07,1.65,True
27857,204035273,ABT,2026-07-14,1.7,True
27857,204035273,ABT,2026-07-21,1.7,True
27857,204035273,ABT,2026-07-28,1.67,True
27857,204035273,ABT,2026-08-04,1.65,True
27857,204035273,ABT,2026-08-11,1.66,True
27857,204035273,BUY,2026-06-09,1.73,True
27857,204035273,BUY,2026-06-16,1.73,True
27857,204035273,BUY,2026-06-23,1.51,True
27857,204035273,BUY,2026-06-30,1.55,True
27857,204035273,BUY,2026-07-07,1.51,True
27857,204035273,BUY,2026-07-14,1.5,True
27857,204035273,BUY,2026-07-21,1.54,True
27857,204035273,BUY,2026-07-28,1.52,True
27857,204035273,BUY,2026-08-04,1.36,True
27857,204035273,BUY,2026-08-11,1.34,True
35990,204049431,ABT,2026-06-09,132.55,True
35990,204049431,ABT,2026-06-16,130.41,True
35990,204049431,ABT,2026-06-23,134.88,True
35990,204049431,ABT,2026-06-30,122.23,True
35990,204049431,ABT,2026-07-07,112.17,True
35990,204049431,ABT,2026-07-14,99.89,True
35990,204049431,ABT,2026-07-21,90.91,True
35990,204049431,ABT,2026-07-28,83.13,True
35990,204049431,ABT,2026-08-04,84.13,True
35990,204049431,ABT,2026-08-11,83.7,True
35990,204049431,BUY,2026-06-09,132.58,True
35990,204049431,BUY,2026-06-16,132.7,True
35990,204049431,BUY,2026-06-23,134.09,True
35990,204049431,BUY,2026-06-30,133.36,True
35990,204049431,BUY,2026-07-07,132.57,True
35990,204049431,BUY,2026-07-14,130.33,True
35990,204049431,BUY,2026-07-21,127.85,True
35990,204049431,BUY,2026-07-28,127.17,True
35990,204049431,BUY,2026-08-04,126.45,True
35990,204049431,BUY,2026-08-11,124.18,True
31284,204049534,ABT,2026-06-23,290.2,True
31284,204049534,ABT,2026-06-30,291.9,True
31284,204049534,ABT,2026-07-07,288.27,True
31284,204049534,ABT,2026-07-14,286.45,True
31284,204049534,ABT,2026-07-21,290.53,True
31284,204049534,ABT,2026-07-28,284.64,True
31284,204049534,ABT,2026-08-04,283.37,True
31284,204049534,ABT,2026-08-11,287.33,True
31284,204049534,BUY,2026-06-23,290.01,True
31284,204049534,BUY,2026-06-30,287.98,True
31284,204049534,BUY,2026-07-07,283.36,True
31284,204049534,BUY,2026-07-14,276.55,True
31284,204049534,BUY,2026-07-21,276.18,True
31284,204049534,BUY,2026-07-28,276.75,True
31284,204049534,BUY,2026-08-04,279.48,True
31284,204049534,BUY,2026-08-11,281.06,True
27137,204049780,ABT,2026-06-02,36.12,True
27137,204049780,ABT,2026-06-09,36.56,True
27137,204049780,ABT,2026-06-16,36.29,True
27137,204049780,ABT,2026-06-23,40.56,True
27137,204049780,ABT,2026-06-30,40.24,True
27137,204049780,ABT,2026-07-07,41.11,True
27137,204049780,ABT,2026-07-14,41.33,True
27137,204049780,ABT,2026-07-21,41.69,True
27137,204049780,ABT,2026-07-28,41.49,True
27137,204049780,ABT,2026-08-04,41.61,True
27137,204049780,ABT,2026-08-11,40.53,True
27137,204049780,BUY,2026-06-02,35.86,True
27137,204049780,BUY,2026-06-09,36.01,True
27137,204049780,BUY,2026-06-16,35.71,True
27137,204049780,BUY,2026-06-23,33.28,True
27137,204049780,BUY,2026-06-30,32.74,True
27137,204049780,BUY,2026-07-07,32.49,True
27137,204049780,BUY,2026-07-14,32.42,True
27137,204049780,BUY,2026-07-21,32.09,True
27137,204049780,BUY,2026-07-28,32.67,True
27137,204049780,BUY,2026-08-04,32.16,True
27137,204049780,BUY,2026-08-11,32.2,True
32876,204053338,ABT,2026-06-09,9.23,True
32876,204053338,ABT,2026-06-16,9.16,True
32876,204053338,ABT,2026-06-23,8.46,True
32876,204053338,ABT,2026-06-30,8.36,True
32876,204053338,ABT,2026-07-07,8.29,True
32876,204053338,ABT,2026-07-14,8.16,True
32876,204053338,ABT,2026-07-21,8.16,True
32876,204053338,ABT,2026-07-28,8.09,True
32876,204053338,ABT,2026-08-04,8.05,True
32876,204053338,ABT,2026-08-11,8.17,True
32876,204053338,BUY,2026-06-09,9.41,True
32876,204053338,BUY,2026-06-16,9.67,True
32876,204053338,BUY,2026-06-23,9.79,True
32876,204053338,BUY,2026-06-30,9.85,True
32876,204053338,BUY,2026-07-07,9.71,True
32876,204053338,BUY,2026-07-14,9.44,True
32876,204053338,BUY,2026-07-21,9.67,True
32876,204053338,BUY,2026-07-28,9.77,True
32876,204053338,BUY,2026-08-04,9.91,True
32876,204053338,BUY,2026-08-11,9.94,True
33532,204071217,ABT,2026-06-16,35.47,True
33532,204071217,ABT,2026-06-23,35.69,True
33532,204071217,ABT,2026-06-30,39.76,True
33532,204071217,ABT,2026-07-07,40.19,True
33532,204071217,ABT,2026-07-14,39.41,True
33532,204071217,ABT,2026-07-21,39.38,True
33532,204071217,ABT,2026-07-28,39.67,True
33532,204071217,ABT,2026-08-04,36.7,True
33532,204071217,ABT,2026-08-11,36.51,True
33532,204071217,BUY,2026-06-16,35.79,True
33532,204071217,BUY,2026-06-23,36.45,True
33532,204071217,BUY,2026-06-30,37.26,True
33532,204071217,BUY,2026-07-07,36.65,True
33532,204071217,BUY,2026-07-14,36.69,True
33532,204071217,BUY,2026-07-21,36.75,True
33532,204071217,BUY,2026-07-28,37.1,True
33532,204071217,BUY,2026-08-04,37.2,True
33532,204071217,BUY,2026-08-11,37.1,True
38726,204080936,ABT,2026-06-09,101.32,True
38726,204080936,ABT,2026-06-16,103.23,True
38726,204080936,ABT,2026-06-23,104.42,True
38726,204080936,ABT,2026-06-30,102.58,True
38726,204080936,ABT,2026-07-07,100.3,True
38726,204080936,ABT,2026-07-14,99.72,True
38726,204080936,ABT,2026-07-21,100.67,True
38726,204080936,ABT,2026-07-28,96.95,True
38726,204080936,ABT,2026-08-04,98.31,True
38726,204080936,ABT,2026-08-11,94.59,True
38726,204080936,BUY,2026-06-09,94.11,True
38726,204080936,BUY,2026-06-16,86.71,True
38726,204080936,BUY,2026-06-23,94.72,True
38726,204080936,BUY,2026-06-30,94.94,True
38726,204080936,BUY,2026-07-07,96.02,True
38726,204080936,BUY,2026-07-14,95.54,True
38726,204080936,BUY,2026-07-21,96.64,True
38726,204080936,BUY,2026-07-28,98.69,True
38726,204080936,BUY,2026-08-04,98.83,True
38726,204080936,BUY,2026-08-11,98.05,True
38767,204154429,ABT,2026-06-09,60.14,True
38767,204154429,ABT,2026-06-16,61.77,True
38767,204154429,ABT,2026-06-23,61.21,True
38767,204154429,ABT,2026-06-30,62.27,True
38767,204154429,ABT,2026-07-07,62.1,True
38767,204154429,ABT,2026-07-14,62.62,True
38767,204154429,ABT,2026-07-21,64.19,True
38767,204154429,ABT,2026-07-28,56.27,True
38767,204154429,ABT,2026-08-04,50.3,True
38767,204154429,ABT,2026-08-11,50.59,True
38767,204154429,BUY,2026-06-09,71.48,True
38767,204154429,BUY,2026-06-16,69.76,True
38767,204154429,BUY,2026-06-23,66.18,True
38767,204154429,BUY,2026-06-30,64.65,True
38767,204154429,BUY,2026-07-07,64.9,True
38767,204154429,BUY,2026-07-14,64.97,True
38767,204154429,BUY,2026-07-21,64.99,True
38767,204154429,BUY,2026-07-28,66.18,True
38767,204154429,BUY,2026-08-04,74.44,True
38767,204154429,BUY,2026-08-11,75.03,True
30585,204206934,ABT,2026-06-02,57.32,True
30585,204206934,ABT,2026-06-09,49.93,True
30585,204206934,ABT,2026-06-16,49.85,True
30585,204206934,ABT,2026-06-23,50.44,True
30585,204206934,ABT,2026-06-30,51.42,True
30585,204206934,ABT,2026-07-07,49.21,True
30585,204206934,ABT,2026-07-14,49.14,True
30585,204206934,ABT,2026-07-21,49.57,True
30585,204206934,ABT,2026-07-28,48.04,True
30585,204206934,ABT,2026-08-04,48.41,True
30585,204206934,ABT,2026-08-11,47.32,True
30585,204206934,BUY,2026-06-02,61.5,True
30585,204206934,BUY,2026-06-09,61.71,True
30585,204206934,BUY,2026-06-16,62.76,True
30585,204206934,BUY,2026-06-23,62.35,True
30585,204206934,BUY,2026-06-30,55.86,True
30585,204206934,BUY,2026-07-07,54.47,True
30585,204206934,BUY,2026-07-14,55.39,True
30585,204206934,BUY,2026-07-21,56.57,True
30585,204206934,BUY,2026-07-28,50.22,True
30585,204206934,BUY,2026-08-04,49.84,True
30585,204206934,BUY,2026-08-11,50.87,True
28350,204206935,ABT,2026-06-23,89.86,True
28350,204206935,ABT,2026-06-30,87.52,True
28350,204206935,ABT,2026-07-07,89.22,True
28350,204206935,ABT,2026-07-14,91.81,True
28350,204206935,ABT,2026-07-21,93.32,True
28350,204206935,ABT,2026-07-28,94.26,True
28350,204206935,ABT,2026-08-04,95.58,True
28350,204206935,ABT,2026-08-11,102.1,True
28350,204206935,BUY,2026-06-23,89.8,True
28350,204206935,BUY,2026-06-30,91.32,True
28350,204206935,BUY,2026-07-07,93.5,True
28350,204206935,BUY,2026-07-14,84.13,True
28350,204206935,BUY,2026-07-21,84.04,True
28350,204206935,BUY,2026-07-28,85.5,True
28350,204206935,BUY,2026-08-04,92.16,True
28350,204206935,BUY,2026-08-11,89.89,True
29231,204206936,ABT,2026-06-09,86.16,True
29231,204206936,ABT,2026-06-16,86.41,True
29231,204206936,ABT,2026-06-23,85.73,True
29231,204206936,ABT,2026-06-30,84.76,True
29231,204206936,ABT,2026-07-07,81.82,True
29231,204206936,ABT,2026-07-14,81.15,True
29231,204206936,ABT,2026-07-21,78.26,True
29231,204206936,ABT,2026-07-28,77.73,True
29231,204206936,ABT,2026-08-04,76.07,True
29231,204206936,ABT,2026-08-11,74.52,True
29231,204206936,BUY,2026-06-09,87.98,True
29231,204206936,BUY,2026-06-16,89.62,True
29231,204206936,BUY,2026-06-23,96.36,True
29231,204206936,BUY,2026-06-30,94.89,True
29231,204206936,BUY,2026-07-07,93.4,True
29231,204206936,BUY,2026-07-14,92.27,True
29231,204206936,BUY,2026-07-21,95.18,True
29231,204206936,BUY,2026-07-28,94.09,True
29231,204206936,BUY,2026-08-04,94.28,True
29231,204206936,BUY,2026-08-11,95.22,True
32878,204219387,ABT,2026-06-16,12.98,True
32878,204219387,ABT,2026-06-23,13.1,True
32878,204219387,ABT,2026-06-30,12.71,True
32878,204219387,ABT,2026-07-07,12.68,True
32878,204219387,ABT,2026-07-14,12.86,True
32878,204219387,ABT,2026-07-21,12.61,True
32878,204219387,ABT,2026-07-28,12.54,True
32878,204219387,ABT,2026-08-04,13.21,True
32878,204219387,ABT,2026-08-11,11.95,True
32878,204219387,BUY,2026-06-16,13.26,True
32878,204219387,BUY,2026-06-23,13.24,True
32878,204219387,BUY,2026-06-30,13.41,True
32878,204219387,BUY,2026-07-07,13.51,True
32878,204219387,BUY,2026-07-14,13.36,True
32878,204219387,BUY,2026-07-21,12.23,True
32878,204219387,BUY,2026-07-28,11.29,True
32878,204219387,BUY,2026-08-04,10.29,True
32878,204219387,BUY,2026-08-11,10.15,True
32323,204222207,ABT,2026-06-23,18.49,True
32323,204222207,ABT,2026-06-30,18.26,True
32323,204222207,ABT,2026-07-07,16.15,True
32323,204222207,ABT,2026-07-14,16.2,True
32323,204222207,ABT,2026-07-21,16.35,True
32323,204222207,ABT,2026-07-28,19.5,True
32323,204222207,ABT,2026-08-04,20.89,True
32323,204222207,ABT,2026-08-11,21.03,True
32323,204222207,BUY,2026-06-23,21.32,True
32323,204222207,BUY,2026-06-30,20.99,True
32323,204222207,BUY,2026-07-07,20.3,True
32323,204222207,BUY,2026-07-14,19.98,True
32323,204222207,BUY,2026-07-21,17.3,True
32323,204222207,BUY,2026-07-28,16.16,True
32323,204222207,BUY,2026-08-04,16.18,True
32323,204222207,BUY,2026-08-11,17.18,True
30206,204222662,ABT,2026-06-23,169.85,True
30206,204222662,ABT,2026-06-30,167.76,True
30206,204222662,ABT,2026-07-07,170.01,True
30206,204222662,ABT,2026-07-14,171.1,True
30206,204222662,ABT,2026-07-21,169.16,True
30206,204222662,ABT,2026-07-28,161.43,True
30206,204222662,ABT,2026-08-04,161.45,True
30206,204222662,ABT,2026-08-11,159.59,True
30206,204222662,BUY,2026-06-23,167.56,True
30206,204222662,BUY,2026-06-30,168.6,True
30206,204222662,BUY,2026-07-07,168.77,True
30206,204222662,BUY,2026-07-14,166.45,True
30206,204222662,BUY,2026-07-21,158.82,True
30206,204222662,BUY,2026-07-28,151.39,True
30206,204222662,BUY,2026-08-04,144.48,True
30206,204222662,BUY,2026-08-11,134.87,True
38784,204222897,ABT,2026-06-02,386.44,True
38784,204222897,ABT,2026-06-09,391.06,True
38784,204222897,ABT,2026-06-16,394.08,True
38784,204222897,ABT,2026-06-23,400.06,True
38784,204222897,ABT,2026-06-30,403.22,True
38784,204222897,ABT,2026-07-07,413.39,True
38784,204222897,ABT,2026-07-14,408.72,True
38784,204222897,ABT,2026-07-21,401.69,True
38784,204222897,ABT,2026-07-28,397.71,True
38784,204222897,ABT,2026-08-04,400.93,True
38784,204222897,ABT,2026-08-11,409.42,True
38784,204222897,BUY,2026-06-02,349.2,True
38784,204222897,BUY,2026-06-09,317.54,True
38784,204222897,BUY,2026-06-16,325.73,True
38784,204222897,BUY,2026-06-23,329.19,True
38784,204222897,BUY,2026-06-30,331.26,True
38784,204222897,BUY,2026-07-07,334.7,True
38784,204222897,BUY,2026-07-14,336.13,True
38784,204222897,BUY,2026-07-21,334.13,True
38784,204222897,BUY,2026-07-28,326.23,True
38784,204222897,BUY,2026-08-04,329.92,True
38784,204222897,BUY,2026-08-11,328.47,True
31414,204222915,ABT,2026-06-16,96.46,True
31414,204222915,ABT,2026-06-23,83.87,True
31414,204222915,ABT,2026-06-30,82.93,True
31414,204222915,ABT,2026-07-07,82.26,True
31414,204222915,ABT,2026-07-14,80.57,True
31414,204222915,ABT,2026-07-21,81.75,True
31414,204222915,ABT,2026-07-28,82.89,True
31414,204222915,ABT,2026-08-04,80.24,True
31414,204222915,ABT,2026-08-11,81.67,True
31414,204222915,BUY,2026-06-16,96.16,True
31414,204222915,BUY,2026-06-23,108.03,True
31414,204222915,BUY,2026-06-30,96.91,True
31414,204222915,BUY,2026-07-07,99.43,True
31414,204222915,BUY,2026-07-14,83.27,True
31414,204222915,BUY,2026-07-21,72.85,True
31414,204222915,BUY,2026-07-28,62.05,True
31414,204222915,BUY,2026-08-04,53.57,True
31414,204222915,BUY,2026-08-11,53.81,True
33026,204230770,ABT,2026-05-26,13.95,True
33026,204230770,ABT,2026-06-02,13.07,True
33026,204230770,ABT,2026-06-09,13.08,True
33026,204230770,ABT,2026-06-16,12.82,True
33026,204230770,ABT,2026-06-23,12.83,True
33026,204230770,ABT,2026-06-30,12.8,True
33026,204230770,ABT,2026-07-07,12.9,True
33026,204230770,ABT,2026-07-14,12.89,True
33026,204230770,ABT,2026-07-21,12.78,True
33026,204230770,ABT,2026-07-28,12.74,True
33026,204230770,ABT,2026-08-04,12.65,True
33026,204230770,ABT,2026-08-11,12.46,True
33026,204230770,BUY,2026-05-26,13.82,True
33026,204230770,BUY,2026-06-02,13.89,True
33026,204230770,BUY,2026-06-09,14.07,True
33026,204230770,BUY,2026-06-16,13.84,True
33026,204230770,BUY,2026-06-23,12.36,True
33026,204230770,BUY,2026-06-30,12.07,True
33026,204230770,BUY,2026-07-07,12.27,True
33026,204230770,BUY,2026-07-14,12.26,True
33026,204230770,BUY,2026-07-21,12.62,True
33026,204230770,BUY,2026-07-28,12.96,True
33026,204230770,BUY,2026-08-04,12.12,True
33026,204230770,BUY,2026-08-11,12.1,True
35905,204238996,ABT,2026-06-02,149.28,True
35905,204238996,ABT,2026-06-09,151.26,True
35905,204238996,ABT,2026-06-16,152.15,True
35905,204238996,ABT,2026-06-23,150.14,True
35905,204238996,ABT,2026-06-30,147.36,True
35905,204238996,ABT,2026-07-07,146.95,True
35905,204238996,ABT,2026-07-14,147.91,True
35905,204238996,ABT,2026-07-21,147.99,True
35905,204238996,ABT,2026-07-28,151.4,True
35905,204238996,ABT,2026-08-04,150.48,True
35905,204238996,ABT,2026-08-11,152.53,True
35905,204238996,BUY,2026-06-02,143.96,True
35905,204238996,BUY,2026-06-09,142.89,True
35905,204238996,BUY,2026-06-16,126.02,True
35905,204238996,BUY,2026-06-23,126.08,True
35905,204238996,BUY,2026-06-30,126.37,True
35905,204238996,BUY,2026-07-07,124.35,True
35905,204238996,BUY,2026-07-14,127.53,True
35905,204238996,BUY,2026-07-21,127.37,True
35905,204238996,BUY,2026-07-28,126.67,True
35905,204238996,BUY,2026-08-04,126.82,True
35905,204238996,BUY,2026-08-11,124.89,True
28137,204254634,ABT,2026-06-23,55.61,True
28137,204254634,ABT,2026-06-30,54.83,True
28137,204254634,ABT,2026-07-07,54.87,True
28137,204254634,ABT,2026-07-14,56.15,True
28137,204254634,ABT,2026-07-21,57.17,True
28137,204254634,ABT,2026-07-28,58.43,True
28137,204254634,ABT,2026-08-04,59.4,True
28137,204254634,ABT,2026-08-11,59.12,True
28137,204254634,BUY,2026-06-23,53.62,True
28137,204254634,BUY,2026-06-30,53.45,True
28137,204254634,BUY,2026-07-07,52.27,True
28137,204254634,BUY,2026-07-14,53.62,True
28137,204254634,BUY,2026-07-21,61.33,True
28137,204254634,BUY,2026-07-28,60.14,True
28137,204254634,BUY,2026-08-04,60.36,True
28137,204254634,BUY,2026-08-11,60.42,True
28366,204254738,ABT,2026-06-16,46.09,True
28366,204254738,ABT,2026-06-23,45.8,True
28366,204254738,ABT,2026-06-30,45.17,True
28366,204254738,ABT,2026-07-07,46.23,True
28366,204254738,ABT,2026-07-14,41.97,True
28366,204254738,ABT,2026-07-21,36.59,True
28366,204254738,ABT,2026-07-28,32.6,True
28366,204254738,ABT,2026-08-04,32.12,True
28366,204254738,ABT,2026-08-11,31.83,True
28366,204254738,BUY,2026-06-16,45.42,True
28366,204254738,BUY,2026-06-23,45.37,True
28366,204254738,BUY,2026-06-30,44.98,True
28366,204254738,BUY,2026-07-07,44.98,True
28366,204254738,BUY,2026-07-14,46.6,True
28366,204254738,BUY,2026-07-21,44.62,True
28366,204254738,BUY,2026-07-28,44.52,True
28366,204254738,BUY,2026-08-04,44.94,True
28366,204254738,BUY,2026-08-11,44.75,True
27589,204264643,ABT,2026-06-23,474.79,True
27589,204264643,ABT,2026-06-30,404.5,True
27589,204264643,ABT,2026-07-07,343.71,True
27589,204264643,ABT,2026-07-14,345.55,True
27589,204264643,ABT,2026-07-21,338.5,True
27589,204264643,ABT,2026-07-28,382.64,True
27589,204264643,ABT,2026-08-04,378.6,True
27589,204264643,ABT,2026-08-11,343.85,True
27589,204264643,BUY,2026-06-23,547.85,True
27589,204264643,BUY,2026-06-30,521.63,True
27589,204264643,BUY,2026-07-07,516.88,True
27589,204264643,BUY,2026-07-14,524.44,True
27589,204264643,BUY,2026-07-21,523.89,True
27589,204264643,BUY,2026-07-28,507.21,True
27589,204264643,BUY,2026-08-04,506.57,True
27589,204264643,BUY,2026-08-11,513.04,True
26137,204272122,ABT,2026-06-02,89.61,True
26137,204272122,ABT,2026-06-09,99.71,True
26137,204272122,ABT,2026-06-16,98.22,True
26137,204272122,ABT,2026-06-23,96.7,True
26137,204272122,ABT,2026-06-30,97.8,True
26137,204272122,ABT,2026-07-07,100.58,True
26137,204272122,ABT,2026-07-14,111.92,True
26137,204272122,ABT,2026-07-21,113.09,True
26137,204272122,ABT,2026-07-28,116.22,True
26137,204272122,ABT,2026-08-04,116.94,True
26137,204272122,ABT,2026-08-11,115.79,True
26137,204272122,BUY,2026-06-02,90.3,True
26137,204272122,BUY,2026-06-09,86.56,True
26137,204272122,BUY,2026-06-16,85.77,True
26137,204272122,BUY,2026-06-23,84.49,True
26137,204272122,BUY,2026-06-30,84.57,True
26137,204272122,BUY,2026-07-07,83.98,True
26137,204272122,BUY,2026-07-14,84.57,True
26137,204272122,BUY,2026-07-21,84.41,True
26137,204272122,BUY,2026-07-28,84.82,True
26137,204272122,BUY,2026-08-04,83.98,True
26137,204272122,BUY,2026-08-11,84.48,True
17906,204274644,ABT,2026-06-23,499.47,True
17906,204274644,ABT,2026-06-30,510.73,True
17906,204274644,ABT,2026-07-07,507.42,True
17906,204274644,ABT,2026-07-14,518.81,True
17906,204274644,ABT,2026-07-21,438.98,True
17906,204274644,ABT,2026-07-28,443.65,True
17906,204274644,ABT,2026-08-04,438.19,True
17906,204274644,ABT,2026-08-11,441.36,True
17906,204274644,BUY,2026-06-23,507.67,True
17906,204274644,BUY,2026-06-30,505.86,True
17906,204274644,BUY,2026-07-07,507.62,True
17906,204274644,BUY,2026-07-14,519.25,True
17906,204274644,BUY,2026-07-21,509.32,True
17906,204274644,BUY,2026-07-28,511.26,True
17906,204274644,BUY,2026-08-04,520.09,True
17906,204274644,BUY,2026-08-11,520.3,True
21989,204274645,ABT,2026-06-09,431.36,True
21989,204274645,ABT,2026-06-16,430.29,True
21989,204274645,ABT,2026-06-23,427.39,True
21989,204274645,ABT,2026-06-30,426.6,True
21989,204274645,ABT,2026-07-07,425.62,True
21989,204274645,ABT,2026-07-14,422.09,True
21989,204274645,ABT,2026-07-21,425.5,True
21989,204274645,ABT,2026-07-28,423.82,True
21989,204274645,ABT,2026-08-04,422.92,True
21989,204274645,ABT,2026-08-11,427.74,True
21989,204274645,BUY,2026-06-09,418.35,True
21989,204274645,BUY,2026-06-16,427.96,True
21989,204274645,BUY,2026-06-23,427.72,True
21989,204274645,BUY,2026-06-30,423.03,True
21989,204274645,BUY,2026-07-07,419.04,True
21989,204274645,BUY,2026-07-14,419.96,True
21989,204274645,BUY,2026-07-21,426.32,True
21989,204274645,BUY,2026-07-28,430.3,True
21989,204274645,BUY,2026-08-04,427.74,True
21989,204274645,BUY,2026-08-11,429.2,True
26082,204274660,ABT,2026-06-23,925.89,True
26082,204274660,ABT,2026-06-30,934.93,True
26082,204274660,ABT,2026-07-07,922.19,True
26082,204274660,ABT,2026-07-14,922.98,True
26082,204274660,ABT,2026-07-21,913.41,True
26082,204274660,ABT,2026-07-28,913.95,True
26082,204274660,ABT,2026-08-04,917.31,True
26082,204274660,ABT,2026-08-11,893.64,True
26082,204274660,BUY,2026-06-23,942.63,True
26082,204274660,BUY,2026-06-30,930.43,True
26082,204274660,BUY,2026-07-07,913.14,True
26082,204274660,BUY,2026-07-14,939.05,True
26082,204274660,BUY,2026-07-21,956.08,True
26082,204274660,BUY,2026-07-28,959.01,True
26082,204274660,BUY,2026-08-04,1056.5,True
26082,204274660,BUY,2026-08-11,1077.56,True
27789,204292470,ABT,2026-06-16,591.38,True
27789,204292470,ABT,2026-06-23,586.93,True
27789,204292470,ABT,2026-06-30,556.23,True
27789,204292470,ABT,2026-07-07,552.48,True
27789,204292470,ABT,2026-07-14,543.92,True
27789,204292470,ABT,2026-07-21,537.23,True
27789,204292470,ABT,2026-07-28,527.29,True
27789,204292470,ABT,2026-08-04,529.48,True
27789,204292470,ABT,2026-08-11,523.26,True
27789,204292470,BUY,2026-06-16,651.25,True
27789,204292470,BUY,2026-06-23,653.38,True
27789,204292470,BUY,2026-06-30,654.48,True
27789,204292470,BUY,2026-07-07,659.34,True
27789,204292470,BUY,2026-07-14,652.83,True
27789,204292470,BUY,2026-07-21,658.52,True
27789,204292470,BUY,2026-07-28,656.37,True
27789,204292470,BUY,2026-08-04,653.01,True
27789,204292470,BUY,2026-08-11,653.28,True
27188,204292472,ABT,2026-05-26,881.23,True
27188,204292472,ABT,2026-06-02,907.34,True
27188,204292472,ABT,2026-06-09,904.93,True
27188,204292472,ABT,2026-06-16,924.67,True
27188,204292472,ABT,2026-06-23,797.25,True
27188,204292472,ABT,2026-06-30,803.58,True
27188,204292472,ABT,2026-07-07,808.63,True
27188,204292472,ABT,2026-07-14,796.81,True
27188,204292472,ABT,2026-07-21,814.08,True
27188,204292472,ABT,2026-07-28,818.06,True
27188,204292472,ABT,2026-08-04,806.69,True
27188,204292472,ABT,2026-08-11,815.56,True
27188,204292472,BUY,2026-05-26,896.8,True
27188,204292472,BUY,2026-06-02,905.16,True
27188,204292472,BUY,2026-06-09,896.37,True
27188,204292472,BUY,2026-06-16,893.3,True
27188,204292472,BUY,2026-06-23,905.87,True
27188,204292472,BUY,2026-06-30,909.63,True
27188,204292472,BUY,2026-07-07,915.35,True
27188,204292472,BUY,2026-07-14,812.17,True
27188,204292472,BUY,2026-07-21,819.24,True
27188,204292472,BUY,2026-07-28,828.8,True
27188,204292472,BUY,2026-08-04,813.83,True
27188,204292472,BUY,2026-08-11,778.36,True
27793,204292473,ABT,2026-06-16,930.6,True
27793,204292473,ABT,2026-06-23,931.39,True
27793,204292473,ABT,2026-06-30,923.88,True
27793,204292473,ABT,2026-07-07,921.95,True
27793,204292473,ABT,2026-07-14,846.63,True
27793,204292473,ABT,2026-07-21,850.05,True
27793,204292473,ABT,2026-07-28,826.47,True
27793,204292473,ABT,2026-08-04,816.92,True
27793,204292473,ABT,2026-08-11,802.33,True
27793,204292473,BUY,2026-06-16,911.83,True
27793,204292473,BUY,2026-06-23,910.66,True
27793,204292473,BUY,2026-06-30,808.15,True
27793,204292473,BUY,2026-07-07,808.2,True
27793,204292473,BUY,2026-07-14,684.91,True
27793,204292473,BUY,2026-07-21,681.32,True
27793,204292473,BUY,2026-07-28,673.87,True
27793,204292473,BUY,2026-08-04,658.1,True
27793,204292473,BUY,2026-08-11,658.65,True
27186,204292477,ABT,2026-05-26,1948.11,True
27186,204292477,ABT,2026-06-02,1983.18,True
27186,204292477,ABT,2026-06-09,2002.05,True
27186,204292477,ABT,2026-06-16,1713.57,True
27186,204292477,ABT,2026-06-23,1682.09,True
27186,204292477,ABT,2026-06-30,1706.42,True
27186,204292477,ABT,2026-07-07,1725.59,True
27186,204292477,ABT,2026-07-14,1758.91,True
27186,204292477,ABT,2026-07-21,1718.54,True
27186,204292477,ABT,2026-07-28,1693.5,True
27186,204292477,ABT,2026-08-04,1684.08,True
27186,204292477,ABT,2026-08-11,1674.92,True
27186,204292477,BUY,2026-05-26,2016.76,True
27186,204292477,BUY,2026-06-02,2028.1,True
27186,204292477,BUY,2026-06-09,1994.63,True
27186,204292477,BUY,2026-06-16,1964.49,True
27186,204292477,BUY,2026-06-23,2006.03,True
27186,204292477,BUY,2026-06-30,2014.4,True
27186,204292477,BUY,2026-07-07,2048.45,True
27186,204292477,BUY,2026-07-14,2036.01,True
27186,204292477,BUY,2026-07-21,1976.95,True
27186,204292477,BUY,2026-07-28,1949.96,True
27186,204292477,BUY,2026-08-04,1969.94,True
27186,204292477,BUY,2026-08-11,2028.31,True
29392,204295637,ABT,2026-05-26,284.13,True
29392,204295637,ABT,2026-06-02,260.06,True
29392,204295637,ABT,2026-06-09,268.16,True
29392,204295637,ABT,2026-06-16,269.91,True
29392,204295637,ABT,2026-06-23,246.0,True
29392,204295637,ABT,2026-06-30,224.49,True
29392,204295637,ABT,2026-07-07,229.21,True
29392,204295637,ABT,2026-07-14,229.42,True
29392,204295637,ABT,2026-07-21,232.34,True
29392,204295637,ABT,2026-07-28,236.01,True
29392,204295637,ABT,2026-08-04,236.37,True
29392,204295637,ABT,2026-08-11,232.3,True
29392,204295637,BUY,2026-05-26,282.62,True
29392,204295637,BUY,2026-06-02,291.03,True
29392,204295637,BUY,2026-06-09,292.24,True
29392,204295637,BUY,2026-06-16,288.04,True
29392,204295637,BUY,2026-06-23,282.91,True
29392,204295637,BUY,2026-06-30,276.79,True
29392,204295637,BUY,2026-07-07,275.28,True
29392,204295637,BUY,2026-07-14,278.79,True
29392,204295637,BUY,2026-07-21,280.22,True
29392,204295637,BUY,2026-07-28,280.19,True
29392,204295637,BUY,2026-08-04,243.32,True
29392,204295637,BUY,2026-08-11,241.71,True
32877,204297424,ABT,2026-06-23,39.64,True
32877,204297424,ABT,2026-06-30,39.07,True
32877,204297424,ABT,2026-07-07,39.18,True
32877,204297424,ABT,2026-07-14,39.4,True
32877,204297424,ABT,2026-07-21,38.84,True
32877,204297424,ABT,2026-07-28,38.29,True
32877,204297424,ABT,2026-08-04,38.98,True
32877,204297424,ABT,2026-08-11,39.3,True
32877,204297424,BUY,2026-06-23,38.23,True
32877,204297424,BUY,2026-06-30,37.78,True
32877,204297424,BUY,2026-07-07,37.53,True
32877,204297424,BUY,2026-07-14,38.28,True
32877,204297424,BUY,2026-07-21,38.98,True
32877,204297424,BUY,2026-07-28,38.09,True
32877,204297424,BUY,2026-08-04,39.08,True
32877,204297424,BUY,2026-08-11,38.93,True
27194,204318283,ABT,2026-06-23,930.49,True
27194,204318283,ABT,2026-06-30,933.33,True
27194,204318283,ABT,2026-07-07,928.2,True
27194,204318283,ABT,2026-07-14,938.05,True
27194,204318283,ABT,2026-07-21,924.24,True
27194,204318283,ABT,2026-07-28,801.61,True
27194,204318283,ABT,2026-08-04,686.79,True
27194,204318283,ABT,2026-08-11,685.69,True
27194,204318283,BUY,2026-06-23,925.59,True
27194,204318283,BUY,2026-06-30,915.51,True
27194,204318283,BUY,2026-07-07,908.31,True
27194,204318283,BUY,2026-07-14,884.74,True
27194,204318283,BUY,2026-07-21,902.05,True
27194,204318283,BUY,2026-07-28,823.76,True
27194,204318283,BUY,2026-08-04,738.13,True
27194,204318283,BUY,2026-08-11,755.44,True
28175,204318286,ABT,2026-06-23,717.66,True
28175,204318286,ABT,2026-06-30,704.58,True
28175,204318286,ABT,2026-07-07,691.24,True
28175,204318286,ABT,2026-07-14,686.73,True
28175,204318286,ABT,2026-07-21,700.99,True
28175,204318286,ABT,2026-07-28,702.46,True
28175,204318286,ABT,2026-08-04,693.47,True
28175,204318286,ABT,2026-08-11,765.39,True
28175,204318286,BUY,2026-06-23,694.78,True
28175,204318286,BUY,2026-06-30,693.71,True
28175,204318286,BUY,2026-07-07,681.74,True
28175,204318286,BUY,2026-07-14,676.67,True
28175,204318286,BUY,2026-07-21,678.58,True
28175,204318286,BUY,2026-07-28,679.95,True
28175,204318286,BUY,2026-08-04,683.17,True
28175,204318286,BUY,2026-08-11,675.11,True
27197,204318288,ABT,2026-05-26,751.26,True
27197,204318288,ABT,2026-06-02,743.28,True
27197,204318288,ABT,2026-06-09,728.84,True
27197,204318288,ABT,2026-06-16,719.53,True
27197,204318288,ABT,2026-06-23,655.59,True
27197,204318288,ABT,2026-06-30,659.1,True
27197,204318288,ABT,2026-07-07,637.01,True
27197,204318288,ABT,2026-07-14,629.14,True
27197,204318288,ABT,2026-07-21,635.1,True
27197,204318288,ABT,2026-07-28,636.68,True
27197,204318288,ABT,2026-08-04,616.26,True
27197,204318288,ABT,2026-08-11,616.79,True
27197,204318288,BUY,2026-05-26,757.68,True
27197,204318288,BUY,2026-06-02,764.75,True
27197,204318288,BUY,2026-06-09,762.91,True
27197,204318288,BUY,2026-06-16,737.35,True
27197,204318288,BUY,2026-06-23,749.03,True
27197,204318288,BUY,2026-06-30,653.54,True
27197,204318288,BUY,2026-07-07,653.76,True
27197,204318288,BUY,2026-07-14,644.24,True
27197,204318288,BUY,2026-07-21,624.55,True
27197,204318288,BUY,2026-07-28,639.29,True
27197,204318288,BUY,2026-08-04,645.34,True
27197,204318288,BUY,2026-08-11,654.96,True
28138,204327516,ABT,2026-06-23,41.26,True
28138,204327516,ABT,2026-06-30,41.91,True
28138,204327516,ABT,2026-07-07,41.65,True
28138,204327516,ABT,2026-07-14,41.61,True
28138,204327516,ABT,2026-07-21,41.92,True
28138,204327516,ABT,2026-07-28,41.35,True
28138,204327516,ABT,2026-08-04,41.28,True
28138,204327516,ABT,2026-08-11,41.59,True
28138,204327516,BUY,2026-06-23,40.37,True
28138,204327516,BUY,2026-06-30,35.71,True
28138,204327516,BUY,2026-07-07,35.95,True
28138,204327516,BUY,2026-07-14,36.49,True
28138,204327516,BUY,2026-07-21,36.67,True
28138,204327516,BUY,2026-07-28,36.04,True
28138,204327516,BUY,2026-08-04,37.17,True
28138,204327516,BUY,2026-08-11,37.31,True
30808,204345240,ABT,2026-06-16,11.83,True
30808,204345240,ABT,2026-06-23,11.64,True
30808,204345240,ABT,2026-06-30,11.53,True
30808,204345240,ABT,2026-07-07,11.66,True
30808,204345240,ABT,2026-07-14,10.52,True
30808,204345240,ABT,2026-07-21,10.35,True
30808,204345240,ABT,2026-07-28,10.36,True
30808,204345240,ABT,2026-08-04,10.42,True
30808,204345240,ABT,2026-08-11,10.25,True
30808,204345240,BUY,2026-06-16,12.3,True
30808,204345240,BUY,2026-06-23,12.41,True
30808,204345240,BUY,2026-06-30,12.43,True
30808,204345240,BUY,2026-07-07,12.4,True
30808,204345240,BUY,2026-07-14,12.47,True
30808,204345240,BUY,2026-07-21,12.53,True
30808,204345240,BUY,2026-07-28,12.69,True
30808,204345240,BUY,2026-08-04,12.7,True
30808,204345240,BUY,2026-08-11,12.73,True
39038,204348269,ABT,2026-05-26,18.53,True
39038,204348269,ABT,2026-06-02,18.9,True
39038,204348269,ABT,2026-06-09,18.28,True
39038,204348269,ABT,2026-06-16,18.01,True
39038,204348269,ABT,2026-06-23,17.89,True
39038,204348269,ABT,2026-06-30,17.76,True
39038,204348269,ABT,2026-07-07,18.11,True
39038,204348269,ABT,2026-07-14,18.19,True
39038,204348269,ABT,2026-07-21,18.22,True
39038,204348269,ABT,2026-07-28,18.31,True
39038,204348269,ABT,2026-08-04,19.06,True
39038,204348269,ABT,2026-08-11,19.01,True
39038,204348269,BUY,2026-05-26,18.64,True
39038,204348269,BUY,2026-06-02,18.51,True
39038,204348269,BUY,2026-06-09,18.92,True
39038,204348269,BUY,2026-06-16,19.44,True
39038,204348269,BUY,2026-06-23,19.57,True
39038,204348269,BUY,2026-06-30,19.58,True
39038,204348269,BUY,2026-07-07,19.22,True
39038,204348269,BUY,2026-07-14,17.55,True
39038,204348269,BUY,2026-07-21,17.6,True
39038,204348269,BUY,2026-07-28,17.64,True
39038,204348269,BUY,2026-08-04,17.52,True
39038,204348269,BUY,2026-08-11,17.68,True
32022,204363358,ABT,2026-06-16,42.49,True
32022,204363358,ABT,2026-06-23,42.42,True
32022,204363358,ABT,2026-06-30,41.49,True
32022,204363358,ABT,2026-07-07,42.79,True
32022,204363358,ABT,2026-07-14,42.9,True
32022,204363358,ABT,2026-07-21,42.66,True
32022,204363358,ABT,2026-07-28,36.7,True
32022,204363358,ABT,2026-08-04,31.42,True
32022,204363358,ABT,2026-08-11,27.46,True
32022,204363358,BUY,2026-06-16,42.29,True
32022,204363358,BUY,2026-06-23,41.77,True
32022,204363358,BUY,2026-06-30,41.16,True
32022,204363358,BUY,2026-07-07,40.23,True
32022,204363358,BUY,2026-07-14,41.0,True
32022,204363358,BUY,2026-07-21,40.62,True
32022,204363358,BUY,2026-07-28,41.5,True
32022,204363358,BUY,2026-08-04,40.37,True
32022,204363358,BUY,2026-08-11,40.59,True
38751,204389692,ABT,2026-06-09,23.26,True
38751,204389692,ABT,2026-06-16,23.59,True
38751,204389692,ABT,2026-06-23,23.44,True
38751,204389692,ABT,2026-06-30,23.5,True
38751,204389692,ABT,2026-07-07,23.96,True
38751,204389692,ABT,2026-07-14,24.68,True
38751,204389692,ABT,2026-07-21,24.71,True
38751,204389692,ABT,2026-07-28,24.98,True
38751,204389692,ABT,2026-08-04,25.14,True
38751,204389692,ABT,2026-08-11,25.01,True
38751,204389692,BUY,2026-06-09,23.06,True
38751,204389692,BUY,2026-06-16,23.43,True
38751,204389692,BUY,2026-06-23,23.3,True
38751,204389692,BUY,2026-06-30,26.95,True
38751,204389692,BUY,2026-07-07,26.44,True
38751,204389692,BUY,2026-07-14,25.98,True
38751,204389692,BUY,2026-07-21,24.16,True
38751,204389692,BUY,2026-07-28,20.32,True
38751,204389692,BUY,2026-08-04,18.17,True
38751,204389692,BUY,2026-08-11,17.05,True
36345,204407682,ABT,2026-06-09,11.18,True
36345,204407682,ABT,2026-06-16,11.24,True
36345,204407682,ABT,2026-06-23,11.0,True
36345,204407682,ABT,2026-06-30,10.78,True
36345,204407682,ABT,2026-07-07,10.72,True
36345,204407682,ABT,2026-07-14,10.7,True
36345,204407682,ABT,2026-07-21,10.71,True
36345,204407682,ABT,2026-07-28,10.9,True
36345,204407682,ABT,2026-08-04,11.14,True
36345,204407682,ABT,2026-08-11,10.99,True
36345,204407682,BUY,2026-06-09,11.4,True
36345,204407682,BUY,2026-06-16,11.35,True
36345,204407682,BUY,2026-06-23,11.31,True
36345,204407682,BUY,2026-06-30,11.34,True
36345,204407682,BUY,2026-07-07,11.25,True
36345,204407682,BUY,2026-07-14,11.17,True
36345,204407682,BUY,2026-07-21,11.1,True
36345,204407682,BUY,2026-07-28,11.42,True
36345,204407682,BUY,2026-08-04,11.48,True
36345,204407682,BUY,2026-08-11,11.54,True
25797,204416098,ABT,2026-06-16,30.16,True
25797,204416098,ABT,2026-06-23,29.84,True
25797,204416098,ABT,2026-06-30,30.95,True
25797,204416098,ABT,2026-07-07,30.94,True
25797,204416098,ABT,2026-07-14,31.09,True
25797,204416098,ABT,2026-07-21,29.01,True
25797,204416098,ABT,2026-07-28,29.34,True
25797,204416098,ABT,2026-08-04,29.37,True
25797,204416098,ABT,2026-08-11,26.2,True
25797,204416098,BUY,2026-06-16,30.45,True
25797,204416098,BUY,2026-06-23,30.48,True
25797,204416098,BUY,2026-06-30,30.12,True
25797,204416098,BUY,2026-07-07,30.17,True
25797,204416098,BUY,2026-07-14,28.14,True
25797,204416098,BUY,2026-07-21,28.91,True
25797,204416098,BUY,2026-07-28,29.03,True
25797,204416098,BUY,2026-08-04,24.75,True
25797,204416098,BUY,2026-08-11,25.44,True
28205,204419878,ABT,2026-06-09,164.31,True
28205,204419878,ABT,2026-06-16,162.52,True
28205,204419878,ABT,2026-06-23,161.4,True
28205,204419878,ABT,2026-06-30,161.65,True
28205,204419878,ABT,2026-07-07,164.04,True
28205,204419878,ABT,2026-07-14,162.54,True
28205,204419878,ABT,2026-07-21,162.52,True
28205,204419878,ABT,2026-07-28,144.21,True
28205,204419878,ABT,2026-08-04,146.71,True
28205,204419878,ABT,2026-08-11,149.37,True
28205,204419878,BUY,2026-06-09,155.48,True
28205,204419878,BUY,2026-06-16,140.15,True
28205,204419878,BUY,2026-06-23,126.86,True
28205,204419878,BUY,2026-06-30,116.59,True
28205,204419878,BUY,2026-07-07,116.3,True
28205,204419878,BUY,2026-07-14,117.16,True
28205,204419878,BUY,2026-07-21,117.99,True
28205,204419878,BUY,2026-07-28,121.71,True
28205,204419878,BUY,2026-08-04,121.33,True
28205,204419878,BUY,2026-08-11,120.16,True
28033,204448530,ABT,2026-06-02,649.03,True
28033,204448530,ABT,2026-06-09,643.08,True
28033,204448530,ABT,2026-06-16,646.67,True
28033,204448530,ABT,2026-06-23,645.44,True
28033,204448530,ABT,2026-06-30,648.52,True
28033,204448530,ABT,2026-07-07,653.04,True
28033,204448530,ABT,2026-07-14,654.46,True
28033,204448530,ABT,2026-07-21,644.93,True
28033,204448530,ABT,2026-07-28,643.72,True
28033,204448530,ABT,2026-08-04,646.09,True
28033,204448530,ABT,2026-08-11,637.96,True
28033,204448530,BUY,2026-06-02,668.64,True
28033,204448530,BUY,2026-06-09,641.28,True
28033,204448530,BUY,2026-06-16,648.38,True
28033,204448530,BUY,2026-06-23,655.88,True
28033,204448530,BUY,2026-06-30,624.02,True
28033,204448530,BUY,2026-07-07,575.76,True
28033,204448530,BUY,2026-07-14,527.94,True
28033,204448530,BUY,2026-07-21,469.68,True
28033,204448530,BUY,2026-07-28,441.16,True
28033,204448530,BUY,2026-08-04,441.0,True
28033,204448530,BUY,2026-08-11,442.49,True
32033,204465488,ABT,2026-06-02,25.56,True
32033,204465488,ABT,2026-06-09,25.03,True
32033,204465488,ABT,2026-06-16,25.32,True
32033,204465488,ABT,2026-06-23,24.71,True
32033,204465488,ABT,2026-06-30,25.17,True
32033,204465488,ABT,2026-07-07,25.49,True
32033,204465488,ABT,2026-07-14,22.47,True
32033,204465488,ABT,2026-07-21,19.76,True
32033,204465488,ABT,2026-07-28,19.49,True
32033,204465488,ABT,2026-08-04,18.98,True
32033,204465488,ABT,2026-08-11,18.65,True
32033,204465488,BUY,2026-06-02,26.0,True
32033,204465488,BUY,2026-06-09,25.37,True
32033,204465488,BUY,2026-06-16,25.27,True
32033,204465488,BUY,2026-06-23,25.18,True
32033,204465488,BUY,2026-06-30,24.8,True
32033,204465488,BUY,2026-07-07,24.39,True
32033,204465488,BUY,2026-07-14,23.0,True
32033,204465488,BUY,2026-07-21,22.98,True
32033,204465488,BUY,2026-07-28,22.64,True
32033,204465488,BUY,2026-08-04,22.46,True
32033,204465488,BUY,2026-08-11,23.21,True
28978,204519849,ABT,2026-06-23,29.37,True
28978,204519849,ABT,2026-06-30,30.02,True
28978,204519849,ABT,2026-07-07,29.71,True
28978,204519849,ABT,2026-07-14,29.64,True
28978,204519849,ABT,2026-07-21,29.71,True
28978,204519849,ABT,2026-07-28,29.2,True
28978,204519849,ABT,2026-08-04,29.65,True
28978,204519849,ABT,2026-08-11,29.75,True
28978,204519849,BUY,2026-06-23,28.96,True
28978,204519849,BUY,2026-06-30,29.16,True
28978,204519849,BUY,2026-07-07,29.01,True
28978,204519849,BUY,2026-07-14,29.02,True
28978,204519849,BUY,2026-07-21,29.24,True
28978,204519849,BUY,2026-07-28,28.52,True
28978,204519849,BUY,2026-08-04,29.14,True
28978,204519849,BUY,2026-08-11,29.6,True
29493,204549804,ABT,2026-06-02,777.34,True
29493,204549804,ABT,2026-06-09,779.6,True
29493,204549804,ABT,2026-06-16,784.6,True
29493,204549804,ABT,2026-06-23,885.46,True
29493,204549804,ABT,2026-06-30,909.75,True
29493,204549804,ABT,2026-07-07,881.36,True
29493,204549804,ABT,2026-07-14,879.5,True
29493,204549804,ABT,2026-07-21,971.29,True
29493,204549804,ABT,2026-07-28,978.47,True
29493,204549804,ABT,2026-08-04,975.99,True
29493,204549804,ABT,2026-08-11,961.93,True
29493,204549804,BUY,2026-06-02,774.42,True
29493,204549804,BUY,2026-06-09,784.63,True
29493,204549804,BUY,2026-06-16,829.45,True
29493,204549804,BUY,2026-06-23,826.11,True
29493,204549804,BUY,2026-06-30,817.71,True
29493,204549804,BUY,2026-07-07,814.44,True
29493,204549804,BUY,2026-07-14,822.99,True
29493,204549804,BUY,2026-07-21,845.71,True
29493,204549804,BUY,2026-07-28,727.88,True
29493,204549804,BUY,2026-08-04,734.96,True
29493,204549804,BUY,2026-08-11,739.76,True
33972,204556588,ABT,2026-06-16,199.52,True
33972,204556588,ABT,2026-06-23,194.54,True
33972,204556588,ABT,2026-06-30,193.88,True
33972,204556588,ABT,2026-07-07,165.8,True
33972,204556588,ABT,2026-07-14,145.11,True
33972,204556588,ABT,2026-07-21,128.26,True
33972,204556588,ABT,2026-07-28,114.53,True
33972,204556588,ABT,2026-08-04,113.51,True
33972,204556588,ABT,2026-08-11,112.62,True
33972,204556588,BUY,2026-06-16,199.23,True
33972,204556588,BUY,2026-06-23,197.08,True
33972,204556588,BUY,2026-06-30,202.8,True
33972,204556588,BUY,2026-07-07,200.29,True
33972,204556588,BUY,2026-07-14,196.15,True
33972,204556588,BUY,2026-07-21,197.15,True
33972,204556588,BUY,2026-07-28,195.44,True
33972,204556588,BUY,2026-08-04,192.56,True
33972,204556588,BUY,2026-08-11,194.96,True
33601,204558176,ABT,2026-05-26,30.42,True
33601,204558176,ABT,2026-06-02,31.04,True
33601,204558176,ABT,2026-06-09,31.07,True
33601,204558176,ABT,2026-06-16,31.14,True
33601,204558176,ABT,2026-06-23,31.41,True
33601,204558176,ABT,2026-06-30,31.61,True
33601,204558176,ABT,2026-07-07,29.64,True
33601,204558176,ABT,2026-07-14,29.44,True
33601,204558176,ABT,2026-07-21,29.41,True
33601,204558176,ABT,2026-07-28,29.15,True
33601,204558176,ABT,2026-08-04,24.38,True
33601,204558176,ABT,2026-08-11,23.78,True
33601,204558176,BUY,2026-05-26,30.45,True
33601,204558176,BUY,2026-06-02,26.3,True
33601,204558176,BUY,2026-06-09,27.04,True
33601,204558176,BUY,2026-06-16,26.94,True
33601,204558176,BUY,2026-06-23,26.53,True
33601,204558176,BUY,2026-06-30,25.76,True
33601,204558176,BUY,2026-07-07,25.12,True
33601,204558176,BUY,2026-07-14,25.39,True
33601,204558176,BUY,2026-07-21,25.15,True
33601,204558176,BUY,2026-07-28,25.7,True
33601,204558176,BUY,2026-08-04,25.45,True
33601,204558176,BUY,2026-08-11,23.49,True
28982,204559208,ABT,2026-05-26,149.99,True
28982,204559208,ABT,2026-06-02,148.43,True
28982,204559208,ABT,2026-06-09,147.37,True
28982,204559208,ABT,2026-06-16,149.99,True
28982,204559208,ABT,2026-06-23,151.09,True
28982,204559208,ABT,2026-06-30,148.24,True
28982,204559208,ABT,2026-07-07,148.67,True
28982,204559208,ABT,2026-07-14,149.9,True
28982,204559208,ABT,2026-07-21,150.61,True
28982,204559208,ABT,2026-07-28,147.21,True
28982,204559208,ABT,2026-08-04,149.06,True
28982,204559208,ABT,2026-08-11,149.91,True
28982,204559208,BUY,2026-05-26,148.74,True
28982,204559208,BUY,2026-06-02,146.64,True
28982,204559208,BUY,2026-06-09,151.84,True
28982,204559208,BUY,2026-06-16,129.68,True
28982,204559208,BUY,2026-06-23,126.09,True
28982,204559208,BUY,2026-06-30,108.57,True
28982,204559208,BUY,2026-07-07,103.32,True
28982,204559208,BUY,2026-07-14,99.64,True
28982,204559208,BUY,2026-07-21,86.21,True
28982,204559208,BUY,2026-07-28,86.41,True
28982,204559208,BUY,2026-08-04,88.04,True
28982,204559208,BUY,2026-08-11,88.43,True
29574,204559209,ABT,2026-06-16,59.59,True
29574,204559209,ABT,2026-06-23,59.84,True
29574,204559209,ABT,2026-06-30,61.77,True
29574,204559209,ABT,2026-07-07,62.95,True
29574,204559209,ABT,2026-07-14,63.34,True
29574,204559209,ABT,2026-07-21,63.09,True
29574,204559209,ABT,2026-07-28,61.85,True
29574,204559209,ABT,2026-08-04,62.29,True
29574,204559209,ABT,2026-08-11,62.72,True
29574,204559209,BUY,2026-06-16,57.97,True
29574,204559209,BUY,2026-06-23,57.5,True
29574,204559209,BUY,2026-06-30,56.52,True
29574,204559209,BUY,2026-07-07,56.58,True
29574,204559209,BUY,2026-07-14,48.43,True
29574,204559209,BUY,2026-07-21,48.92,True
29574,204559209,BUY,2026-07-28,47.26,True
29574,204559209,BUY,2026-08-04,45.97,True
29574,204559209,BUY,2026-08-11,45.89,True
29950,204559210,ABT,2026-06-16,201.64,True
29950,204559210,ABT,2026-06-23,191.28,True
29950,204559210,ABT,2026-06-30,186.99,True
29950,204559210,ABT,2026-07-07,191.07,True
29950,204559210,ABT,2026-07-14,194.27,True
29950,204559210,ABT,2026-07-21,176.7,True
29950,204559210,ABT,2026-07-28,174.21,True
29950,204559210,ABT,2026-08-04,173.32,True
29950,204559210,ABT,2026-08-11,170.37,True
29950,204559210,BUY,2026-06-16,194.65,True
29950,204559210,BUY,2026-06-23,193.18,True
29950,204559210,BUY,2026-06-30,190.3,True
29950,204559210,BUY,2026-07-07,193.29,True
29950,204559210,BUY,2026-07-14,187.15,True
29950,204559210,BUY,2026-07-21,184.07,True
29950,204559210,BUY,2026-07-28,185.54,True
29950,204559210,BUY,2026-08-04,187.69,True
29950,204559210,BUY,2026-08-11,187.05,True
28980,204559211,ABT,2026-06-23,10.95,True
28980,204559211,ABT,2026-06-30,10.94,True
28980,204559211,ABT,2026-07-07,10.85,True
28980,204559211,ABT,2026-07-14,11.04,True
28980,204559211,ABT,2026-07-21,11.04,True
28980,204559211,ABT,2026-07-28,10.94,True
28980,204559211,ABT,2026-08-04,10.9,True
28980,204559211,ABT,2026-08-11,10.99,True
28980,204559211,BUY,2026-06-23,10.81,True
28980,204559211,BUY,2026-06-30,10.89,True
28980,204559211,BUY,2026-07-07,11.07,True
28980,204559211,BUY,2026-07-14,11.66,True
28980,204559211,BUY,2026-07-21,11.94,True
28980,204559211,BUY,2026-07-28,11.86,True
28980,204559211,BUY,2026-08-04,11.73,True
28980,204559211,BUY,2026-08-11,11.58,True
28979,204559213,ABT,2026-06-09,111.61,True
28979,204559213,ABT,2026-06-16,112.97,True
28979,204559213,ABT,2026-06-23,113.01,True
28979,204559213,ABT,2026-06-30,112.14,True
28979,204559213,ABT,2026-07-07,112.04,True
28979,204559213,ABT,2026-07-14,114.36,True
28979,204559213,ABT,2026-07-21,103.47,True
28979,204559213,ABT,2026-07-28,102.17,True
28979,204559213,ABT,2026-08-04,102.19,True
28979,204559213,ABT,2026-08-11,104.77,True
28979,204559213,BUY,2026-06-09,109.87,True
28979,204559213,BUY,2026-06-16,107.99,True
28979,204559213,BUY,2026-06-23,110.92,True
28979,204559213,BUY,2026-06-30,110.59,True
28979,204559213,BUY,2026-07-07,111.83,True
28979,204559213,BUY,2026-07-14,110.25,True
28979,204559213,BUY,2026-07-21,86.12,True
28979,204559213,BUY,2026-07-28,75.41,True
28979,204559213,BUY,2026-08-04,75.2,True
28979,204559213,BUY,2026-08-11,69.62,True
28981,204559214,ABT,2026-06-23,105.02,True
28981,204559214,ABT,2026-06-30,103.01,True
28981,204559214,ABT,2026-07-07,102.97,True
28981,204559214,ABT,2026-07-14,101.5,True
28981,204559214,ABT,2026-07-21,102.86,True
28981,204559214,ABT,2026-07-28,87.81,True
28981,204559214,ABT,2026-08-04,87.16,True
28981,204559214,ABT,2026-08-11,88.77,True
28981,204559214,BUY,2026-06-23,100.12,True
28981,204559214,BUY,2026-06-30,100.31,True
28981,204559214,BUY,2026-07-07,100.09,True
28981,204559214,BUY,2026-07-14,98.58,True
28981,204559214,BUY,2026-07-21,97.95,True
28981,204559214,BUY,2026-07-28,98.72,True
28981,204559214,BUY,2026-08-04,100.43,True
28981,204559214,BUY,2026-08-11,87.06,True
28256,204563763,ABT,2026-06-23,829.99,True
28256,204563763,ABT,2026-06-30,807.18,True
28256,204563763,ABT,2026-07-07,796.4,True
28256,204563763,ABT,2026-07-14,795.33,True
28256,204563763,ABT,2026-07-21,769.87,True
28256,204563763,ABT,2026-07-28,777.87,True
28256,204563763,ABT,2026-08-04,771.88,True
28256,204563763,ABT,2026-08-11,786.38,True
28256,204563763,BUY,2026-06-23,833.82,True
28256,204563763,BUY,2026-06-30,849.88,True
28256,204563763,BUY,2026-07-07,842.36,True
28256,204563763,BUY,2026-07-14,830.85,True
28256,204563763,BUY,2026-07-21,841.94,True
28256,204563763,BUY,2026-07-28,837.0,True
28256,204563763,BUY,2026-08-04,839.65,True
28256,204563763,BUY,2026-08-11,851.76,True
27810,204563770,ABT,2026-06-09,39.0,True
27810,204563770,ABT,2026-06-16,38.86,True
27810,204563770,ABT,2026-06-23,37.89,True
27810,204563770,ABT,2026-06-30,38.28,True
27810,204563770,ABT,2026-07-07,37.52,True
27810,204563770,ABT,2026-07-14,37.65,True
27810,204563770,ABT,2026-07-21,37.66,True
27810,204563770,ABT,2026-07-28,39.73,True
27810,204563770,ABT,2026-08-04,40.01,True
27810,204563770,ABT,2026-08-11,39.85,True
27810,204563770,BUY,2026-06-09,38.73,True
27810,204563770,BUY,2026-06-16,35.3,True
27810,204563770,BUY,2026-06-23,34.85,True
27810,204563770,BUY,2026-06-30,34.85,True
27810,204563770,BUY,2026-07-07,34.6,True
27810,204563770,BUY,2026-07-14,29.34,True
27810,204563770,BUY,2026-07-21,28.56,True
27810,204563770,BUY,2026-07-28,28.61,True
27810,204563770,BUY,2026-08-04,31.09,True
27810,204563770,BUY,2026-08-11,30.83,True
24316,204569292,ABT,2026-06-23,686.68,True
24316,204569292,ABT,2026-06-30,686.21,True
24316,204569292,ABT,2026-07-07,686.15,True
24316,204569292,ABT,2026-07-14,688.34,True
24316,204569292,ABT,2026-07-21,679.27,True
24316,204569292,ABT,2026-07-28,688.1,True
24316,204569292,ABT,2026-08-04,677.34,True
24316,204569292,ABT,2026-08-11,664.13,True
24316,204569292,BUY,2026-06-23,673.35,True
24316,204569292,BUY,2026-06-30,681.61,True
24316,204569292,BUY,2026-07-07,680.9,True
24316,204569292,BUY,2026-07-14,674.63,True
24316,204569292,BUY,2026-07-21,677.99,True
24316,204569292,BUY,2026-07-28,679.11,True
24316,204569292,BUY,2026-08-04,679.36,True
24316,204569292,BUY,2026-08-11,681.58,True
16765,204569335,ABT,2026-05-26,815.23,True
16765,204569335,ABT,2026-06-02,846.91,True
16765,204569335,ABT,2026-06-09,854.32,True
16765,204569335,ABT,2026-06-16,850.1,True
16765,204569335,ABT,2026-06-23,873.19,True
16765,204569335,ABT,2026-06-30,894.66,True
16765,204569335,ABT,2026-07-07,879.99,True
16765,204569335,ABT,2026-07-14,887.06,True
16765,204569335,ABT,2026-07-21,897.87,True
16765,204569335,ABT,2026-07-28,895.11,True
16765,204569335,ABT,2026-08-04,899.36,True
16765,204569335,ABT,2026-08-11,908.16,True
16765,204569335,BUY,2026-05-26,897.02,True
16765,204569335,BUY,2026-06-02,909.19,True
16765,204569335,BUY,2026-06-09,920.28,True
16765,204569335,BUY,2026-06-16,918.81,True
16765,204569335,BUY,2026-06-23,915.23,True
16765,204569335,BUY,2026-06-30,935.46,True
16765,204569335,BUY,2026-07-07,925.83,True
16765,204569335,BUY,2026-07-14,952.74,True
16765,204569335,BUY,2026-07-21,955.2,True
16765,204569335,BUY,2026-07-28,964.94,True
16765,204569335,BUY,2026-08-04,956.15,True
16765,204569335,BUY,2026-08-11,936.85,True
22187,204587803,ABT,2026-06-16,622.21,True
22187,204587803,ABT,2026-06-23,614.18,True
22187,204587803,ABT,2026-06-30,626.39,True
22187,204587803,ABT,2026-07-07,629.59,True
22187,204587803,ABT,2026-07-14,634.94,True
22187,204587803,ABT,2026-07-21,630.04,True
22187,204587803,ABT,2026-07-28,621.27,True
22187,204587803,ABT,2026-08-04,631.96,True
22187,204587803,ABT,2026-08-11,622.69,True
22187,204587803,BUY,2026-06-16,626.75,True
22187,204587803,BUY,2026-06-23,621.43,True
22187,204587803,BUY,2026-06-30,585.93,True
22187,204587803,BUY,2026-07-07,548.06,True
22187,204587803,BUY,2026-07-14,519.24,True
22187,204587803,BUY,2026-07-21,490.36,True
22187,204587803,BUY,2026-07-28,490.31,True
22187,204587803,BUY,2026-08-04,480.15,True
22187,204587803,BUY,2026-08-11,482.7,True
26117,204587909,ABT,2026-06-23,179.54,True
26117,204587909,ABT,2026-06-30,174.67,True
26117,204587909,ABT,2026-07-07,180.19,True
26117,204587909,ABT,2026-07-14,177.55,True
26117,204587909,ABT,2026-07-21,178.85,True
26117,204587909,ABT,2026-07-28,187.65,True
26117,204587909,ABT,2026-08-04,183.81,True
26117,204587909,ABT,2026-08-11,186.69,True
26117,204587909,BUY,2026-06-23,177.11,True
26117,204587909,BUY,2026-06-30,179.01,True
26117,204587909,BUY,2026-07-07,177.35,True
26117,204587909,BUY,2026-07-14,176.47,True
26117,204587909,BUY,2026-07-21,177.35,True
26117,204587909,BUY,2026-07-28,156.11,True
26117,204587909,BUY,2026-08-04,151.87,True
26117,204587909,BUY,2026-08-11,151.47,True
38777,204587960,ABT,2026-06-23,21.47,True
38777,204587960,ABT,2026-06-30,21.02,True
38777,204587960,ABT,2026-07-07,21.0,True
38777,204587960,ABT,2026-07-14,21.24,True
38777,204587960,ABT,2026-07-21,19.88,True
38777,204587960,ABT,2026-07-28,18.89,True
38777,204587960,ABT,2026-08-04,15.95,True
38777,204587960,ABT,2026-08-11,14.72,True
38777,204587960,BUY,2026-06-23,20.37,True
38777,204587960,BUY,2026-06-30,18.64,True
38777,204587960,BUY,2026-07-07,18.73,True
38777,204587960,BUY,2026-07-14,21.05,True
38777,204587960,BUY,2026-07-21,20.6,True
38777,204587960,BUY,2026-07-28,20.28,True
38777,204587960,BUY,2026-08-04,20.42,True
38777,204587960,BUY,2026-08-11,20.35,True
31596,204587971,ABT,2026-06-09,188.04,True
31596,204587971,ABT,2026-06-16,182.49,True
31596,204587971,ABT,2026-06-23,165.98,True
31596,204587971,ABT,2026-06-30,167.14,True
31596,204587971,ABT,2026-07-07,148.45,True
31596,204587971,ABT,2026-07-14,152.11,True
31596,204587971,ABT,2026-07-21,151.66,True
31596,204587971,ABT,2026-07-28,151.89,True
31596,204587971,ABT,2026-08-04,150.89,True
31596,204587971,ABT,2026-08-11,148.82,True
31596,204587971,BUY,2026-06-09,184.11,True
31596,204587971,BUY,2026-06-16,188.24,True
31596,204587971,BUY,2026-06-23,185.89,True
31596,204587971,BUY,2026-06-30,167.26,True
31596,204587971,BUY,2026-07-07,160.43,True
31596,204587971,BUY,2026-07-14,170.12,True
31596,204587971,BUY,2026-07-21,171.91,True
31596,204587971,BUY,2026-07-28,188.76,True
31596,204587971,BUY,2026-08-04,191.43,True
31596,204587971,BUY,2026-08-11,191.04,True
37767,204588748,ABT,2026-06-23,38.34,True
37767,204588748,ABT,2026-06-30,38.23,True
37767,204588748,ABT,2026-07-07,37.87,True
37767,204588748,ABT,2026-07-14,43.31,True
37767,204588748,ABT,2026-07-21,43.56,True
37767,204588748,ABT,2026-07-28,43.14,True
37767,204588748,ABT,2026-08-04,42.79,True
37767,204588748,ABT,2026-08-11,43.16,True
37767,204588748,BUY,2026-06-23,37.72,True
37767,204588748,BUY,2026-06-30,36.92,True
37767,204588748,BUY,2026-07-07,36.96,True
37767,204588748,BUY,2026-07-14,36.34,True
37767,204588748,BUY,2026-07-21,35.85,True
37767,204588748,BUY,2026-07-28,36.0,True
37767,204588748,BUY,2026-08-04,36.0,True
37767,204588748,BUY,2026-08-11,35.9,True
23864,204636071,ABT,2026-06-16,146.07,True
23864,204636071,ABT,2026-06-23,147.95,True
23864,204636071,ABT,2026-06-30,145.26,True
23864,204636071,ABT,2026-07-07,144.76,True
23864,204636071,ABT,2026-07-14,144.34,True
23864,204636071,ABT,2026-07-21,143.34,True
23864,204636071,ABT,2026-07-28,142.74,True
23864,204636071,ABT,2026-08-04,142.22,True
23864,204636071,ABT,2026-08-11,140.21,True
23864,204636071,BUY,2026-06-16,151.73,True
23864,204636071,BUY,2026-06-23,153.53,True
23864,204636071,BUY,2026-06-30,151.8,True
23864,204636071,BUY,2026-07-07,149.78,True
23864,204636071,BUY,2026-07-14,146.9,True
23864,204636071,BUY,2026-07-21,147.66,True
23864,204636071,BUY,2026-07-28,146.69,True
23864,204636071,BUY,2026-08-04,149.79,True
23864,204636071,BUY,2026-08-11,150.28,True
27739,204644752,ABT,2026-05-26,19.81,True
27739,204644752,ABT,2026-06-02,19.41,True
27739,204644752,ABT,2026-06-09,19.12,True
27739,204644752,ABT,2026-06-16,19.44,True
27739,204644752,ABT,2026-06-23,19.2,True
27739,204644752,ABT,2026-06-30,19.09,True
27739,204644752,ABT,2026-07-07,18.86,True
27739,204644752,ABT,2026-07-14,18.49,True
27739,204644752,ABT,2026-07-21,18.62,True
27739,204644752,ABT,2026-07-28,18.98,True
27739,204644752,ABT,2026-08-04,19.08,True
27739,204644752,ABT,2026-08-11,18.98,True
27739,204644752,BUY,2026-05-26,16.13,True
27739,204644752,BUY,2026-06-02,14.99,True
27739,204644752,BUY,2026-06-09,14.18,True
27739,204644752,BUY,2026-06-16,14.22,True
27739,204644752,BUY,2026-06-23,14.34,True
27739,204644752,BUY,2026-06-30,14.61,True
27739,204644752,BUY,2026-07-07,15.09,True
27739,204644752,BUY,2026-07-14,14.63,True
27739,204644752,BUY,2026-07-21,14.53,True
27739,204644752,BUY,2026-07-28,14.38,True
27739,204644752,BUY,2026-08-04,14.42,True
27739,204644752,BUY,2026-08-11,14.32,True
38480,204647332,ABT,2026-06-09,300.2,True
38480,204647332,ABT,2026-06-16,287.89,True
38480,204647332,ABT,2026-06-23,286.81,True
38480,204647332,ABT,2026-06-30,288.04,True
38480,204647332,ABT,2026-07-07,293.38,True
38480,204647332,ABT,2026-07-14,290.37,True
38480,204647332,ABT,2026-07-21,266.72,True
38480,204647332,ABT,2026-07-28,264.18,True
38480,204647332,ABT,2026-08-04,232.16,True
38480,204647332,ABT,2026-08-11,246.69,True
38480,204647332,BUY,2026-06-09,298.69,True
38480,204647332,BUY,2026-06-16,303.8,True
38480,204647332,BUY,2026-06-23,298.9,True
38480,204647332,BUY,2026-06-30,283.25,True
38480,204647332,BUY,2026-07-07,260.5,True
38480,204647332,BUY,2026-07-14,242.77,True
38480,204647332,BUY,2026-07-21,235.71,True
38480,204647332,BUY,2026-07-28,233.27,True
38480,204647332,BUY,2026-08-04,195.89,True
38480,204647332,BUY,2026-08-11,166.09,True
29029,204679142,ABT,2026-06-02,218.44,True
29029,204679142,ABT,2026-06-09,221.7,True
29029,204679142,ABT,2026-06-16,219.48,True
29029,204679142,ABT,2026-06-23,224.49,True
29029,204679142,ABT,2026-06-30,221.28,True
29029,204679142,ABT,2026-07-07,223.7,True
29029,204679142,ABT,2026-07-14,218.67,True
29029,204679142,ABT,2026-07-21,217.23,True
29029,204679142,ABT,2026-07-28,218.3,True
29029,204679142,ABT,2026-08-04,220.06,True
29029,204679142,ABT,2026-08-11,221.28,True
29029,204679142,BUY,2026-06-02,204.02,True
29029,204679142,BUY,2026-06-09,207.26,True
29029,204679142,BUY,2026-06-16,207.02,True
29029,204679142,BUY,2026-06-23,189.43,True
29029,204679142,BUY,2026-06-30,176.92,True
29029,204679142,BUY,2026-07-07,163.0,True
29029,204679142,BUY,2026-07-14,151.83,True
29029,204679142,BUY,2026-07-21,139.01,True
29029,204679142,BUY,2026-07-28,141.22,True
29029,204679142,BUY,2026-08-04,140.18,True
29029,204679142,BUY,2026-08-11,138.35,True
28020,204734549,ABT,2026-05-26,69.95,True
28020,204734549,ABT,2026-06-02,70.53,True
28020,204734549,ABT,2026-06-09,78.35,True
28020,204734549,ABT,2026-06-16,76.81,True
28020,204734549,ABT,2026-06-23,84.48,True
28020,204734549,ABT,2026-06-30,85.24,True
28020,204734549,ABT,2026-07-07,85.17,True
28020,204734549,ABT,2026-07-14,76.67,True
28020,204734549,ABT,2026-07-21,76.48,True
28020,204734549,ABT,2026-07-28,76.54,True
28020,204734549,ABT,2026-08-04,67.1,True
28020,204734549,ABT,2026-08-11,66.55,True
28020,204734549,BUY,2026-05-26,77.93,True
28020,204734549,BUY,2026-06-02,78.34,True
28020,204734549,BUY,2026-06-09,69.53,True
28020,204734549,BUY,2026-06-16,70.27,True
28020,204734549,BUY,2026-06-23,72.68,True
28020,204734549,BUY,2026-06-30,72.38,True
28020,204734549,BUY,2026-07-07,73.45,True
28020,204734549,BUY,2026-07-14,72.45,True
28020,204734549,BUY,2026-07-21,71.68,True
28020,204734549,BUY,2026-07-28,69.41,True
28020,204734549,BUY,2026-08-04,68.71,True
28020,204734549,BUY,2026-08-11,70.51,True
34791,204736197,ABT,2026-06-23,199.0,True
34791,204736197,ABT,2026-06-30,200.96,True
34791,204736197,ABT,2026-07-07,197.66,True
34791,204736197,ABT,2026-07-14,195.83,True
34791,204736197,ABT,2026-07-21,193.54,True
34791,204736197,ABT,2026-07-28,193.76,True
34791,204736197,ABT,2026-08-04,164.45,True
34791,204736197,ABT,2026-08-11,168.07,True
34791,204736197,BUY,2026-06-23,205.5,True
34791,204736197,BUY,2026-06-30,206.43,True
34791,204736197,BUY,2026-07-07,209.07,True
34791,204736197,BUY,2026-07-14,186.87,True
34791,204736197,BUY,2026-07-21,187.18,True
34791,204736197,BUY,2026-07-28,186.35,True
34791,204736197,BUY,2026-08-04,179.19,True
34791,204736197,BUY,2026-08-11,181.21,True
37808,204740188,ABT,2026-06-09,29.01,True
37808,204740188,ABT,2026-06-16,28.71,True
37808,204740188,ABT,2026-06-23,29.06,True
37808,204740188,ABT,2026-06-30,30.05,True
37808,204740188,ABT,2026-07-07,28.3,True
37808,204740188,ABT,2026-07-14,28.23,True
37808,204740188,ABT,2026-07-21,28.42,True
37808,204740188,ABT,2026-07-28,27.75,True
37808,204740188,ABT,2026-08-04,27.71,True
37808,204740188,ABT,2026-08-11,27.74,True
37808,204740188,BUY,2026-06-09,28.87,True
37808,204740188,BUY,2026-06-16,29.18,True
37808,204740188,BUY,2026-06-23,29.31,True
37808,204740188,BUY,2026-06-30,29.22,True
37808,204740188,BUY,2026-07-07,30.15,True
37808,204740188,BUY,2026-07-14,31.0,True
37808,204740188,BUY,2026-07-21,30.9,True
37808,204740188,BUY,2026-07-28,30.73,True
37808,204740188,BUY,2026-08-04,30.86,True
37808,204740188,BUY,2026-08-11,31.69,True
27985,204740191,ABT,2026-06-02,181.88,True
27985,204740191,ABT,2026-06-09,202.36,True
27985,204740191,ABT,2026-06-16,205.74,True
27985,204740191,ABT,2026-06-23,206.04,True
27985,204740191,ABT,2026-06-30,206.9,True
27985,204740191,ABT,2026-07-07,209.86,True
27985,204740191,ABT,2026-07-14,209.06,True
27985,204740191,ABT,2026-07-21,207.42,True
27985,204740191,ABT,2026-07-28,205.62,True
27985,204740191,ABT,2026-08-04,210.45,True
27985,204740191,ABT,2026-08-11,202.8,True
27985,204740191,BUY,2026-06-02,178.98,True
27985,204740191,BUY,2026-06-09,178.13,True
27985,204740191,BUY,2026-06-16,181.15,True
27985,204740191,BUY,2026-06-23,181.56,True
27985,204740191,BUY,2026-06-30,185.64,True
27985,204740191,BUY,2026-07-07,183.68,True
27985,204740191,BUY,2026-07-14,181.97,True
27985,204740191,BUY,2026-07-21,180.74,True
27985,204740191,BUY,2026-07-28,179.95,True
27985,204740191,BUY,2026-08-04,165.16,True
27985,204740191,BUY,2026-08-11,164.97,True
36494,204740975,ABT,2026-06-02,20.82,True
36494,204740975,ABT,2026-06-09,20.28,True
36494,204740975,ABT,2026-06-16,20.39,True
36494,204740975,ABT,2026-06-23,19.48,True
36494,204740975,ABT,2026-06-30,19.42,True
36494,204740975,ABT,2026-07-07,19.52,True
36494,204740975,ABT,2026-07-14,19.96,True
36494,204740975,ABT,2026-07-21,18.56,True
36494,204740975,ABT,2026-07-28,18.72,True
36494,204740975,ABT,2026-08-04,18.96,True
36494,204740975,ABT,2026-08-11,19.26,True
36494,204740975,BUY,2026-06-02,21.56,True
36494,204740975,BUY,2026-06-09,20.14,True
36494,204740975,BUY,2026-06-16,20.23,True
36494,204740975,BUY,2026-06-23,19.99,True
36494,204740975,BUY,2026-06-30,19.82,True
36494,204740975,BUY,2026-07-07,19.63,True
36494,204740975,BUY,2026-07-14,19.81,True
36494,204740975,BUY,2026-07-21,19.77,True
36494,204740975,BUY,2026-07-28,19.64,True
36494,204740975,BUY,2026-08-04,19.94,True
36494,204740975,BUY,2026-08-11,17.2,True
23325,204787744,ABT,2026-06-23,24.61,True
23325,204787744,ABT,2026-06-30,24.7,True
23325,204787744,ABT,2026-07-07,25.1,True
23325,204787744,ABT,2026-07-14,25.57,True
23325,204787744,ABT,2026-07-21,25.45,True
23325,204787744,ABT,2026-07-28,26.31,True
23325,204787744,ABT,2026-08-04,28.83,True
23325,204787744,ABT,2026-08-11,28.61,True
23325,204787744,BUY,2026-06-23,21.92,True
23325,204787744,BUY,2026-06-30,22.36,True
23325,204787744,BUY,2026-07-07,22.02,True
23325,204787744,BUY,2026-07-14,21.76,True
23325,204787744,BUY,2026-07-21,21.91,True
23325,204787744,BUY,2026-07-28,21.98,True
23325,204787744,BUY,2026-08-04,22.27,True
23325,204787744,BUY,2026-08-11,21.76,True
23006,204787746,ABT,2026-06-02,330.18,True
23006,204787746,ABT,2026-06-09,331.55,True
23006,204787746,ABT,2026-06-16,333.99,True
23006,204787746,ABT,2026-06-23,329.12,True
23006,204787746,ABT,2026-06-30,277.44,True
23006,204787746,ABT,2026-07-07,274.37,True
23006,204787746,ABT,2026-07-14,279.88,True
23006,204787746,ABT,2026-07-21,282.71,True
23006,204787746,ABT,2026-07-28,283.47,True
23006,204787746,ABT,2026-08-04,310.34,True
23006,204787746,ABT,2026-08-11,306.75,True
23006,204787746,BUY,2026-06-02,328.54,True
23006,204787746,BUY,2026-06-09,323.83,True
23006,204787746,BUY,2026-06-16,322.79,True
23006,204787746,BUY,2026-06-23,298.94,True
23006,204787746,BUY,2026-06-30,296.13,True
23006,204787746,BUY,2026-07-07,294.42,True
23006,204787746,BUY,2026-07-14,285.93,True
23006,204787746,BUY,2026-07-21,287.93,True
23006,204787746,BUY,2026-07-28,288.46,True
23006,204787746,BUY,2026-08-04,282.29,True
23006,204787746,BUY,2026-08-11,286.32,True
23246,204787802,ABT,2026-05-26,496.2,True
23246,204787802,ABT,2026-06-02,495.94,True
23246,204787802,ABT,2026-06-09,547.19,True
23246,204787802,ABT,2026-06-16,538.21,True
23246,204787802,ABT,2026-06-23,538.69,True
23246,204787802,ABT,2026-06-30,516.89,True
23246,204787802,ABT,2026-07-07,507.43,True
23246,204787802,ABT,2026-07-14,512.48,True
23246,204787802,ABT,2026-07-21,508.45,True
23246,204787802,ABT,2026-07-28,504.48,True
23246,204787802,ABT,2026-08-04,495.41,True
23246,204787802,ABT,2026-08-11,493.26,True
23246,204787802,BUY,2026-05-26,469.13,True
23246,204787802,BUY,2026-06-02,395.9,True
23246,204787802,BUY,2026-06-09,383.4,True
23246,204787802,BUY,2026-06-16,379.04,True
23246,204787802,BUY,2026-06-23,450.97,True
23246,204787802,BUY,2026-06-30,446.25,True
23246,204787802,BUY,2026-07-07,455.54,True
23246,204787802,BUY,2026-07-14,459.79,True
23246,204787802,BUY,2026-07-21,462.83,True
23246,204787802,BUY,2026-07-28,458.37,True
23246,204787802,BUY,2026-08-04,457.06,True
23246,204787802,BUY,2026-08-11,468.33,True
29861,204792876,ABT,2026-06-02,119.88,True
29861,204792876,ABT,2026-06-09,105.68,True
29861,204792876,ABT,2026-06-16,107.39,True
29861,204792876,ABT,2026-06-23,106.65,True
29861,204792876,ABT,2026-06-30,104.84,True
29861,204792876,ABT,2026-07-07,104.81,True
29861,204792876,ABT,2026-07-14,104.28,True
29861,204792876,ABT,2026-07-21,102.55,True
29861,204792876,ABT,2026-07-28,102.13,True
29861,204792876,ABT,2026-08-04,100.67,True
29861,204792876,ABT,2026-08-11,102.06,True
29861,204792876,BUY,2026-06-02,117.69,True
29861,204792876,BUY,2026-06-09,118.78,True
29861,204792876,BUY,2026-06-16,117.97,True
29861,204792876,BUY,2026-06-23,112.07,True
29861,204792876,BUY,2026-06-30,105.79,True
29861,204792876,BUY,2026-07-07,107.24,True
29861,204792876,BUY,2026-07-14,105.66,True
29861,204792876,BUY,2026-07-21,105.08,True
29861,204792876,BUY,2026-07-28,105.23,True
29861,204792876,BUY,2026-08-04,105.5,True
29861,204792876,BUY,2026-08-11,104.26,True
29823,204792884,ABT,2026-05-26,1678.74,True
29823,204792884,ABT,2026-06-02,1693.4,True
29823,204792884,ABT,2026-06-09,1504.84,True
29823,204792884,ABT,2026-06-16,1504.93,True
29823,204792884,ABT,2026-06-23,1278.31,True
29823,204792884,ABT,2026-06-30,1273.98,True
29823,204792884,ABT,2026-07-07,1273.13,True
29823,204792884,ABT,2026-07-14,1137.82,True
29823,204792884,ABT,2026-07-21,1037.64,True
29823,204792884,ABT,2026-07-28,1022.85,True
29823,204792884,ABT,2026-08-04,1068.48,True
29823,204792884,ABT,2026-08-11,1053.41,True
29823,204792884,BUY,2026-05-26,1703.66,True
29823,204792884,BUY,2026-06-02,1698.19,True
29823,204792884,BUY,2026-06-09,1779.74,True
29823,204792884,BUY,2026-06-16,1617.1,True
29823,204792884,BUY,2026-06-23,1648.47,True
29823,204792884,BUY,2026-06-30,1646.3,True
29823,204792884,BUY,2026-07-07,1681.06,True
29823,204792884,BUY,2026-07-14,1679.43,True
29823,204792884,BUY,2026-07-21,1701.05,True
29823,204792884,BUY,2026-07-28,1697.44,True
29823,204792884,BUY,2026-08-04,1652.14,True
29823,204792884,BUY,2026-08-11,1609.95,True
29007,204792885,ABT,2026-05-26,50.12,True
29007,204792885,ABT,2026-06-02,50.28,True
29007,204792885,ABT,2026-06-09,49.9,True
29007,204792885,ABT,2026-06-16,50.26,True
29007,204792885,ABT,2026-06-23,50.04,True
29007,204792885,ABT,2026-06-30,50.3,True
29007,204792885,ABT,2026-07-07,50.8,True
29007,204792885,ABT,2026-07-14,49.9,True
29007,204792885,ABT,2026-07-21,56.96,True
29007,204792885,ABT,2026-07-28,56.87,True
29007,204792885,ABT,2026-08-04,57.71,True
29007,204792885,ABT,2026-08-11,57.17,True
29007,204792885,BUY,2026-05-26,49.09,True
29007,204792885,BUY,2026-06-02,48.79,True
29007,204792885,BUY,2026-06-09,53.4,True
29007,204792885,BUY,2026-06-16,51.8,True
29007,204792885,BUY,2026-06-23,51.91,True
29007,204792885,BUY,2026-06-30,50.85,True
29007,204792885,BUY,2026-07-07,50.99,True
29007,204792885,BUY,2026-07-14,51.05,True
29007,204792885,BUY,2026-07-21,50.59,True
29007,204792885,BUY,2026-07-28,50.24,True
29007,204792885,BUY,2026-08-04,50.59,True
29007,204792885,BUY,2026-08-11,49.44,True
29008,204792886,ABT,2026-06-16,711.11,True
29008,204792886,ABT,2026-06-23,624.04,True
29008,204792886,ABT,2026-06-30,623.13,True
29008,204792886,ABT,2026-07-07,631.19,True
29008,204792886,ABT,2026-07-14,632.86,True
29008,204792886,ABT,2026-07-21,635.36,True
29008,204792886,ABT,2026-07-28,628.96,True
29008,204792886,ABT,2026-08-04,619.19,True
29008,204792886,ABT,2026-08-11,617.2,True
29008,204792886,BUY,2026-06-16,755.12,True
29008,204792886,BUY,2026-06-23,694.11,True
29008,204792886,BUY,2026-06-30,694.73,True
29008,204792886,BUY,2026-07-07,702.02,True
29008,204792886,BUY,2026-07-14,772.64,True
29008,204792886,BUY,2026-07-21,867.04,True
29008,204792886,BUY,2026-07-28,872.22,True
29008,204792886,BUY,2026-08-04,883.36,True
29008,204792886,BUY,2026-08-11,870.54,True
29228,204793090,ABT,2026-06-23,22.88,True
29228,204793090,ABT,2026-06-30,23.34,True
29228,204793090,ABT,2026-07-07,23.4,True
29228,204793090,ABT,2026-07-14,22.96,True
29228,204793090,ABT,2026-07-21,22.84,True
29228,204793090,ABT,2026-07-28,22.5,True
29228,204793090,ABT,2026-08-04,22.44,True
29228,204793090,ABT,2026-08-11,22.66,True
29228,204793090,BUY,2026-06-23,19.71,True
29228,204793090,BUY,2026-06-30,19.99,True
29228,204793090,BUY,2026-07-07,19.59,True
29228,204793090,BUY,2026-07-14,19.26,True
29228,204793090,BUY,2026-07-21,18.96,True
29228,204793090,BUY,2026-07-28,18.56,True
29228,204793090,BUY,2026-08-04,17.49,True
29228,204793090,BUY,2026-08-11,15.59,True
34553,204793356,ABT,2026-06-02,301.95,True
34553,204793356,ABT,2026-06-09,258.71,True
34553,204793356,ABT,2026-06-16,222.25,True
34553,204793356,ABT,2026-06-23,190.62,True
34553,204793356,ABT,2026-06-30,187.74,True
34553,204793356,ABT,2026-07-07,186.72,True
34553,204793356,ABT,2026-07-14,189.06,True
34553,204793356,ABT,2026-07-21,191.71,True
34553,204793356,ABT,2026-07-28,193.02,True
34553,204793356,ABT,2026-08-04,192.62,True
34553,204793356,ABT,2026-08-11,187.45,True
34553,204793356,BUY,2026-06-02,347.64,True
34553,204793356,BUY,2026-06-09,349.34,True
34553,204793356,BUY,2026-06-16,355.79,True
34553,204793356,BUY,2026-06-23,356.71,True
34553,204793356,BUY,2026-06-30,357.95,True
34553,204793356,BUY,2026-07-07,356.32,True
34553,204793356,BUY,2026-07-14,356.4,True
34553,204793356,BUY,2026-07-21,356.02,True
34553,204793356,BUY,2026-07-28,347.8,True
34553,204793356,BUY,2026-08-04,342.7,True
34553,204793356,BUY,2026-08-11,339.67,True
39175,204822679,ABT,2026-06-16,32.91,True
39175,204822679,ABT,2026-06-23,32.78,True
39175,204822679,ABT,2026-06-30,33.13,True
39175,204822679,ABT,2026-07-07,33.11,True
39175,204822679,ABT,2026-07-14,33.11,True
39175,204822679,ABT,2026-07-21,32.81,True
39175,204822679,ABT,2026-07-28,32.84,True
39175,204822679,ABT,2026-08-04,32.08,True
39175,204822679,ABT,2026-08-11,31.57,True
39175,204822679,BUY,2026-06-16,31.24,True
39175,204822679,BUY,2026-06-23,26.87,True
39175,204822679,BUY,2026-06-30,26.94,True
39175,204822679,BUY,2026-07-07,27.04,True
39175,204822679,BUY,2026-07-14,27.5,True
39175,204822679,BUY,2026-07-21,27.63,True
39175,204822679,BUY,2026-07-28,28.6,True
39175,204822679,BUY,2026-08-04,28.95,True
39175,204822679,BUY,2026-08-11,28.29,True
38939,204823067,ABT,2026-06-16,38.29,True
38939,204823067,ABT,2026-06-23,38.8,True
38939,204823067,ABT,2026-06-30,38.56,True
38939,204823067,ABT,2026-07-07,38.27,True
38939,204823067,ABT,2026-07-14,38.47,True
38939,204823067,ABT,2026-07-21,38.54,True
38939,204823067,ABT,2026-07-28,38.74,True
38939,204823067,ABT,2026-08-04,38.54,True
38939,204823067,ABT,2026-08-11,38.6,True
38939,204823067,BUY,2026-06-16,38.54,True
38939,204823067,BUY,2026-06-23,38.49,True
38939,204823067,BUY,2026-06-30,39.21,True
38939,204823067,BUY,2026-07-07,39.63,True
38939,204823067,BUY,2026-07-14,38.99,True
38939,204823067,BUY,2026-07-21,39.11,True
38939,204823067,BUY,2026-07-28,38.73,True
38939,204823067,BUY,2026-08-04,38.04,True
38939,204823067,BUY,2026-08-11,38.23,True
32744,204832843,ABT,2026-06-23,62.54,True
32744,204832843,ABT,2026-06-30,62.88,True
32744,204832843,ABT,2026-07-07,62.16,True
32744,204832843,ABT,2026-07-14,58.48,True
32744,204832843,ABT,2026-07-21,58.66,True
32744,204832843,ABT,2026-07-28,57.83,True
32744,204832843,ABT,2026-08-04,57.25,True
32744,204832843,ABT,2026-08-11,53.98,True
32744,204832843,BUY,2026-06-23,62.16,True
32744,204832843,BUY,2026-06-30,57.69,True
32744,204832843,BUY,2026-07-07,57.98,True
32744,204832843,BUY,2026-07-14,58.53,True
32744,204832843,BUY,2026-07-21,56.75,True
32744,204832843,BUY,2026-07-28,56.94,True
32744,204832843,BUY,2026-08-04,51.13,True
32744,204832843,BUY,2026-08-11,51.87,True
29677,204884519,ABT,2026-06-02,48.27,True
29677,204884519,ABT,2026-06-09,49.29,True
29677,204884519,ABT,2026-06-16,48.53,True
29677,204884519,ABT,2026-06-23,49.12,True
29677,204884519,ABT,2026-06-30,49.75,True
29677,204884519,ABT,2026-07-07,50.04,True
29677,204884519,ABT,2026-07-14,49.91,True
29677,204884519,ABT,2026-07-21,49.84,True
29677,204884519,ABT,2026-07-28,50.73,True
29677,204884519,ABT,2026-08-04,49.93,True
29677,204884519,ABT,2026-08-11,51.04,True
29677,204884519,BUY,2026-06-02,47.4,True
29677,204884519,BUY,2026-06-09,47.69,True
29677,204884519,BUY,2026-06-16,47.92,True
29677,204884519,BUY,2026-06-23,42.11,True
29677,204884519,BUY,2026-06-30,36.32,True
29677,204884519,BUY,2026-07-07,31.17,True
29677,204884519,BUY,2026-07-14,31.5,True
29677,204884519,BUY,2026-07-21,27.34,True
29677,204884519,BUY,2026-07-28,27.5,True
29677,204884519,BUY,2026-08-04,27.44,True
29677,204884519,BUY,2026-08-11,27.67,True
30158,204937142,ABT,2026-06-23,146.89,True
30158,204937142,ABT,2026-06-30,146.54,True
30158,204937142,ABT,2026-07-07,127.03,True
30158,204937142,ABT,2026-07-14,105.94,True
30158,204937142,ABT,2026-07-21,104.6,True
30158,204937142,ABT,2026-07-28,93.76,True
30158,204937142,ABT,2026-08-04,95.76,True
30158,204937142,ABT,2026-08-11,105.87,True
30158,204937142,BUY,2026-06-23,146.6,True
30158,204937142,BUY,2026-06-30,134.14,True
30158,204937142,BUY,2026-07-07,135.27,True
30158,204937142,BUY,2026-07-14,135.94,True
30158,204937142,BUY,2026-07-21,135.41,True
30158,204937142,BUY,2026-07-28,144.86,True
30158,204937142,BUY,2026-08-04,144.99,True
30158,204937142,BUY,2026-08-11,143.33,True
30594,204939361,ABT,2026-06-23,295.35,True
30594,204939361,ABT,2026-06-30,295.24,True
30594,204939361,ABT,2026-07-07,286.64,True
30594,204939361,ABT,2026-07-14,284.91,True
30594,204939361,ABT,2026-07-21,281.71,True
30594,204939361,ABT,2026-07-28,284.64,True
30594,204939361,ABT,2026-08-04,278.64,True
30594,204939361,ABT,2026-08-11,283.85,True
30594,204939361,BUY,2026-06-23,324.29,True
30594,204939361,BUY,2026-06-30,327.76,True
30594,204939361,BUY,2026-07-07,330.82,True
30594,204939361,BUY,2026-07-14,333.86,True
30594,204939361,BUY,2026-07-21,338.94,True
30594,204939361,BUY,2026-07-28,338.96,True
30594,204939361,BUY,2026-08-04,313.74,True
30594,204939361,BUY,2026-08-11,317.02,True
35925,205074375,ABT,2026-06-02,46.89,True
35925,205074375,ABT,2026-06-09,47.67,True
35925,205074375,ABT,2026-06-16,46.86,True
35925,205074375,ABT,2026-06-23,48.19,True
35925,205074375,ABT,2026-06-30,48.82,True
35925,205074375,ABT,2026-07-07,49.47,True
35925,205074375,ABT,2026-07-14,51.13,True
35925,205074375,ABT,2026-07-21,51.78,True
35925,205074375,ABT,2026-07-28,52.72,True
35925,205074375,ABT,2026-08-04,52.82,True
35925,205074375,ABT,2026-08-11,52.94,True
35925,205074375,BUY,2026-06-02,49.53,True
35925,205074375,BUY,2026-06-09,48.75,True
35925,205074375,BUY,2026-06-16,49.71,True
35925,205074375,BUY,2026-06-23,49.65,True
35925,205074375,BUY,2026-06-30,46.3,True
35925,205074375,BUY,2026-07-07,45.97,True
35925,205074375,BUY,2026-07-14,45.53,True
35925,205074375,BUY,2026-07-21,46.46,True
35925,205074375,BUY,2026-07-28,46.88,True
35925,205074375,BUY,2026-08-04,46.53,True
35925,205074375,BUY,2026-08-11,46.52,True
39088,205074757,ABT,2026-05-26,79.37,True
39088,205074757,ABT,2026-06-02,79.2,True
39088,205074757,ABT,2026-06-09,77.04,True
39088,205074757,ABT,2026-06-16,77.97,True
39088,205074757,ABT,2026-06-23,77.93,True
39088,205074757,ABT,2026-06-30,77.93,True
39088,205074757,ABT,2026-07-07,79.94,True
39088,205074757,ABT,2026-07-14,81.25,True
39088,205074757,ABT,2026-07-21,81.79,True
39088,205074757,ABT,2026-07-28,81.21,True
39088,205074757,ABT,2026-08-04,80.4,True
39088,205074757,ABT,2026-08-11,78.97,True
39088,205074757,BUY,2026-05-26,78.58,True
39088,205074757,BUY,2026-06-02,77.79,True
39088,205074757,BUY,2026-06-09,77.9,True
39088,205074757,BUY,2026-06-16,70.71,True
39088,205074757,BUY,2026-06-23,69.65,True
39088,205074757,BUY,2026-06-30,70.58,True
39088,205074757,BUY,2026-07-07,71.27,True
39088,205074757,BUY,2026-07-14,70.49,True
39088,205074757,BUY,2026-07-21,70.03,True
39088,205074757,BUY,2026-07-28,69.57,True
39088,205074757,BUY,2026-08-04,68.02,True
39088,205074757,BUY,2026-08-11,62.03,True
30708,205083947,ABT,2026-06-16,47.82,True
30708,205083947,ABT,2026-06-23,48.27,True
30708,205083947,ABT,2026-06-30,48.92,True
30708,205083947,ABT,2026-07-07,49.19,True
30708,205083947,ABT,2026-07-14,48.79,True
30708,205083947,ABT,2026-07-21,48.44,True
30708,205083947,ABT,2026-07-28,55.11,True
30708,205083947,ABT,2026-08-04,54.99,True
30708,205083947,ABT,2026-08-11,56.0,True
30708,205083947,BUY,2026-06-16,47.84,True
30708,205083947,BUY,2026-06-23,46.6,True
30708,205083947,BUY,2026-06-30,42.06,True
30708,205083947,BUY,2026-07-07,41.71,True
30708,205083947,BUY,2026-07-14,41.37,True
30708,205083947,BUY,2026-07-21,40.65,True
30708,205083947,BUY,2026-07-28,42.09,True
30708,205083947,BUY,2026-08-04,42.06,True
30708,205083947,BUY,2026-08-11,36.86,True
32315,205083968,ABT,2026-05-26,44.77,True
32315,205083968,ABT,2026-06-02,45.85,True
32315,205083968,ABT,2026-06-09,45.64,True
32315,205083968,ABT,2026-06-16,51.08,True
32315,205083968,ABT,2026-06-23,50.31,True
32315,205083968,ABT,2026-06-30,46.48,True
32315,205083968,ABT,2026-07-07,46.38,True
32315,205083968,ABT,2026-07-14,45.95,True
32315,205083968,ABT,2026-07-21,46.53,True
32315,205083968,ABT,2026-07-28,46.82,True
32315,205083968,ABT,2026-08-04,47.9,True
32315,205083968,ABT,2026-08-11,49.2,True
32315,205083968,BUY,2026-05-26,45.13,True
32315,205083968,BUY,2026-06-02,44.27,True
32315,205083968,BUY,2026-06-09,44.93,True
32315,205083968,BUY,2026-06-16,44.69,True
32315,205083968,BUY,2026-06-23,45.02,True
32315,205083968,BUY,2026-06-30,45.49,True
32315,205083968,BUY,2026-07-07,40.17,True
32315,205083968,BUY,2026-07-14,40.4,True
32315,205083968,BUY,2026-07-21,40.16,True
32315,205083968,BUY,2026-07-28,39.53,True
32315,205083968,BUY,2026-08-04,39.22,True
32315,205083968,BUY,2026-08-11,39.05,True
29612,205106045,ABT,2026-06-09,266.8,True
29612,205106045,ABT,2026-06-16,270.46,True
29612,205106045,ABT,2026-06-23,268.43,True
29612,205106045,ABT,2026-06-30,263.07,True
29612,205106045,ABT,2026-07-07,266.11,True
29612,205106045,ABT,2026-07-14,261.99,True
29612,205106045,ABT,2026-07-21,261.05,True
29612,205106045,ABT,2026-07-28,255.79,True
29612,205106045,ABT,2026-08-04,255.39,True
29612,205106045,ABT,2026-08-11,259.49,True
29612,205106045,BUY,2026-06-09,270.11,True
29612,205106045,BUY,2026-06-16,271.1,True
29612,205106045,BUY,2026-06-23,272.67,True
29612,205106045,BUY,2026-06-30,273.87,True
29612,205106045,BUY,2026-07-07,271.45,True
29612,205106045,BUY,2026-07-14,246.01,True
29612,205106045,BUY,2026-07-21,250.81,True
29612,205106045,BUY,2026-07-28,233.94,True
29612,205106045,BUY,2026-08-04,229.56,True
29612,205106045,BUY,2026-08-11,231.89,True
32880,205106048,ABT,2026-05-26,30.83,True
32880,205106048,ABT,2026-06-02,31.81,True
32880,205106048,ABT,2026-06-09,31.5,True
32880,205106048,ABT,2026-06-16,31.46,True
32880,205106048,ABT,2026-06-23,30.45,True
32880,205106048,ABT,2026-06-30,31.01,True
32880,205106048,ABT,2026-07-07,30.63,True
32880,205106048,ABT,2026-07-14,29.96,True
32880,205106048,ABT,2026-07-21,29.16,True
32880,205106048,ABT,2026-07-28,28.68,True
32880,205106048,ABT,2026-08-04,27.27,True
32880,205106048,ABT,2026-08-11,28.02,True
32880,205106048,BUY,2026-05-26,29.12,True
32880,205106048,BUY,2026-06-02,29.1,True
32880,205106048,BUY,2026-06-09,26.21,True
32880,205106048,BUY,2026-06-16,26.39,True
32880,205106048,BUY,2026-06-23,27.22,True
32880,205106048,BUY,2026-06-30,27.11,True
32880,205106048,BUY,2026-07-07,26.8,True
32880,205106048,BUY,2026-07-14,26.84,True
32880,205106048,BUY,2026-07-21,27.33,True
32880,205106048,BUY,2026-07-28,27.49,True
32880,205106048,BUY,2026-08-04,29.88,True
32880,205106048,BUY,2026-08-11,30.11,True
30343,205121310,ABT,2026-06-23,182.62,True
30343,205121310,ABT,2026-06-30,179.26,True
30343,205121310,ABT,2026-07-07,151.64,True
30343,205121310,ABT,2026-07-14,130.68,True
30343,205121310,ABT,2026-07-21,130.55,True
30343,205121310,ABT,2026-07-28,130.4,True
30343,205121310,ABT,2026-08-04,128.31,True
30343,205121310,ABT,2026-08-11,129.06,True
30343,205121310,BUY,2026-06-23,193.11,True
30343,205121310,BUY,2026-06-30,188.45,True
30343,205121310,BUY,2026-07-07,189.16,True
30343,205121310,BUY,2026-07-14,185.08,True
30343,205121310,BUY,2026-07-21,187.92,True
30343,205121310,BUY,2026-07-28,182.82,True
30343,205121310,BUY,2026-08-04,186.64,True
30343,205121310,BUY,2026-08-11,185.34,True
32059,205131849,ABT,2026-06-09,639.47,True
32059,205131849,ABT,2026-06-16,628.6,True
32059,205131849,ABT,2026-06-23,619.62,True
32059,205131849,ABT,2026-06-30,644.39,True
32059,205131849,ABT,2026-07-07,640.52,True
32059,205131849,ABT,2026-07-14,624.1,True
32059,205131849,ABT,2026-07-21,618.98,True
32059,205131849,ABT,2026-07-28,616.85,True
32059,205131849,ABT,2026-08-04,620.13,True
32059,205131849,ABT,2026-08-11,616.0,True
32059,205131849,BUY,2026-06-09,648.41,True
32059,205131849,BUY,2026-06-16,650.71,True
32059,205131849,BUY,2026-06-23,659.49,True
32059,205131849,BUY,2026-06-30,653.4,True
32059,205131849,BUY,2026-07-07,654.97,True
32059,205131849,BUY,2026-07-14,653.78,True
32059,205131849,BUY,2026-07-21,639.58,True
32059,205131849,BUY,2026-07-28,636.62,True
32059,205131849,BUY,2026-08-04,638.57,True
32059,205131849,BUY,2026-08-11,654.41,True
29902,205144562,ABT,2026-06-02,263.58,True
29902,205144562,ABT,2026-06-09,288.75,True
29902,205144562,ABT,2026-06-16,284.97,True
29902,205144562,ABT,2026-06-23,282.9,True
29902,205144562,ABT,2026-06-30,287.92,True
29902,205144562,ABT,2026-07-07,255.27,True
29902,205144562,ABT,2026-07-14,251.23,True
29902,205144562,ABT,2026-07-21,249.8,True
29902,205144562,ABT,2026-07-28,256.96,True
29902,205144562,ABT,2026-08-04,260.53,True
29902,205144562,ABT,2026-08-11,258.09,True
29902,205144562,BUY,2026-06-02,258.38,True
29902,205144562,BUY,2026-06-09,246.03,True
29902,205144562,BUY,2026-06-16,253.1,True
29902,205144562,BUY,2026-06-23,248.81,True
29902,205144562,BUY,2026-06-30,250.41,True
29902,205144562,BUY,2026-07-07,249.06,True
29902,205144562,BUY,2026-07-14,254.35,True
29902,205144562,BUY,2026-07-21,255.92,True
29902,205144562,BUY,2026-07-28,261.64,True
29902,205144562,BUY,2026-08-04,259.48,True
29902,205144562,BUY,2026-08-11,257.91,True
29032,205145879,ABT,2026-06-09,8.11,True
29032,205145879,ABT,2026-06-16,8.24,True
29032,205145879,ABT,2026-06-23,8.12,True
29032,205145879,ABT,2026-06-30,7.94,True
29032,205145879,ABT,2026-07-07,7.9,True
29032,205145879,ABT,2026-07-14,7.69,True
29032,205145879,ABT,2026-07-21,7.63,True
29032,205145879,ABT,2026-07-28,7.42,True
29032,205145879,ABT,2026-08-04,7.33,True
29032,205145879,ABT,2026-08-11,7.13,True
29032,205145879,BUY,2026-06-09,8.73,True
29032,205145879,BUY,2026-06-16,8.77,True
29032,205145879,BUY,2026-06-23,8.65,True
29032,205145879,BUY,2026-06-30,8.54,True
29032,205145879,BUY,2026-07-07,7.47,True
29032,205145879,BUY,2026-07-14,6.46,True
29032,205145879,BUY,2026-07-21,5.52,True
29032,205145879,BUY,2026-07-28,4.91,True
29032,205145879,BUY,2026-08-04,4.94,True
29032,205145879,BUY,2026-08-11,5.0,True
32512,205466519,ABT,2026-06-09,80.8,True
32512,205466519,ABT,2026-06-16,82.07,True
32512,205466519,ABT,2026-06-23,82.89,True
32512,205466519,ABT,2026-06-30,82.31,True
32512,205466519,ABT,2026-07-07,74.54,True
32512,205466519,ABT,2026-07-14,76.85,True
32512,205466519,ABT,2026-07-21,75.32,True
32512,205466519,ABT,2026-07-28,76.2,True
32512,205466519,ABT,2026-08-04,74.81,True
32512,205466519,ABT,2026-08-11,75.53,True
32512,205466519,BUY,2026-06-09,78.28,True
32512,205466519,BUY,2026-06-16,77.3,True
32512,205466519,BUY,2026-06-23,77.36,True
32512,205466519,BUY,2026-06-30,78.06,True
32512,205466519,BUY,2026-07-07,79.84,True
32512,205466519,BUY,2026-07-14,81.35,True
32512,205466519,BUY,2026-07-21,80.76,True
32512,205466519,BUY,2026-07-28,80.2,True
32512,205466519,BUY,2026-08-04,80.78,True
32512,205466519,BUY,2026-08-11,79.92,True
30093,205467942,ABT,2026-06-09,167.91,True
30093,205467942,ABT,2026-06-16,168.46,True
30093,205467942,ABT,2026-06-23,164.37,True
30093,205467942,ABT,2026-06-30,167.79,True
30093,205467942,ABT,2026-07-07,167.3,True
30093,205467942,ABT,2026-07-14,165.11,True
30093,205467942,ABT,2026-07-21,163.45,True
30093,205467942,ABT,2026-07-28,156.01,True
30093,205467942,ABT,2026-08-04,155.15,True
30093,205467942,ABT,2026-08-11,155.62,True
30093,205467942,BUY,2026-06-09,168.38,True
30093,205467942,BUY,2026-06-16,153.67,True
30093,205467942,BUY,2026-06-23,155.39,True
30093,205467942,BUY,2026-06-30,158.34,True
30093,205467942,BUY,2026-07-07,169.45,True
30093,205467942,BUY,2026-07-14,182.05,True
30093,205467942,BUY,2026-07-21,184.8,True
30093,205467942,BUY,2026-07-28,191.84,True
30093,205467942,BUY,2026-08-04,189.98,True
30093,205467942,BUY,2026-08-11,188.71,True
37825,205505156,ABT,2026-06-23,152.88,True
37825,205505156,ABT,2026-06-30,152.58,True
37825,205505156,ABT,2026-07-07,151.24,True
37825,205505156,ABT,2026-07-14,145.99,True
37825,205505156,ABT,2026-07-21,144.87,True
37825,205505156,ABT,2026-07-28,145.73,True
37825,205505156,ABT,2026-08-04,148.3,True
37825,205505156,ABT,2026-08-11,147.35,True
37825,205505156,BUY,2026-06-23,146.44,True
37825,205505156,BUY,2026-06-30,145.66,True
37825,205505156,BUY,2026-07-07,148.13,True
37825,205505156,BUY,2026-07-14,151.12,True
37825,205505156,BUY,2026-07-21,152.34,True
37825,205505156,BUY,2026-07-28,153.37,True
37825,205505156,BUY,2026-08-04,154.0,True
37825,205505156,BUY,2026-08-11,151.7,True
33510,205516750,ABT,2026-05-26,15.22,True
33510,205516750,ABT,2026-06-02,15.17,True
33510,205516750,ABT,2026-06-09,15.22,True
33510,205516750,ABT,2026-06-16,15.91,True
33510,205516750,ABT,2026-06-23,16.01,True
33510,205516750,ABT,2026-06-30,16.15,True
33510,205516750,ABT,2026-07-07,16.32,True
33510,205516750,ABT,2026-07-14,15.88,True
33510,205516750,ABT,2026-07-21,14.1,True
33510,205516750,ABT,2026-07-28,14.47,True
33510,205516750,ABT,2026-08-04,14.24,True
33510,205516750,ABT,2026-08-11,14.11,True
33510,205516750,BUY,2026-05-26,14.64,True
33510,205516750,BUY,2026-06-02,15.01,True
33510,205516750,BUY,2026-06-09,14.91,True
33510,205516750,BUY,2026-06-16,14.52,True
33510,205516750,BUY,2026-06-23,14.48,True
33510,205516750,BUY,2026-06-30,14.41,True
33510,205516750,BUY,2026-07-07,14.35,True
33510,205516750,BUY,2026-07-14,14.1,True
33510,205516750,BUY,2026-07-21,14.28,True
33510,205516750,BUY,2026-07-28,14.11,True
33510,205516750,BUY,2026-08-04,14.32,True
33510,205516750,BUY,2026-08-11,14.54,True
33664,205520997,ABT,2026-06-09,4.52,True
33664,205520997,ABT,2026-06-16,3.9,True
33664,205520997,ABT,2026-06-23,3.9,True
33664,205520997,ABT,2026-06-30,3.89,True
33664,205520997,ABT,2026-07-07,3.86,True
33664,205520997,ABT,2026-07-14,3.79,True
33664,205520997,ABT,2026-07-21,3.84,True
33664,205520997,ABT,2026-07-28,3.59,True
33664,205520997,ABT,2026-08-04,3.51,True
33664,205520997,ABT,2026-08-11,3.39,True
33664,205520997,BUY,2026-06-09,4.79,True
33664,205520997,BUY,2026-06-16,4.79,True
33664,205520997,BUY,2026-06-23,4.56,True
33664,205520997,BUY,2026-06-30,4.68,True
33664,205520997,BUY,2026-07-07,4.0,True
33664,205520997,BUY,2026-07-14,4.11,True
33664,205520997,BUY,2026-07-21,4.15,True
33664,205520997,BUY,2026-07-28,4.2,True
33664,205520997,BUY,2026-08-04,4.17,True
33664,205520997,BUY,2026-08-11,4.19,True
33662,205521002,ABT,2026-06-09,18.14,True
33662,205521002,ABT,2026-06-16,18.25,True
33662,205521002,ABT,2026-06-23,17.95,True
33662,205521002,ABT,2026-06-30,18.34,True
33662,205521002,ABT,2026-07-07,18.04,True
33662,205521002,ABT,2026-07-14,17.96,True
33662,205521002,ABT,2026-07-21,17.64,True
33662,205521002,ABT,2026-07-28,17.88,True
33662,205521002,ABT,2026-08-04,17.83,True
33662,205521002,ABT,2026-08-11,17.81,True
33662,205521002,BUY,2026-06-09,18.54,True
33662,205521002,BUY,2026-06-16,18.55,True
33662,205521002,BUY,2026-06-23,18.52,True
33662,205521002,BUY,2026-06-30,18.19,True
33662,205521002,BUY,2026-07-07,17.93,True
33662,205521002,BUY,2026-07-14,17.57,True
33662,205521002,BUY,2026-07-21,17.94,True
33662,205521002,BUY,2026-07-28,18.01,True
33662,205521002,BUY,2026-08-04,18.08,True
33662,205521002,BUY,2026-08-11,17.94,True
30841,205554287,ABT,2026-06-09,70.3,True
30841,205554287,ABT,2026-06-16,69.9,True
30841,205554287,ABT,2026-06-23,71.03,True
30841,205554287,ABT,2026-06-30,65.1,True
30841,205554287,ABT,2026-07-07,63.13,True
30841,205554287,ABT,2026-07-14,63.32,True
30841,205554287,ABT,2026-07-21,62.41,True
30841,205554287,ABT,2026-07-28,62.08,True
30841,205554287,ABT,2026-08-04,62.85,True
30841,205554287,ABT,2026-08-11,63.77,True
30841,205554287,BUY,2026-06-09,72.65,True
30841,205554287,BUY,2026-06-16,72.05,True
30841,205554287,BUY,2026-06-23,70.92,True
30841,205554287,BUY,2026-06-30,71.69,True
30841,205554287,BUY,2026-07-07,74.29,True
30841,205554287,BUY,2026-07-14,74.15,True
30841,205554287,BUY,2026-07-21,69.7,True
30841,205554287,BUY,2026-07-28,65.54,True
30841,205554287,BUY,2026-08-04,61.92,True
30841,205554287,BUY,2026-08-11,60.93,True
30867,205554724,ABT,2026-06-02,140.22,True
30867,205554724,ABT,2026-06-09,140.88,True
30867,205554724,ABT,2026-06-16,139.94,True
30867,205554724,ABT,2026-06-23,139.81,True
30867,205554724,ABT,2026-06-30,140.68,True
30867,205554724,ABT,2026-07-07,118.81,True
30867,205554724,ABT,2026-07-14,120.91,True
30867,205554724,ABT,2026-07-21,121.83,True
30867,205554724,ABT,2026-07-28,124.92,True
30867,205554724,ABT,2026-08-04,123.77,True
30867,205554724,ABT,2026-08-11,126.33,True
30867,205554724,BUY,2026-06-02,139.04,True
30867,205554724,BUY,2026-06-09,137.52,True
30867,205554724,BUY,2026-06-16,138.34,True
30867,205554724,BUY,2026-06-23,140.78,True
30867,205554724,BUY,2026-06-30,139.79,True
30867,205554724,BUY,2026-07-07,137.84,True
30867,205554724,BUY,2026-07-14,136.64,True
30867,205554724,BUY,2026-07-21,124.33,True
30867,205554724,BUY,2026-07-28,114.39,True
30867,205554724,BUY,2026-08-04,115.39,True
30867,205554724,BUY,2026-08-11,112.94,True
31030,205557530,ABT,2026-06-09,92.11,True
31030,205557530,ABT,2026-06-16,96.45,True
31030,205557530,ABT,2026-06-23,96.83,True
31030,205557530,ABT,2026-06-30,93.67,True
31030,205557530,ABT,2026-07-07,87.22,True
31030,205557530,ABT,2026-07-14,84.58,True
31030,205557530,ABT,2026-07-21,84.32,True
31030,205557530,ABT,2026-07-28,84.86,True
31030,205557530,ABT,2026-08-04,84.55,True
31030,205557530,ABT,2026-08-11,85.41,True
31030,205557530,BUY,2026-06-09,90.92,True
31030,205557530,BUY,2026-06-16,92.72,True
31030,205557530,BUY,2026-06-23,91.09,True
31030,205557530,BUY,2026-06-30,105.95,True
31030,205557530,BUY,2026-07-07,108.35,True
31030,205557530,BUY,2026-07-14,108.9,True
31030,205557530,BUY,2026-07-21,107.35,True
31030,205557530,BUY,2026-07-28,109.17,True
31030,205557530,BUY,2026-08-04,107.47,True
31030,205557530,BUY,2026-08-11,108.45,True
31830,205557539,ABT,2026-06-16,406.0,True
31830,205557539,ABT,2026-06-23,409.43,True
31830,205557539,ABT,2026-06-30,402.81,True
31830,205557539,ABT,2026-07-07,399.3,True
31830,205557539,ABT,2026-07-14,403.76,True
31830,205557539,ABT,2026-07-21,410.03,True
31830,205557539,ABT,2026-07-28,410.39,True
31830,205557539,ABT,2026-08-04,410.54,True
31830,205557539,ABT,2026-08-11,413.98,True
31830,205557539,BUY,2026-06-16,405.24,True
31830,205557539,BUY,2026-06-23,403.45,True
31830,205557539,BUY,2026-06-30,394.01,True
31830,205557539,BUY,2026-07-07,395.3,True
31830,205557539,BUY,2026-07-14,450.21,True
31830,205557539,BUY,2026-07-21,448.18,True
31830,205557539,BUY,2026-07-28,445.43,True
31830,205557539,BUY,2026-08-04,445.18,True
31830,205557539,BUY,2026-08-11,441.45,True
30939,205557540,ABT,2026-06-02,238.29,True
30939,205557540,ABT,2026-06-09,234.87,True
30939,205557540,ABT,2026-06-16,232.65,True
30939,205557540,ABT,2026-06-23,232.73,True
30939,205557540,ABT,2026-06-30,197.2,True
30939,205557540,ABT,2026-07-07,194.75,True
30939,205557540,ABT,2026-07-14,195.32,True
30939,205557540,ABT,2026-07-21,196.19,True
30939,205557540,ABT,2026-07-28,200.4,True
30939,205557540,ABT,2026-08-04,197.17,True
30939,205557540,ABT,2026-08-11,196.98,True
30939,205557540,BUY,2026-06-02,240.96,True
30939,205557540,BUY,2026-06-09,242.96,True
30939,205557540,BUY,2026-06-16,237.24,True
30939,205557540,BUY,2026-06-23,234.99,True
30939,205557540,BUY,2026-06-30,239.26,True
30939,205557540,BUY,2026-07-07,238.45,True
30939,205557540,BUY,2026-07-14,240.67,True
30939,205557540,BUY,2026-07-21,239.78,True
30939,205557540,BUY,2026-07-28,237.89,True
30939,205557540,BUY,2026-08-04,239.68,True
30939,205557540,BUY,2026-08-11,243.09,True
33966,205561996,ABT,2026-06-16,60.46,True
33966,205561996,ABT,2026-06-23,59.94,True
33966,205561996,ABT,2026-06-30,60.81,True
33966,205561996,ABT,2026-07-07,61.71,True
33966,205561996,ABT,2026-07-14,61.4,True
33966,205561996,ABT,2026-07-21,62.75,True
33966,205561996,ABT,2026-07-28,61.66,True
33966,205561996,ABT,2026-08-04,57.61,True
33966,205561996,ABT,2026-08-11,56.5,True
33966,205561996,BUY,2026-06-16,55.48,True
33966,205561996,BUY,2026-06-23,50.39,True
33966,205561996,BUY,2026-06-30,50.18,True
33966,205561996,BUY,2026-07-07,49.85,True
33966,205561996,BUY,2026-07-14,50.79,True
33966,205561996,BUY,2026-07-21,50.6,True
33966,205561996,BUY,2026-07-28,50.94,True
33966,205561996,BUY,2026-08-04,50.93,True
33966,205561996,BUY,2026-08-11,51.67,True
33219,205562000,ABT,2026-06-23,28.82,True
33219,205562000,ABT,2026-06-30,28.56,True
33219,205562000,ABT,2026-07-07,28.23,True
33219,205562000,ABT,2026-07-14,28.53,True
33219,205562000,ABT,2026-07-21,28.49,True
33219,205562000,ABT,2026-07-28,28.61,True
33219,205562000,ABT,2026-08-04,28.35,True
33219,205562000,ABT,2026-08-11,28.46,True
33219,205562000,BUY,2026-06-23,28.28,True
33219,205562000,BUY,2026-06-30,29.62,True
33219,205562000,BUY,2026-07-07,29.47,True
33219,205562000,BUY,2026-07-14,29.32,True
33219,205562000,BUY,2026-07-21,26.47,True
33219,205562000,BUY,2026-07-28,26.33,True
33219,205562000,BUY,2026-08-04,26.88,True
33219,205562000,BUY,2026-08-11,26.77,True
34125,205567912,ABT,2026-06-02,2029.73,True
34125,205567912,ABT,2026-06-09,2031.45,True
34125,205567912,ABT,2026-06-16,1870.95,True
34125,205567912,ABT,2026-06-23,1753.24,True
34125,205567912,ABT,2026-06-30,1615.67,True
34125,205567912,ABT,2026-07-07,1462.97,True
34125,205567912,ABT,2026-07-14,1307.98,True
34125,205567912,ABT,2026-07-21,1319.61,True
34125,205567912,ABT,2026-07-28,1293.74,True
34125,205567912,ABT,2026-08-04,1336.34,True
34125,205567912,ABT,2026-08-11,1356.1,True
34125,205567912,BUY,2026-06-02,2048.13,True
34125,205567912,BUY,2026-06-09,2061.45,True
34125,205567912,BUY,2026-06-16,2059.41,True
34125,205567912,BUY,2026-06-23,2025.77,True
34125,205567912,BUY,2026-06-30,2100.45,True
34125,205567912,BUY,2026-07-07,2070.16,True
34125,205567912,BUY,2026-07-14,2041.44,True
34125,205567912,BUY,2026-07-21,2068.53,True
34125,205567912,BUY,2026-07-28,2062.1,True
34125,205567912,BUY,2026-08-04,2064.38,True
34125,205567912,BUY,2026-08-11,2073.35,True
30197,205593354,ABT,2026-06-02,1715.18,True
30197,205593354,ABT,2026-06-09,1933.51,True
30197,205593354,ABT,2026-06-16,1937.9,True
30197,205593354,ABT,2026-06-23,1908.64,True
30197,205593354,ABT,2026-06-30,1896.89,True
30197,205593354,ABT,2026-07-07,1855.99,True
30197,205593354,ABT,2026-07-14,1591.91,True
30197,205593354,ABT,2026-07-21,1626.26,True
30197,205593354,ABT,2026-07-28,1392.52,True
30197,205593354,ABT,2026-08-04,1372.53,True
30197,205593354,ABT,2026-08-11,1370.92,True
30197,205593354,BUY,2026-06-02,1694.67,True
30197,205593354,BUY,2026-06-09,1700.36,True
30197,205593354,BUY,2026-06-16,1681.47,True
30197,205593354,BUY,2026-06-23,1728.95,True
30197,205593354,BUY,2026-06-30,1764.81,True
30197,205593354,BUY,2026-07-07,1744.04,True
30197,205593354,BUY,2026-07-14,1717.62,True
30197,205593354,BUY,2026-07-21,1691.17,True
30197,205593354,BUY,2026-07-28,1674.27,True
30197,205593354,BUY,2026-08-04,1700.06,True
30197,205593354,BUY,2026-08-11,1687.06,True
30951,205599984,ABT,2026-06-23,867.07,True
30951,205599984,ABT,2026-06-30,870.8,True
30951,205599984,ABT,2026-07-07,846.33,True
30951,205599984,ABT,2026-07-14,853.06,True
30951,205599984,ABT,2026-07-21,853.99,True
30951,205599984,ABT,2026-07-28,842.66,True
30951,205599984,ABT,2026-08-04,857.74,True
30951,205599984,ABT,2026-08-11,860.12,True
30951,205599984,BUY,2026-06-23,846.87,True
30951,205599984,BUY,2026-06-30,840.29,True
30951,205599984,BUY,2026-07-07,842.74,True
30951,205599984,BUY,2026-07-14,868.65,True
30951,205599984,BUY,2026-07-21,889.48,True
30951,205599984,BUY,2026-07-28,896.29,True
30951,205599984,BUY,2026-08-04,895.23,True
30951,205599984,BUY,2026-08-11,903.22,True
30962,205599985,ABT,2026-06-09,1055.84,True
30962,205599985,ABT,2026-06-16,925.34,True
30962,205599985,ABT,2026-06-23,916.84,True
30962,205599985,ABT,2026-06-30,919.4,True
30962,205599985,ABT,2026-07-07,887.43,True
30962,205599985,ABT,2026-07-14,887.86,True
30962,205599985,ABT,2026-07-21,907.02,True
30962,205599985,ABT,2026-07-28,889.96,True
30962,205599985,ABT,2026-08-04,874.91,True
30962,205599985,ABT,2026-08-11,864.52,True
30962,205599985,BUY,2026-06-09,1024.06,True
30962,205599985,BUY,2026-06-16,1052.92,True
30962,205599985,BUY,2026-06-23,1041.48,True
30962,205599985,BUY,2026-06-30,1024.84,True
30962,205599985,BUY,2026-07-07,1028.21,True
30962,205599985,BUY,2026-07-14,1016.12,True
30962,205599985,BUY,2026-07-21,1003.86,True
30962,205599985,BUY,2026-07-28,998.61,True
30962,205599985,BUY,2026-08-04,1039.5,True
30962,205599985,BUY,2026-08-11,1057.71,True
32416,205664913,ABT,2026-06-23,21.6,True
32416,205664913,ABT,2026-06-30,21.08,True
32416,205664913,ABT,2026-07-07,21.11,True
32416,205664913,ABT,2026-07-14,21.17,True
32416,205664913,ABT,2026-07-21,21.53,True
32416,205664913,ABT,2026-07-28,21.37,True
32416,205664913,ABT,2026-08-04,21.51,True
32416,205664913,ABT,2026-08-11,21.92,True
32416,205664913,BUY,2026-06-23,21.96,True
32416,205664913,BUY,2026-06-30,22.02,True
32416,205664913,BUY,2026-07-07,22.12,True
32416,205664913,BUY,2026-07-14,21.91,True
32416,205664913,BUY,2026-07-21,22.2,True
32416,205664913,BUY,2026-07-28,22.39,True
32416,205664913,BUY,2026-08-04,22.21,True
32416,205664913,BUY,2026-08-11,21.84,True
36084,205664938,ABT,2026-05-26,17.3,True
36084,205664938,ABT,2026-06-02,16.82,True
36084,205664938,ABT,2026-06-09,16.89,True
36084,205664938,ABT,2026-06-16,16.93,True
36084,205664938,ABT,2026-06-23,17.02,True
36084,205664938,ABT,2026-06-30,17.33,True
36084,205664938,ABT,2026-07-07,17.53,True
36084,205664938,ABT,2026-07-14,17.26,True
36084,205664938,ABT,2026-07-21,17.37,True
36084,205664938,ABT,2026-07-28,15.65,True
36084,205664938,ABT,2026-08-04,15.75,True
36084,205664938,ABT,2026-08-11,15.33,True
36084,205664938,BUY,2026-05-26,17.41,True
36084,205664938,BUY,2026-06-02,17.84,True
36084,205664938,BUY,2026-06-09,17.88,True
36084,205664938,BUY,2026-06-16,17.69,True
36084,205664938,BUY,2026-06-23,17.64,True
36084,205664938,BUY,2026-06-30,15.81,True
36084,205664938,BUY,2026-07-07,14.36,True
36084,205664938,BUY,2026-07-14,12.72,True
36084,205664938,BUY,2026-07-21,11.44,True
36084,205664938,BUY,2026-07-28,10.01,True
36084,205664938,BUY,2026-08-04,8.32,True
36084,205664938,BUY,2026-08-11,8.33,True
29827,205664963,ABT,2026-05-26,15.99,True
29827,205664963,ABT,2026-06-02,15.81,True
29827,205664963,ABT,2026-06-09,15.46,True
29827,205664963,ABT,2026-06-16,15.76,True
29827,205664963,ABT,2026-06-23,15.48,True
29827,205664963,ABT,2026-06-30,15.43,True
29827,205664963,ABT,2026-07-07,15.67,True
29827,205664963,ABT,2026-07-14,15.7,True
29827,205664963,ABT,2026-07-21,15.43,True
29827,205664963,ABT,2026-07-28,15.6,True
29827,205664963,ABT,2026-08-04,16.77,True
29827,205664963,ABT,2026-08-11,16.74,True
29827,205664963,BUY,2026-05-26,15.79,True
29827,205664963,BUY,2026-06-02,15.73,True
29827,205664963,BUY,2026-06-09,16.08,True
29827,205664963,BUY,2026-06-16,15.8,True
29827,205664963,BUY,2026-06-23,15.73,True
29827,205664963,BUY,2026-06-30,15.23,True
29827,205664963,BUY,2026-07-07,15.81,True
29827,205664963,BUY,2026-07-14,16.0,True
29827,205664963,BUY,2026-07-21,16.36,True
29827,205664963,BUY,2026-07-28,16.25,True
29827,205664963,BUY,2026-08-04,16.17,True
29827,205664963,BUY,2026-08-11,14.1,True
29829,205664964,ABT,2026-06-02,7.19,True
29829,205664964,ABT,2026-06-09,6.39,True
29829,205664964,ABT,2026-06-16,5.19,True
29829,205664964,ABT,2026-06-23,4.64,True
29829,205664964,ABT,2026-06-30,4.18,True
29829,205664964,ABT,2026-07-07,4.19,True
29829,205664964,ABT,2026-07-14,4.15,True
29829,205664964,ABT,2026-07-21,4.13,True
29829,205664964,ABT,2026-07-28,4.11,True
29829,205664964,ABT,2026-08-04,3.71,True
29829,205664964,ABT,2026-08-11,3.77,True
29829,205664964,BUY,2026-06-02,8.0,True
29829,205664964,BUY,2026-06-09,7.89,True
29829,205664964,BUY,2026-06-16,7.95,True
29829,205664964,BUY,2026-06-23,7.89,True
29829,205664964,BUY,2026-06-30,7.84,True
29829,205664964,BUY,2026-07-07,7.84,True
29829,205664964,BUY,2026-07-14,7.7,True
29829,205664964,BUY,2026-07-21,7.7,True
29829,205664964,BUY,2026-07-28,7.72,True
29829,205664964,BUY,2026-08-04,8.99,True
29829,205664964,BUY,2026-08-11,8.94,True
29825,205664966,ABT,2026-06-23,17.49,True
29825,205664966,ABT,2026-06-30,17.2,True
29825,205664966,ABT,2026-07-07,17.37,True
29825,205664966,ABT,2026-07-14,17.95,True
29825,205664966,ABT,2026-07-21,18.05,True
29825,205664966,ABT,2026-07-28,16.05,True
29825,205664966,ABT,2026-08-04,14.65,True
29825,205664966,ABT,2026-08-11,13.17,True
29825,205664966,BUY,2026-06-23,17.79,True
29825,205664966,BUY,2026-06-30,18.0,True
29825,205664966,BUY,2026-07-07,17.51,True
29825,205664966,BUY,2026-07-14,17.95,True
29825,205664966,BUY,2026-07-21,17.86,True
29825,205664966,BUY,2026-07-28,17.92,True
29825,205664966,BUY,2026-08-04,18.02,True
29825,205664966,BUY,2026-08-11,17.05,True
29865,205664972,ABT,2026-06-02,503.04,True
29865,205664972,ABT,2026-06-09,498.55,True
29865,205664972,ABT,2026-06-16,506.43,True
29865,205664972,ABT,2026-06-23,509.84,True
29865,205664972,ABT,2026-06-30,494.53,True
29865,205664972,ABT,2026-07-07,497.73,True
29865,205664972,ABT,2026-07-14,500.48,True
29865,205664972,ABT,2026-07-21,441.63,True
29865,205664972,ABT,2026-07-28,449.76,True
29865,205664972,ABT,2026-08-04,456.38,True
29865,205664972,ABT,2026-08-11,433.45,True
29865,205664972,BUY,2026-06-02,494.32,True
29865,205664972,BUY,2026-06-09,493.32,True
29865,205664972,BUY,2026-06-16,490.44,True
29865,205664972,BUY,2026-06-23,490.45,True
29865,205664972,BUY,2026-06-30,486.84,True
29865,205664972,BUY,2026-07-07,487.19,True
29865,205664972,BUY,2026-07-14,488.54,True
29865,205664972,BUY,2026-07-21,443.09,True
29865,205664972,BUY,2026-07-28,448.23,True
29865,205664972,BUY,2026-08-04,449.11,True
29865,205664972,BUY,2026-08-11,442.78,True
29866,205664973,ABT,2026-06-23,29.69,True
29866,205664973,ABT,2026-06-30,29.61,True
29866,205664973,ABT,2026-07-07,29.97,True
29866,205664973,ABT,2026-07-14,31.26,True
29866,205664973,ABT,2026-07-21,30.9,True
29866,205664973,ABT,2026-07-28,30.39,True
29866,205664973,ABT,2026-08-04,30.62,True
29866,205664973,ABT,2026-08-11,30.26,True
29866,205664973,BUY,2026-06-23,29.77,True
29866,205664973,BUY,2026-06-30,29.7,True
29866,205664973,BUY,2026-07-07,30.23,True
29866,205664973,BUY,2026-07-14,30.56,True
29866,205664973,BUY,2026-07-21,28.84,True
29866,205664973,BUY,2026-07-28,29.84,True
29866,205664973,BUY,2026-08-04,29.53,True
29866,205664973,BUY,2026-08-11,29.48,True
29902,205665803,ABT,2026-05-26,22.16,True
29902,205665803,ABT,2026-06-02,21.92,True
29902,205665803,ABT,2026-06-09,19.87,True
29902,205665803,ABT,2026-06-16,19.65,True
29902,205665803,ABT,2026-06-23,22.52,True
29902,205665803,ABT,2026-06-30,22.05,True
29902,205665803,ABT,2026-07-07,21.65,True
29902,205665803,ABT,2026-07-14,21.9,True
29902,205665803,ABT,2026-07-21,21.65,True
29902,205665803,ABT,2026-07-28,22.05,True
29902,205665803,ABT,2026-08-04,25.35,True
29902,205665803,ABT,2026-08-11,25.63,True
29902,205665803,BUY,2026-05-26,22.31,True
29902,205665803,BUY,2026-06-02,24.83,True
29902,205665803,BUY,2026-06-09,24.75,True
29902,205665803,BUY,2026-06-16,23.19,True
29902,205665803,BUY,2026-06-23,23.44,True
29902,205665803,BUY,2026-06-30,22.95,True
29902,205665803,BUY,2026-07-07,22.72,True
29902,205665803,BUY,2026-07-14,22.61,True
29902,205665803,BUY,2026-07-21,22.93,True
29902,205665803,BUY,2026-07-28,22.66,True
29902,205665803,BUY,2026-08-04,22.33,True
29902,205665803,BUY,2026-08-11,22.82,True
37558,205690063,ABT,2026-06-23,138.99,True
37558,205690063,ABT,2026-06-30,140.2,True
37558,205690063,ABT,2026-07-07,140.7,True
37558,205690063,ABT,2026-07-14,139.45,True
37558,205690063,ABT,2026-07-21,138.3,True
37558,205690063,ABT,2026-07-28,134.59,True
37558,205690063,ABT,2026-08-04,136.72,True
37558,205690063,ABT,2026-08-11,138.1,True
37558,205690063,BUY,2026-06-23,138.09,True
37558,205690063,BUY,2026-06-30,138.77,True
37558,205690063,BUY,2026-07-07,131.4,True
37558,205690063,BUY,2026-07-14,136.63,True
37558,205690063,BUY,2026-07-21,120.36,True
37558,205690063,BUY,2026-07-28,106.39,True
37558,205690063,BUY,2026-08-04,91.92,True
37558,205690063,BUY,2026-08-11,81.54,True
36169,205691190,ABT,2026-06-02,509.22,True
36169,205691190,ABT,2026-06-09,521.05,True
36169,205691190,ABT,2026-06-16,512.88,True
36169,205691190,ABT,2026-06-23,512.09,True
36169,205691190,ABT,2026-06-30,505.96,True
36169,205691190,ABT,2026-07-07,491.67,True
36169,205691190,ABT,2026-07-14,493.41,True
36169,205691190,ABT,2026-07-21,485.43,True
36169,205691190,ABT,2026-07-28,483.64,True
36169,205691190,ABT,2026-08-04,485.01,True
36169,205691190,ABT,2026-08-11,489.92,True
36169,205691190,BUY,2026-06-02,489.23,True
36169,205691190,BUY,2026-06-09,495.02,True
36169,205691190,BUY,2026-06-16,497.76,True
36169,205691190,BUY,2026-06-23,506.19,True
36169,205691190,BUY,2026-06-30,523.03,True
36169,205691190,BUY,2026-07-07,524.8,True
36169,205691190,BUY,2026-07-14,532.82,True
36169,205691190,BUY,2026-07-21,534.67,True
36169,205691190,BUY,2026-07-28,528.95,True
36169,205691190,BUY,2026-08-04,531.26,True
36169,205691190,BUY,2026-08-11,536.07,True
36637,205728900,ABT,2026-05-26,79.44,True
36637,205728900,ABT,2026-06-02,81.4,True
36637,205728900,ABT,2026-06-09,75.46,True
36637,205728900,ABT,2026-06-16,67.71,True
36637,205728900,ABT,2026-06-23,58.59,True
36637,205728900,ABT,2026-06-30,58.27,True
36637,205728900,ABT,2026-07-07,57.71,True
36637,205728900,ABT,2026-07-14,58.56,True
36637,205728900,ABT,2026-07-21,58.85,True
36637,205728900,ABT,2026-07-28,60.32,True
36637,205728900,ABT,2026-08-04,61.57,True
36637,205728900,ABT,2026-08-11,62.56,True
36637,205728900,BUY,2026-05-26,80.46,True
36637,205728900,BUY,2026-06-02,81.51,True
36637,205728900,BUY,2026-06-09,83.81,True
36637,205728900,BUY,2026-06-16,84.5,True
36637,205728900,BUY,2026-06-23,84.44,True
36637,205728900,BUY,2026-06-30,82.86,True
36637,205728900,BUY,2026-07-07,81.59,True
36637,205728900,BUY,2026-07-14,81.23,True
36637,205728900,BUY,2026-07-21,80.24,True
36637,205728900,BUY,2026-07-28,93.54,True
36637,205728900,BUY,2026-08-04,93.46,True
36637,205728900,BUY,2026-08-11,78.66,True
30533,205729817,ABT,2026-06-16,49.07,True
30533,205729817,ABT,2026-06-23,47.91,True
30533,205729817,ABT,2026-06-30,49.34,True
30533,205729817,ABT,2026-07-07,52.73,True
30533,205729817,ABT,2026-07-14,49.52,True
30533,205729817,ABT,2026-07-21,48.46,True
30533,205729817,ABT,2026-07-28,47.98,True
30533,205729817,ABT,2026-08-04,46.76,True
30533,205729817,ABT,2026-08-11,46.05,True
30533,205729817,BUY,2026-06-16,48.45,True
30533,205729817,BUY,2026-06-23,49.15,True
30533,205729817,BUY,2026-06-30,48.82,True
30533,205729817,BUY,2026-07-07,48.91,True
30533,205729817,BUY,2026-07-14,51.2,True
30533,205729817,BUY,2026-07-21,52.39,True
30533,205729817,BUY,2026-07-28,53.2,True
30533,205729817,BUY,2026-08-04,54.61,True
30533,205729817,BUY,2026-08-11,55.65,True
31392,205753566,ABT,2026-06-09,12.3,True
31392,205753566,ABT,2026-06-16,11.22,True
31392,205753566,ABT,2026-06-23,11.12,True
31392,205753566,ABT,2026-06-30,11.25,True
31392,205753566,ABT,2026-07-07,11.32,True
31392,205753566,ABT,2026-07-14,11.5,True
31392,205753566,ABT,2026-07-21,11.71,True
31392,205753566,ABT,2026-07-28,11.77,True
31392,205753566,ABT,2026-08-04,11.95,True
31392,205753566,ABT,2026-08-11,11.9,True
31392,205753566,BUY,2026-06-09,12.92,True
31392,205753566,BUY,2026-06-16,12.95,True
31392,205753566,BUY,2026-06-23,12.21,True
31392,205753566,BUY,2026-06-30,12.19,True
31392,205753566,BUY,2026-07-07,11.97,True
31392,205753566,BUY,2026-07-14,11.92,True
31392,205753566,BUY,2026-07-21,11.92,True
31392,205753566,BUY,2026-07-28,11.8,True
31392,205753566,BUY,2026-08-04,10.83,True
31392,205753566,BUY,2026-08-11,9.79,True
31332,205761272,ABT,2026-06-16,12.47,True
31332,205761272,ABT,2026-06-23,12.54,True
31332,205761272,ABT,2026-06-30,12.42,True
31332,205761272,ABT,2026-07-07,12.12,True
31332,205761272,ABT,2026-07-14,12.31,True
31332,205761272,ABT,2026-07-21,11.4,True
31332,205761272,ABT,2026-07-28,11.27,True
31332,205761272,ABT,2026-08-04,11.62,True
31332,205761272,ABT,2026-08-11,11.61,True
31332,205761272,BUY,2026-06-16,12.4,True
31332,205761272,BUY,2026-06-23,12.39,True
31332,205761272,BUY,2026-06-30,12.4,True
31332,205761272,BUY,2026-07-07,12.47,True
31332,205761272,BUY,2026-07-14,12.57,True
31332,205761272,BUY,2026-07-21,12.34,True
31332,205761272,BUY,2026-07-28,12.34,True
31332,205761272,BUY,2026-08-04,12.31,True
31332,205761272,BUY,2026-08-11,12.5,True
32340,205761530,ABT,2026-06-16,204.66,True
32340,205761530,ABT,2026-06-23,200.29,True
32340,205761530,ABT,2026-06-30,188.13,True
32340,205761530,ABT,2026-07-07,176.3,True
32340,205761530,ABT,2026-07-14,173.72,True
32340,205761530,ABT,2026-07-21,172.0,True
32340,205761530,ABT,2026-07-28,171.57,True
32340,205761530,ABT,2026-08-04,174.1,True
32340,205761530,ABT,2026-08-11,176.97,True
32340,205761530,BUY,2026-06-16,198.6,True
32340,205761530,BUY,2026-06-23,178.8,True
32340,205761530,BUY,2026-06-30,179.02,True
32340,205761530,BUY,2026-07-07,150.81,True
32340,205761530,BUY,2026-07-14,151.32,True
32340,205761530,BUY,2026-07-21,150.08,True
32340,205761530,BUY,2026-07-28,151.99,True
32340,205761530,BUY,2026-08-04,149.83,True
32340,205761530,BUY,2026-08-11,153.3,True
31014,205777541,ABT,2026-06-02,84.31,True
31014,205777541,ABT,2026-06-09,97.71,True
31014,205777541,ABT,2026-06-16,98.76,True
31014,205777541,ABT,2026-06-23,92.33,True
31014,205777541,ABT,2026-06-30,93.07,True
31014,205777541,ABT,2026-07-07,92.65,True
31014,205777541,ABT,2026-07-14,92.48,True
31014,205777541,ABT,2026-07-21,92.77,True
31014,205777541,ABT,2026-07-28,90.88,True
31014,205777541,ABT,2026-08-04,91.51,True
31014,205777541,ABT,2026-08-11,92.35,True
31014,205777541,BUY,2026-06-02,86.97,True
31014,205777541,BUY,2026-06-09,89.57,True
31014,205777541,BUY,2026-06-16,90.75,True
31014,205777541,BUY,2026-06-23,93.08,True
31014,205777541,BUY,2026-06-30,92.31,True
31014,205777541,BUY,2026-07-07,90.85,True
31014,205777541,BUY,2026-07-14,92.09,True
31014,205777541,BUY,2026-07-21,92.06,True
31014,205777541,BUY,2026-07-28,93.88,True
31014,205777541,BUY,2026-08-04,94.69,True
31014,205777541,BUY,2026-08-11,93.5,True
38451,205817166,ABT,2026-06-02,44.2,True
38451,205817166,ABT,2026-06-09,43.87,True
38451,205817166,ABT,2026-06-16,43.98,True
38451,205817166,ABT,2026-06-23,44.5,True
38451,205817166,ABT,2026-06-30,43.71,True
38451,205817166,ABT,2026-07-07,44.19,True
38451,205817166,ABT,2026-07-14,43.98,True
38451,205817166,ABT,2026-07-21,43.18,True
38451,205817166,ABT,2026-07-28,42.79,True
38451,205817166,ABT,2026-08-04,42.06,True
38451,205817166,ABT,2026-08-11,41.37,True
38451,205817166,BUY,2026-06-02,44.18,True
38451,205817166,BUY,2026-06-09,44.06,True
38451,205817166,BUY,2026-06-16,44.14,True
38451,205817166,BUY,2026-06-23,44.55,True
38451,205817166,BUY,2026-06-30,43.96,True
38451,205817166,BUY,2026-07-07,44.52,True
38451,205817166,BUY,2026-07-14,39.1,True
38451,205817166,BUY,2026-07-21,39.92,True
38451,205817166,BUY,2026-07-28,40.11,True
38451,205817166,BUY,2026-08-04,39.86,True
38451,205817166,BUY,2026-08-11,39.14,True
34174,205817784,ABT,2026-06-16,98.73,True
34174,205817784,ABT,2026-06-23,99.51,True
34174,205817784,ABT,2026-06-30,101.05,True
34174,205817784,ABT,2026-07-07,100.48,True
34174,205817784,ABT,2026-07-14,100.81,True
34174,205817784,ABT,2026-07-21,101.96,True
34174,205817784,ABT,2026-07-28,101.94,True
34174,205817784,ABT,2026-08-04,103.07,True
34174,205817784,ABT,2026-08-11,104.47,True
34174,205817784,BUY,2026-06-16,99.19,True
34174,205817784,BUY,2026-06-23,100.98,True
34174,205817784,BUY,2026-06-30,99.25,True
34174,205817784,BUY,2026-07-07,100.25,True
34174,205817784,BUY,2026-07-14,101.33,True
34174,205817784,BUY,2026-07-21,103.04,True
34174,205817784,BUY,2026-07-28,105.58,True
34174,205817784,BUY,2026-08-04,109.36,True
34174,205817784,BUY,2026-08-11,107.94,True
36097,205838157,ABT,2026-06-16,8.75,True
36097,205838157,ABT,2026-06-23,8.69,True
36097,205838157,ABT,2026-06-30,8.68,True
36097,205838157,ABT,2026-07-07,8.57,True
36097,205838157,ABT,2026-07-14,8.55,True
36097,205838157,ABT,2026-07-21,8.5,True
36097,205838157,ABT,2026-07-28,8.54,True
36097,205838157,ABT,2026-08-04,8.4,True
36097,205838157,ABT,2026-08-11,8.61,True
36097,205838157,BUY,2026-06-16,7.46,True
36097,205838157,BUY,2026-06-23,7.5,True
36097,205838157,BUY,2026-06-30,7.41,True
36097,205838157,BUY,2026-07-07,6.34,True
36097,205838157,BUY,2026-07-14,6.34,True
36097,205838157,BUY,2026-07-21,6.33,True
36097,205838157,BUY,2026-07-28,6.48,True
36097,205838157,BUY,2026-08-04,6.61,True
36097,205838157,BUY,2026-08-11,6.58,True
31836,205844265,ABT,2026-06-16,41.55,True
31836,205844265,ABT,2026-06-23,41.42,True
31836,205844265,ABT,2026-06-30,37.72,True
31836,205844265,ABT,2026-07-07,37.78,True
31836,205844265,ABT,2026-07-14,31.69,True
31836,205844265,ABT,2026-07-21,32.04,True
31836,205844265,ABT,2026-07-28,34.7,True
31836,205844265,ABT,2026-08-04,35.33,True
31836,205844265,ABT,2026-08-11,35.07,True
31836,205844265,BUY,2026-06-16,40.8,True
31836,205844265,BUY,2026-06-23,36.28,True
31836,205844265,BUY,2026-06-30,32.38,True
31836,205844265,BUY,2026-07-07,28.73,True
31836,205844265,BUY,2026-07-14,26.45,True
31836,205844265,BUY,2026-07-21,26.31,True
31836,205844265,BUY,2026-07-28,26.44,True
31836,205844265,BUY,2026-08-04,26.98,True
31836,205844265,BUY,2026-08-11,26.64,True
38798,205852250,ABT,2026-06-16,348.67,True
38798,205852250,ABT,2026-06-23,352.37,True
38798,205852250,ABT,2026-06-30,367.5,True
38798,205852250,ABT,2026-07-07,365.63,True
38798,205852250,ABT,2026-07-14,366.25,True
38798,205852250,ABT,2026-07-21,360.99,True
38798,205852250,ABT,2026-07-28,362.6,True
38798,205852250,ABT,2026-08-04,372.73,True
38798,205852250,ABT,2026-08-11,376.5,True
38798,205852250,BUY,2026-06-16,356.16,True
38798,205852250,BUY,2026-06-23,368.18,True
38798,205852250,BUY,2026-06-30,359.05,True
38798,205852250,BUY,2026-07-07,327.67,True
38798,205852250,BUY,2026-07-14,331.75,True
38798,205852250,BUY,2026-07-21,328.76,True
38798,205852250,BUY,2026-07-28,330.34,True
38798,205852250,BUY,2026-08-04,333.23,True
38798,205852250,BUY,2026-08-11,287.59,True
30955,205852387,ABT,2026-06-16,172.7,True
30955,205852387,ABT,2026-06-23,173.84,True
30955,205852387,ABT,2026-06-30,173.14,True
30955,205852387,ABT,2026-07-07,176.58,True
30955,205852387,ABT,2026-07-14,164.87,True
30955,205852387,ABT,2026-07-21,168.35,True
30955,205852387,ABT,2026-07-28,169.1,True
30955,205852387,ABT,2026-08-04,151.29,True
30955,205852387,ABT,2026-08-11,150.17,True
30955,205852387,BUY,2026-06-16,190.24,True
30955,205852387,BUY,2026-06-23,189.47,True
30955,205852387,BUY,2026-06-30,192.49,True
30955,205852387,BUY,2026-07-07,188.19,True
30955,205852387,BUY,2026-07-14,183.54,True
30955,205852387,BUY,2026-07-21,181.57,True
30955,205852387,BUY,2026-07-28,183.16,True
30955,205852387,BUY,2026-08-04,179.83,True
30955,205852387,BUY,2026-08-11,178.74,True
33276,205865183,ABT,2026-06-16,34.9,True
33276,205865183,ABT,2026-06-23,30.87,True
33276,205865183,ABT,2026-06-30,27.09,True
33276,205865183,ABT,2026-07-07,22.99,True
33276,205865183,ABT,2026-07-14,23.86,True
33276,205865183,ABT,2026-07-21,24.29,True
33276,205865183,ABT,2026-07-28,24.78,True
33276,205865183,ABT,2026-08-04,25.26,True
33276,205865183,ABT,2026-08-11,25.2,True
33276,205865183,BUY,2026-06-16,37.08,True
33276,205865183,BUY,2026-06-23,37.39,True
33276,205865183,BUY,2026-06-30,36.9,True
33276,205865183,BUY,2026-07-07,40.33,True
33276,205865183,BUY,2026-07-14,39.93,True
33276,205865183,BUY,2026-07-21,39.96,True
33276,205865183,BUY,2026-07-28,39.58,True
33276,205865183,BUY,2026-08-04,38.49,True
33276,205865183,BUY,2026-08-11,39.02,True
34102,205886768,ABT,2026-06-09,21.17,True
34102,205886768,ABT,2026-06-16,20.94,True
34102,205886768,ABT,2026-06-23,21.27,True
34102,205886768,ABT,2026-06-30,21.34,True
34102,205886768,ABT,2026-07-07,19.14,True
34102,205886768,ABT,2026-07-14,19.2,True
34102,205886768,ABT,2026-07-21,19.49,True
34102,205886768,ABT,2026-07-28,19.15,True
34102,205886768,ABT,2026-08-04,18.91,True
34102,205886768,ABT,2026-08-11,18.64,True
34102,205886768,BUY,2026-06-09,21.19,True
34102,205886768,BUY,2026-06-16,21.8,True
34102,205886768,BUY,2026-06-23,21.22,True
34102,205886768,BUY,2026-06-30,20.52,True
34102,205886768,BUY,2026-07-07,20.71,True
34102,205886768,BUY,2026-07-14,20.88,True
34102,205886768,BUY,2026-07-21,20.99,True
34102,205886768,BUY,2026-07-28,21.22,True
34102,205886768,BUY,2026-08-04,20.93,True
34102,205886768,BUY,2026-08-11,21.55,True
32653,205888207,ABT,2026-06-16,38.58,True
32653,205888207,ABT,2026-06-23,38.4,True
32653,205888207,ABT,2026-06-30,39.27,True
32653,205888207,ABT,2026-07-07,39.5,True
32653,205888207,ABT,2026-07-14,38.36,True
32653,205888207,ABT,2026-07-21,37.82,True
32653,205888207,ABT,2026-07-28,37.44,True
32653,205888207,ABT,2026-08-04,37.9,True
32653,205888207,ABT,2026-08-11,37.67,True
32653,205888207,BUY,2026-06-16,39.15,True
32653,205888207,BUY,2026-06-23,38.27,True
32653,205888207,BUY,2026-06-30,39.72,True
32653,205888207,BUY,2026-07-07,38.73,True
32653,205888207,BUY,2026-07-14,38.79,True
32653,205888207,BUY,2026-07-21,38.93,True
32653,205888207,BUY,2026-07-28,38.23,True
32653,205888207,BUY,2026-08-04,36.27,True
32653,205888207,BUY,2026-08-11,35.91,True
32226,205985716,ABT,2026-06-16,120.89,True
32226,205985716,ABT,2026-06-23,123.43,True
32226,205985716,ABT,2026-06-30,121.21,True
32226,205985716,ABT,2026-07-07,123.76,True
32226,205985716,ABT,2026-07-14,123.63,True
32226,205985716,ABT,2026-07-21,124.08,True
32226,205985716,ABT,2026-07-28,124.07,True
32226,205985716,ABT,2026-08-04,123.61,True
32226,205985716,ABT,2026-08-11,119.42,True
32226,205985716,BUY,2026-06-16,117.72,True
32226,205985716,BUY,2026-06-23,121.2,True
32226,205985716,BUY,2026-06-30,119.1,True
32226,205985716,BUY,2026-07-07,118.41,True
32226,205985716,BUY,2026-07-14,111.24,True
32226,205985716,BUY,2026-07-21,100.47,True
32226,205985716,BUY,2026-07-28,92.33,True
32226,205985716,BUY,2026-08-04,90.77,True
32226,205985716,BUY,2026-08-11,92.63,True
32279,205985717,ABT,2026-06-16,38.86,True
32279,205985717,ABT,2026-06-23,37.86,True
32279,205985717,ABT,2026-06-30,33.79,True
32279,205985717,ABT,2026-07-07,34.71,True
32279,205985717,ABT,2026-07-14,34.66,True
32279,205985717,ABT,2026-07-21,35.41,True
32279,205985717,ABT,2026-07-28,35.29,True
32279,205985717,ABT,2026-08-04,34.53,True
32279,205985717,ABT,2026-08-11,34.49,True
32279,205985717,BUY,2026-06-16,39.33,True
32279,205985717,BUY,2026-06-23,39.04,True
32279,205985717,BUY,2026-06-30,37.86,True
32279,205985717,BUY,2026-07-07,38.25,True
32279,205985717,BUY,2026-07-14,38.1,True
32279,205985717,BUY,2026-07-21,38.71,True
32279,205985717,BUY,2026-07-28,38.5,True
32279,205985717,BUY,2026-08-04,38.71,True
32279,205985717,BUY,2026-08-11,39.41,True
32228,205985718,ABT,2026-05-26,13.98,True
32228,205985718,ABT,2026-06-02,13.5,True
32228,205985718,ABT,2026-06-09,13.46,True
32228,205985718,ABT,2026-06-16,13.27,True
32228,205985718,ABT,2026-06-23,12.92,True
32228,205985718,ABT,2026-06-30,13.18,True
32228,205985718,ABT,2026-07-07,11.41,True
32228,205985718,ABT,2026-07-14,11.34,True
32228,205985718,ABT,2026-07-21,11.2,True
32228,205985718,ABT,2026-07-28,11.16,True
32228,205985718,ABT,2026-08-04,10.94,True
32228,205985718,ABT,2026-08-11,10.94,True
32228,205985718,BUY,2026-05-26,13.94,True
32228,205985718,BUY,2026-06-02,13.96,True
32228,205985718,BUY,2026-06-09,13.58,True
32228,205985718,BUY,2026-06-16,11.69,True
32228,205985718,BUY,2026-06-23,10.77,True
32228,205985718,BUY,2026-06-30,10.87,True
32228,205985718,BUY,2026-07-07,11.01,True
32228,205985718,BUY,2026-07-14,10.96,True
32228,205985718,BUY,2026-07-21,10.79,True
32228,205985718,BUY,2026-07-28,9.92,True
32228,205985718,BUY,2026-08-04,9.98,True
32228,205985718,BUY,2026-08-11,9.14,True
32280,205985719,ABT,2026-06-02,159.45,True
32280,205985719,ABT,2026-06-09,155.65,True
32280,205985719,ABT,2026-06-16,158.14,True
32280,205985719,ABT,2026-06-23,157.13,True
32280,205985719,ABT,2026-06-30,156.99,True
32280,205985719,ABT,2026-07-07,154.39,True
32280,205985719,ABT,2026-07-14,149.63,True
32280,205985719,ABT,2026-07-21,137.03,True
32280,205985719,ABT,2026-07-28,127.65,True
32280,205985719,ABT,2026-08-04,127.18,True
32280,205985719,ABT,2026-08-11,129.47,True
32280,205985719,BUY,2026-06-02,159.75,True
32280,205985719,BUY,2026-06-09,155.82,True
32280,205985719,BUY,2026-06-16,155.96,True
32280,205985719,BUY,2026-06-23,158.61,True
32280,205985719,BUY,2026-06-30,155.33,True
32280,205985719,BUY,2026-07-07,153.9,True
32280,205985719,BUY,2026-07-14,156.04,True
32280,205985719,BUY,2026-07-21,156.72,True
32280,205985719,BUY,2026-07-28,154.31,True
32280,205985719,BUY,2026-08-04,153.17,True
32280,205985719,BUY,2026-08-11,153.33,True
25855,205986339,ABT,2026-06-16,16.96,True
25855,205986339,ABT,2026-06-23,16.94,True
25855,205986339,ABT,2026-06-30,17.12,True
25855,205986339,ABT,2026-07-07,17.08,True
25855,205986339,ABT,2026-07-14,16.8,True
25855,205986339,ABT,2026-07-21,16.42,True
25855,205986339,ABT,2026-07-28,16.22,True
25855,205986339,ABT,2026-08-04,16.5,True
25855,205986339,ABT,2026-08-11,16.77,True
25855,205986339,BUY,2026-06-16,17.44,True
25855,205986339,BUY,2026-06-23,17.53,True
25855,205986339,BUY,2026-06-30,17.49,True
25855,205986339,BUY,2026-07-07,17.61,True
25855,205986339,BUY,2026-07-14,17.67,True
25855,205986339,BUY,2026-07-21,17.7,True
25855,205986339,BUY,2026-07-28,18.26,True
25855,205986339,BUY,2026-08-04,17.52,True
25855,205986339,BUY,2026-08-11,15.45,True
34640,206120294,ABT,2026-06-02,899.31,True
34640,206120294,ABT,2026-06-09,897.27,True
34640,206120294,ABT,2026-06-16,977.8,True
34640,206120294,ABT,2026-06-23,891.25,True
34640,206120294,ABT,2026-06-30,802.29,True
34640,206120294,ABT,2026-07-07,788.56,True
34640,206120294,ABT,2026-07-14,793.24,True
34640,206120294,ABT,2026-07-21,795.29,True
34640,206120294,ABT,2026-07-28,806.76,True
34640,206120294,ABT,2026-08-04,805.43,True
34640,206120294,ABT,2026-08-11,818.32,True
34640,206120294,BUY,2026-06-02,910.76,True
34640,206120294,BUY,2026-06-09,937.59,True
34640,206120294,BUY,2026-06-16,939.92,True
34640,206120294,BUY,2026-06-23,929.02,True
34640,206120294,BUY,2026-06-30,828.31,True
34640,206120294,BUY,2026-07-07,742.2,True
34640,206120294,BUY,2026-07-14,745.16,True
34640,206120294,BUY,2026-07-21,749.5,True
34640,206120294,BUY,2026-07-28,750.77,True
34640,206120294,BUY,2026-08-04,760.26,True
34640,206120294,BUY,2026-08-11,765.26,True
32986,206179521,ABT,2026-06-16,40.58,True
32986,206179521,ABT,2026-06-23,40.05,True
32986,206179521,ABT,2026-06-30,39.88,True
32986,206179521,ABT,2026-07-07,35.43,True
32986,206179521,ABT,2026-07-14,35.49,True
32986,206179521,ABT,2026-07-21,35.3,True
32986,206179521,ABT,2026-07-28,34.66,True
32986,206179521,ABT,2026-08-04,32.63,True
32986,206179521,ABT,2026-08-11,36.66,True
32986,206179521,BUY,2026-06-16,39.35,True
32986,206179521,BUY,2026-06-23,39.19,True
32986,206179521,BUY,2026-06-30,39.1,True
32986,206179521,BUY,2026-07-07,39.43,True
32986,206179521,BUY,2026-07-14,39.84,True
32986,206179521,BUY,2026-07-21,38.59,True
32986,206179521,BUY,2026-07-28,39.11,True
32986,206179521,BUY,2026-08-04,38.9,True
32986,206179521,BUY,2026-08-11,36.38,True
32488,206179525,ABT,2026-05-26,79.47,True
32488,206179525,ABT,2026-06-02,78.38,True
32488,206179525,ABT,2026-06-09,70.08,True
32488,206179525,ABT,2026-06-16,68.97,True
32488,206179525,ABT,2026-06-23,69.08,True
32488,206179525,ABT,2026-06-30,66.81,True
32488,206179525,ABT,2026-07-07,67.19,True
32488,206179525,ABT,2026-07-14,67.59,True
32488,206179525,ABT,2026-07-21,69.45,True
32488,206179525,ABT,2026-07-28,68.9,True
32488,206179525,ABT,2026-08-04,68.54,True
32488,206179525,ABT,2026-08-11,69.16,True
32488,206179525,BUY,2026-05-26,82.25,True
32488,206179525,BUY,2026-06-02,82.45,True
32488,206179525,BUY,2026-06-09,81.06,True
32488,206179525,BUY,2026-06-16,80.69,True
32488,206179525,BUY,2026-06-23,81.94,True
32488,206179525,BUY,2026-06-30,84.49,True
32488,206179525,BUY,2026-07-07,79.23,True
32488,206179525,BUY,2026-07-14,71.13,True
32488,206179525,BUY,2026-07-21,74.52,True
32488,206179525,BUY,2026-07-28,67.35,True
32488,206179525,BUY,2026-08-04,73.17,True
32488,206179525,BUY,2026-08-11,74.04,True
32584,206179562,ABT,2026-05-26,1004.97,True
32584,206179562,ABT,2026-06-02,1046.96,True
32584,206179562,ABT,2026-06-09,1029.29,True
32584,206179562,ABT,2026-06-16,1026.02,True
32584,206179562,ABT,2026-06-23,1007.39,True
32584,206179562,ABT,2026-06-30,1019.67,True
32584,206179562,ABT,2026-07-07,1032.07,True
32584,206179562,ABT,2026-07-14,1062.96,True
32584,206179562,ABT,2026-07-21,1050.72,True
32584,206179562,ABT,2026-07-28,1062.03,True
32584,206179562,ABT,2026-08-04,1048.07,True
32584,206179562,ABT,2026-08-11,1063.52,True
32584,206179562,BUY,2026-05-26,1008.99,True
32584,206179562,BUY,2026-06-02,989.23,True
32584,206179562,BUY,2026-06-09,971.57,True
32584,206179562,BUY,2026-06-16,1004.01,True
32584,206179562,BUY,2026-06-23,1000.25,True
32584,206179562,BUY,2026-06-30,1006.48,True
32584,206179562,BUY,2026-07-07,993.8,True
32584,206179562,BUY,2026-07-14,990.83,True
32584,206179562,BUY,2026-07-21,999.89,True
32584,206179562,BUY,2026-07-28,1115.34,True
32584,206179562,BUY,2026-08-04,1119.93,True
32584,206179562,BUY,2026-08-11,1135.58,True
38507,206181767,ABT,2026-06-09,118.63,True
38507,206181767,ABT,2026-06-16,113.57,True
38507,206181767,ABT,2026-06-23,115.15,True
38507,206181767,ABT,2026-06-30,115.54,True
38507,206181767,ABT,2026-07-07,114.98,True
38507,206181767,ABT,2026-07-14,114.69,True
38507,206181767,ABT,2026-07-21,99.27,True
38507,206181767,ABT,2026-07-28,100.01,True
38507,206181767,ABT,2026-08-04,107.09,True
38507,206181767,ABT,2026-08-11,108.25,True
38507,206181767,BUY,2026-06-09,108.23,True
38507,206181767,BUY,2026-06-16,110.09,True
38507,206181767,BUY,2026-06-23,107.56,True
38507,206181767,BUY,2026-06-30,106.69,True
38507,206181767,BUY,2026-07-07,108.26,True
38507,206181767,BUY,2026-07-14,107.09,True
38507,206181767,BUY,2026-07-21,105.85,True
38507,206181767,BUY,2026-07-28,106.68,True
38507,206181767,BUY,2026-08-04,106.37,True
38507,206181767,BUY,2026-08-11,105.48,True
31956,206356229,ABT,2026-06-09,134.26,True
31956,206356229,ABT,2026-06-16,134.88,True
31956,206356229,ABT,2026-06-23,122.81,True
31956,206356229,ABT,2026-06-30,124.98,True
31956,206356229,ABT,2026-07-07,122.77,True
31956,206356229,ABT,2026-07-14,121.34,True
31956,206356229,ABT,2026-07-21,123.04,True
31956,206356229,ABT,2026-07-28,122.22,True
31956,206356229,ABT,2026-08-04,125.45,True
31956,206356229,ABT,2026-08-11,124.14,True
31956,206356229,BUY,2026-06-09,130.65,True
31956,206356229,BUY,2026-06-16,132.58,True
31956,206356229,BUY,2026-06-23,125.09,True
31956,206356229,BUY,2026-06-30,108.48,True
31956,206356229,BUY,2026-07-07,108.88,True
31956,206356229,BUY,2026-07-14,107.6,True
31956,206356229,BUY,2026-07-21,106.27,True
31956,206356229,BUY,2026-07-28,105.37,True
31956,206356229,BUY,2026-08-04,102.94,True
31956,206356229,BUY,2026-08-11,105.39,True
32112,206356230,ABT,2026-06-02,49.41,True
32112,206356230,ABT,2026-06-09,46.24,True
32112,206356230,ABT,2026-06-16,46.86,True
32112,206356230,ABT,2026-06-23,47.76,True
32112,206356230,ABT,2026-06-30,47.39,True
32112,206356230,ABT,2026-07-07,47.06,True
32112,206356230,ABT,2026-07-14,47.39,True
32112,206356230,ABT,2026-07-21,47.76,True
32112,206356230,ABT,2026-07-28,48.83,True
32112,206356230,ABT,2026-08-04,48.71,True
32112,206356230,ABT,2026-08-11,48.89,True
32112,206356230,BUY,2026-06-02,43.02,True
32112,206356230,BUY,2026-06-09,42.74,True
32112,206356230,BUY,2026-06-16,42.32,True
32112,206356230,BUY,2026-06-23,42.73,True
32112,206356230,BUY,2026-06-30,42.58,True
32112,206356230,BUY,2026-07-07,41.74,True
32112,206356230,BUY,2026-07-14,39.8,True
32112,206356230,BUY,2026-07-21,37.52,True
32112,206356230,BUY,2026-07-28,37.15,True
32112,206356230,BUY,2026-08-04,37.38,True
32112,206356230,BUY,2026-08-11,37.21,True
31924,206356232,ABT,2026-06-16,238.97,True
31924,206356232,ABT,2026-06-23,239.95,True
31924,206356232,ABT,2026-06-30,232.56,True
31924,206356232,ABT,2026-07-07,228.53,True
31924,206356232,ABT,2026-07-14,226.47,True
31924,206356232,ABT,2026-07-21,225.27,True
31924,206356232,ABT,2026-07-28,222.07,True
31924,206356232,ABT,2026-08-04,217.17,True
31924,206356232,ABT,2026-08-11,221.09,True
31924,206356232,BUY,2026-06-16,233.81,True
31924,206356232,BUY,2026-06-23,232.04,True
31924,206356232,BUY,2026-06-30,232.28,True
31924,206356232,BUY,2026-07-07,207.88,True
31924,206356232,BUY,2026-07-14,206.96,True
31924,206356232,BUY,2026-07-21,176.55,True
31924,206356232,BUY,2026-07-28,176.73,True
31924,206356232,BUY,2026-08-04,167.13,True
31924,206356232,BUY,2026-08-11,157.27,True
31954,206356233,ABT,2026-06-02,48.26,True
31954,206356233,ABT,2026-06-09,48.31,True
31954,206356233,ABT,2026-06-16,48.19,True
31954,206356233,ABT,2026-06-23,40.9,True
31954,206356233,ABT,2026-06-30,32.81,True
31954,206356233,ABT,2026-07-07,27.86,True
31954,206356233,ABT,2026-07-14,23.27,True
31954,206356233,ABT,2026-07-21,19.62,True
31954,206356233,ABT,2026-07-28,19.52,True
31954,206356233,ABT,2026-08-04,19.58,True
31954,206356233,ABT,2026-08-11,19.89,True
31954,206356233,BUY,2026-06-02,49.47,True
31954,206356233,BUY,2026-06-09,50.43,True
31954,206356233,BUY,2026-06-16,50.65,True
31954,206356233,BUY,2026-06-23,49.13,True
31954,206356233,BUY,2026-06-30,49.38,True
31954,206356233,BUY,2026-07-07,49.0,True
31954,206356233,BUY,2026-07-14,42.74,True
31954,206356233,BUY,2026-07-21,44.48,True
31954,206356233,BUY,2026-07-28,44.33,True
31954,206356233,BUY,2026-08-04,44.19,True
31954,206356233,BUY,2026-08-11,43.84,True
33723,206356234,ABT,2026-06-02,1913.34,True
33723,206356234,ABT,2026-06-09,1933.76,True
33723,206356234,ABT,2026-06-16,1904.56,True
33723,206356234,ABT,2026-06-23,1904.14,True
33723,206356234,ABT,2026-06-30,1891.77,True
33723,206356234,ABT,2026-07-07,1889.57,True
33723,206356234,ABT,2026-07-14,1904.38,True
33723,206356234,ABT,2026-07-21,1916.16,True
33723,206356234,ABT,2026-07-28,1877.53,True
33723,206356234,ABT,2026-08-04,1870.39,True
33723,206356234,ABT,2026-08-11,1855.62,True
33723,206356234,BUY,2026-06-02,1867.28,True
33723,206356234,BUY,2026-06-09,1912.31,True
33723,206356234,BUY,2026-06-16,1905.41,True
33723,206356234,BUY,2026-06-23,1906.74,True
33723,206356234,BUY,2026-06-30,1879.23,True
33723,206356234,BUY,2026-07-07,1835.82,True
33723,206356234,BUY,2026-07-14,1843.25,True
33723,206356234,BUY,2026-07-21,1763.22,True
33723,206356234,BUY,2026-07-28,1796.8,True
33723,206356234,BUY,2026-08-04,1813.59,True
33723,206356234,BUY,2026-08-11,1846.23,True
35477,206359209,ABT,2026-06-02,116.32,True
35477,206359209,ABT,2026-06-09,116.85,True
35477,206359209,ABT,2026-06-16,109.16,True
35477,206359209,ABT,2026-06-23,108.07,True
35477,206359209,ABT,2026-06-30,96.47,True
35477,206359209,ABT,2026-07-07,97.16,True
35477,206359209,ABT,2026-07-14,96.34,True
35477,206359209,ABT,2026-07-21,97.7,True
35477,206359209,ABT,2026-07-28,96.66,True
35477,206359209,ABT,2026-08-04,82.74,True
35477,206359209,ABT,2026-08-11,79.85,True
35477,206359209,BUY,2026-06-02,121.23,True
35477,206359209,BUY,2026-06-09,122.01,True
35477,206359209,BUY,2026-06-16,111.37,True
35477,206359209,BUY,2026-06-23,111.64,True
35477,206359209,BUY,2026-06-30,103.84,True
35477,206359209,BUY,2026-07-07,103.75,True
35477,206359209,BUY,2026-07-14,94.4,True
35477,206359209,BUY,2026-07-21,101.22,True
35477,206359209,BUY,2026-07-28,80.69,True
35477,206359209,BUY,2026-08-04,71.69,True
35477,206359209,BUY,2026-08-11,72.43,True
36083,206362623,ABT,2026-06-16,20.23,True
36083,206362623,ABT,2026-06-23,20.73,True
36083,206362623,ABT,2026-06-30,20.79,True
36083,206362623,ABT,2026-07-07,20.42,True
36083,206362623,ABT,2026-07-14,18.77,True
36083,206362623,ABT,2026-07-21,18.73,True
36083,206362623,ABT,2026-07-28,18.45,True
36083,206362623,ABT,2026-08-04,18.49,True
36083,206362623,ABT,2026-08-11,18.59,True
36083,206362623,BUY,2026-06-16,20.2,True
36083,206362623,BUY,2026-06-23,20.5,True
36083,206362623,BUY,2026-06-30,20.93,True
36083,206362623,BUY,2026-07-07,20.75,True
36083,206362623,BUY,2026-07-14,21.16,True
36083,206362623,BUY,2026-07-21,21.39,True
36083,206362623,BUY,2026-07-28,21.65,True
36083,206362623,BUY,2026-08-04,21.36,True
36083,206362623,BUY,2026-08-11,21.82,True
30134,206362873,ABT,2026-06-16,505.51,True
30134,206362873,ABT,2026-06-23,440.32,True
30134,206362873,ABT,2026-06-30,387.45,True
30134,206362873,ABT,2026-07-07,353.36,True
30134,206362873,ABT,2026-07-14,354.92,True
30134,206362873,ABT,2026-07-21,351.92,True
30134,206362873,ABT,2026-07-28,348.3,True
30134,206362873,ABT,2026-08-04,309.49,True
30134,206362873,ABT,2026-08-11,267.31,True
30134,206362873,BUY,2026-06-16,570.55,True
30134,206362873,BUY,2026-06-23,562.55,True
30134,206362873,BUY,2026-06-30,553.99,True
30134,206362873,BUY,2026-07-07,548.6,True
30134,206362873,BUY,2026-07-14,550.32,True
30134,206362873,BUY,2026-07-21,558.55,True
30134,206362873,BUY,2026-07-28,518.36,True
30134,206362873,BUY,2026-08-04,531.04,True
30134,206362873,BUY,2026-08-11,533.0,True
31970,206419131,ABT,2026-06-09,1531.81,True
31970,206419131,ABT,2026-06-16,1512.64,True
31970,206419131,ABT,2026-06-23,1537.96,True
31970,206419131,ABT,2026-06-30,1537.14,True
31970,206419131,ABT,2026-07-07,1523.64,True
31970,206419131,ABT,2026-07-14,1485.17,True
31970,206419131,ABT,2026-07-21,1486.04,True
31970,206419131,ABT,2026-07-28,1480.07,True
31970,206419131,ABT,2026-08-04,1432.35,True
31970,206419131,ABT,2026-08-11,1412.94,True
31970,206419131,BUY,2026-06-09,1555.02,True
31970,206419131,BUY,2026-06-16,1741.91,True
31970,206419131,BUY,2026-06-23,1590.36,True
31970,206419131,BUY,2026-06-30,1657.81,True
31970,206419131,BUY,2026-07-07,1566.87,True
31970,206419131,BUY,2026-07-14,1421.85,True
31970,206419131,BUY,2026-07-21,1257.07,True
31970,206419131,BUY,2026-07-28,1068.92,True
31970,206419131,BUY,2026-08-04,1071.88,True
31970,206419131,BUY,2026-08-11,1084.26,True
30338,206460113,ABT,2026-06-23,40.15,True
30338,206460113,ABT,2026-06-30,35.73,True
30338,206460113,ABT,2026-07-07,34.9,True
30338,206460113,ABT,2026-07-14,34.99,True
30338,206460113,ABT,2026-07-21,33.55,True
30338,206460113,ABT,2026-07-28,34.02,True
30338,206460113,ABT,2026-08-04,34.49,True
30338,206460113,ABT,2026-08-11,34.8,True
30338,206460113,BUY,2026-06-23,39.97,True
30338,206460113,BUY,2026-06-30,39.19,True
30338,206460113,BUY,2026-07-07,42.98,True
30338,206460113,BUY,2026-07-14,43.8,True
30338,206460113,BUY,2026-07-21,44.66,True
30338,206460113,BUY,2026-07-28,44.96,True
30338,206460113,BUY,2026-08-04,45.83,True
30338,206460113,BUY,2026-08-11,44.59,True
31635,206460118,ABT,2026-06-02,312.18,True
31635,206460118,ABT,2026-06-09,316.58,True
31635,206460118,ABT,2026-06-16,325.08,True
31635,206460118,ABT,2026-06-23,335.37,True
31635,206460118,ABT,2026-06-30,340.11,True
31635,206460118,ABT,2026-07-07,338.6,True
31635,206460118,ABT,2026-07-14,338.55,True
31635,206460118,ABT,2026-07-21,334.7,True
31635,206460118,ABT,2026-07-28,324.93,True
31635,206460118,ABT,2026-08-04,319.43,True
31635,206460118,ABT,2026-08-11,319.47,True
31635,206460118,BUY,2026-06-02,277.41,True
31635,206460118,BUY,2026-06-09,278.92,True
31635,206460118,BUY,2026-06-16,279.31,True
31635,206460118,BUY,2026-06-23,276.93,True
31635,206460118,BUY,2026-06-30,279.9,True
31635,206460118,BUY,2026-07-07,276.26,True
31635,206460118,BUY,2026-07-14,277.01,True
31635,206460118,BUY,2026-07-21,276.49,True
31635,206460118,BUY,2026-07-28,278.01,True
31635,206460118,BUY,2026-08-04,279.63,True
31635,206460118,BUY,2026-08-11,280.02,True
21554,206460121,ABT,2026-06-16,151.7,True
21554,206460121,ABT,2026-06-23,149.11,True
21554,206460121,ABT,2026-06-30,151.02,True
21554,206460121,ABT,2026-07-07,150.01,True
21554,206460121,ABT,2026-07-14,148.76,True
21554,206460121,ABT,2026-07-21,152.79,True
21554,206460121,ABT,2026-07-28,153.48,True
21554,206460121,ABT,2026-08-04,150.63,True
21554,206460121,ABT,2026-08-11,145.97,True
21554,206460121,BUY,2026-06-16,152.96,True
21554,206460121,BUY,2026-06-23,147.65,True
21554,206460121,BUY,2026-06-30,146.94,True
21554,206460121,BUY,2026-07-07,149.02,True
21554,206460121,BUY,2026-07-14,150.32,True
21554,206460121,BUY,2026-07-21,149.84,True
21554,206460121,BUY,2026-07-28,150.18,True
21554,206460121,BUY,2026-08-04,149.17,True
21554,206460121,BUY,2026-08-11,137.96,True
35851,206462228,ABT,2026-06-16,78.03,True
35851,206462228,ABT,2026-06-23,76.57,True
35851,206462228,ABT,2026-06-30,77.41,True
35851,206462228,ABT,2026-07-07,79.05,True
35851,206462228,ABT,2026-07-14,78.98,True
35851,206462228,ABT,2026-07-21,77.6,True
35851,206462228,ABT,2026-07-28,76.84,True
35851,206462228,ABT,2026-08-04,77.92,True
35851,206462228,ABT,2026-08-11,73.37,True
35851,206462228,BUY,2026-06-16,78.81,True
35851,206462228,BUY,2026-06-23,78.78,True
35851,206462228,BUY,2026-06-30,78.31,True
35851,206462228,BUY,2026-07-07,76.21,True
35851,206462228,BUY,2026-07-14,74.64,True
35851,206462228,BUY,2026-07-21,75.31,True
35851,206462228,BUY,2026-07-28,75.74,True
35851,206462228,BUY,2026-08-04,75.09,True
35851,206462228,BUY,2026-08-11,75.01,True
27182,206481908,ABT,2026-06-23,405.25,True
27182,206481908,ABT,2026-06-30,350.0,True
27182,206481908,ABT,2026-07-07,310.09,True
27182,206481908,ABT,2026-07-14,264.92,True
27182,206481908,ABT,2026-07-21,232.38,True
27182,206481908,ABT,2026-07-28,235.76,True
27182,206481908,ABT,2026-08-04,238.79,True
27182,206481908,ABT,2026-08-11,247.22,True
27182,206481908,BUY,2026-06-23,422.61,True
27182,206481908,BUY,2026-06-30,424.08,True
27182,206481908,BUY,2026-07-07,412.02,True
27182,206481908,BUY,2026-07-14,414.68,True
27182,206481908,BUY,2026-07-21,416.3,True
27182,206481908,BUY,2026-07-28,404.32,True
27182,206481908,BUY,2026-08-04,411.57,True
27182,206481908,BUY,2026-08-11,444.54,True
33298,206526266,ABT,2026-06-23,59.93,True
33298,206526266,ABT,2026-06-30,59.47,True
33298,206526266,ABT,2026-07-07,51.94,True
33298,206526266,ABT,2026-07-14,51.12,True
33298,206526266,ABT,2026-07-21,51.93,True
33298,206526266,ABT,2026-07-28,51.34,True
33298,206526266,ABT,2026-08-04,51.79,True
33298,206526266,ABT,2026-08-11,50.54,True
33298,206526266,BUY,2026-06-23,59.47,True
33298,206526266,BUY,2026-06-30,60.77,True
33298,206526266,BUY,2026-07-07,62.05,True
33298,206526266,BUY,2026-07-14,62.68,True
33298,206526266,BUY,2026-07-21,59.89,True
33298,206526266,BUY,2026-07-28,59.85,True
33298,206526266,BUY,2026-08-04,58.63,True
33298,206526266,BUY,2026-08-11,57.91,True
33804,206575951,ABT,2026-06-23,128.44,True
33804,206575951,ABT,2026-06-30,128.13,True
33804,206575951,ABT,2026-07-07,130.78,True
33804,206575951,ABT,2026-07-14,129.26,True
33804,206575951,ABT,2026-07-21,128.58,True
33804,206575951,ABT,2026-07-28,126.18,True
33804,206575951,ABT,2026-08-04,113.31,True
33804,206575951,ABT,2026-08-11,114.48,True
33804,206575951,BUY,2026-06-23,128.64,True
33804,206575951,BUY,2026-06-30,111.69,True
33804,206575951,BUY,2026-07-07,97.67,True
33804,206575951,BUY,2026-07-14,98.02,True
33804,206575951,BUY,2026-07-21,98.05,True
33804,206575951,BUY,2026-07-28,87.73,True
33804,206575951,BUY,2026-08-04,90.09,True
33804,206575951,BUY,2026-08-11,89.22,True
38466,206576716,ABT,2026-06-09,99.14,True
38466,206576716,ABT,2026-06-16,97.8,True
38466,206576716,ABT,2026-06-23,99.05,True
38466,206576716,ABT,2026-06-30,85.87,True
38466,206576716,ABT,2026-07-07,75.77,True
38466,206576716,ABT,2026-07-14,74.6,True
38466,206576716,ABT,2026-07-21,74.41,True
38466,206576716,ABT,2026-07-28,76.85,True
38466,206576716,ABT,2026-08-04,75.89,True
38466,206576716,ABT,2026-08-11,74.53,True
38466,206576716,BUY,2026-06-09,99.27,True
38466,206576716,BUY,2026-06-16,95.22,True
38466,206576716,BUY,2026-06-23,81.35,True
38466,206576716,BUY,2026-06-30,83.82,True
38466,206576716,BUY,2026-07-07,82.9,True
38466,206576716,BUY,2026-07-14,72.4,True
38466,206576716,BUY,2026-07-21,72.2,True
38466,206576716,BUY,2026-07-28,71.69,True
38466,206576716,BUY,2026-08-04,72.68,True
38466,206576716,BUY,2026-08-11,69.44,True
38449,206576717,ABT,2026-05-26,87.86,True
38449,206576717,ABT,2026-06-02,90.25,True
38449,206576717,ABT,2026-06-09,92.14,True
38449,206576717,ABT,2026-06-16,94.51,True
38449,206576717,ABT,2026-06-23,88.18,True
38449,206576717,ABT,2026-06-30,89.14,True
38449,206576717,ABT,2026-07-07,90.87,True
38449,206576717,ABT,2026-07-14,88.63,True
38449,206576717,ABT,2026-07-21,86.69,True
38449,206576717,ABT,2026-07-28,88.04,True
38449,206576717,ABT,2026-08-04,86.34,True
38449,206576717,ABT,2026-08-11,87.35,True
38449,206576717,BUY,2026-05-26,90.53,True
38449,206576717,BUY,2026-06-02,90.45,True
38449,206576717,BUY,2026-06-09,90.71,True
38449,206576717,BUY,2026-06-16,93.2,True
38449,206576717,BUY,2026-06-23,93.44,True
38449,206576717,BUY,2026-06-30,95.1,True
38449,206576717,BUY,2026-07-07,92.07,True
38449,206576717,BUY,2026-07-14,91.01,True
38449,206576717,BUY,2026-07-21,91.89,True
38449,206576717,BUY,2026-07-28,93.19,True
38449,206576717,BUY,2026-08-04,95.09,True
38449,206576717,BUY,2026-08-11,85.45,True
34301,206615080,ABT,2026-06-09,219.82,True
34301,206615080,ABT,2026-06-16,215.65,True
34301,206615080,ABT,2026-06-23,215.77,True
34301,206615080,ABT,2026-06-30,216.71,True
34301,206615080,ABT,2026-07-07,219.03,True
34301,206615080,ABT,2026-07-14,213.23,True
34301,206615080,ABT,2026-07-21,217.14,True
34301,206615080,ABT,2026-07-28,214.42,True
34301,206615080,ABT,2026-08-04,219.26,True
34301,206615080,ABT,2026-08-11,238.45,True
34301,206615080,BUY,2026-06-09,224.55,True
34301,206615080,BUY,2026-06-16,230.43,True
34301,206615080,BUY,2026-06-23,229.83,True
34301,206615080,BUY,2026-06-30,231.72,True
34301,206615080,BUY,2026-07-07,215.0,True
34301,206615080,BUY,2026-07-14,215.5,True
34301,206615080,BUY,2026-07-21,216.6,True
34301,206615080,BUY,2026-07-28,191.06,True
34301,206615080,BUY,2026-08-04,193.09,True
34301,206615080,BUY,2026-08-11,192.26,True
32563,206615085,ABT,2026-06-16,87.13,True
32563,206615085,ABT,2026-06-23,87.92,True
32563,206615085,ABT,2026-06-30,90.31,True
32563,206615085,ABT,2026-07-07,92.46,True
32563,206615085,ABT,2026-07-14,100.13,True
32563,206615085,ABT,2026-07-21,98.98,True
32563,206615085,ABT,2026-07-28,100.36,True
32563,206615085,ABT,2026-08-04,97.44,True
32563,206615085,ABT,2026-08-11,83.36,True
32563,206615085,BUY,2026-06-16,86.46,True
32563,206615085,BUY,2026-06-23,87.5,True
32563,206615085,BUY,2026-06-30,98.28,True
32563,206615085,BUY,2026-07-07,95.44,True
32563,206615085,BUY,2026-07-14,83.95,True
32563,206615085,BUY,2026-07-21,84.64,True
32563,206615085,BUY,2026-07-28,83.09,True
32563,206615085,BUY,2026-08-04,84.41,True
32563,206615085,BUY,2026-08-11,82.36,True
31887,206639246,ABT,2026-06-09,50.34,True
31887,206639246,ABT,2026-06-16,49.64,True
31887,206639246,ABT,2026-06-23,49.53,True
31887,206639246,ABT,2026-06-30,49.45,True
31887,206639246,ABT,2026-07-07,49.05,True
31887,206639246,ABT,2026-07-14,49.86,True
31887,206639246,ABT,2026-07-21,49.3,True
31887,206639246,ABT,2026-07-28,54.86,True
31887,206639246,ABT,2026-08-04,56.33,True
31887,206639246,ABT,2026-08-11,56.37,True
31887,206639246,BUY,2026-06-09,49.1,True
31887,206639246,BUY,2026-06-16,48.72,True
31887,206639246,BUY,2026-06-23,48.64,True
31887,206639246,BUY,2026-06-30,49.69,True
31887,206639246,BUY,2026-07-07,48.43,True
31887,206639246,BUY,2026-07-14,49.38,True
31887,206639246,BUY,2026-07-21,49.63,True
31887,206639246,BUY,2026-07-28,48.63,True
31887,206639246,BUY,2026-08-04,49.06,True
31887,206639246,BUY,2026-08-11,49.96,True
38457,206671732,ABT,2026-06-23,68.69,True
38457,206671732,ABT,2026-06-30,68.76,True
38457,206671732,ABT,2026-07-07,69.59,True
38457,206671732,ABT,2026-07-14,74.78,True
38457,206671732,ABT,2026-07-21,74.41,True
38457,206671732,ABT,2026-07-28,73.33,True
38457,206671732,ABT,2026-08-04,74.01,True
38457,206671732,ABT,2026-08-11,73.78,True
38457,206671732,BUY,2026-06-23,68.48,True
38457,206671732,BUY,2026-06-30,65.68,True
38457,206671732,BUY,2026-07-07,65.79,True
38457,206671732,BUY,2026-07-14,57.41,True
38457,206671732,BUY,2026-07-21,58.31,True
38457,206671732,BUY,2026-07-28,57.61,True
38457,206671732,BUY,2026-08-04,63.61,True
38457,206671732,BUY,2026-08-11,62.35,True
36243,206678505,ABT,2026-06-23,101.07,True
36243,206678505,ABT,2026-06-30,99.19,True
36243,206678505,ABT,2026-07-07,100.16,True
36243,206678505,ABT,2026-07-14,102.37,True
36243,206678505,ABT,2026-07-21,103.66,True
36243,206678505,ABT,2026-07-28,104.9,True
36243,206678505,ABT,2026-08-04,106.4,True
36243,206678505,ABT,2026-08-11,105.55,True
36243,206678505,BUY,2026-06-23,99.94,True
36243,206678505,BUY,2026-06-30,100.24,True
36243,206678505,BUY,2026-07-07,99.52,True
36243,206678505,BUY,2026-07-14,100.03,True
36243,206678505,BUY,2026-07-21,87.19,True
36243,206678505,BUY,2026-07-28,88.07,True
36243,206678505,BUY,2026-08-04,88.96,True
36243,206678505,BUY,2026-08-11,89.0,True
11801,206722262,ABT,2026-06-16,248.12,True
11801,206722262,ABT,2026-06-23,245.57,True
11801,206722262,ABT,2026-06-30,242.55,True
11801,206722262,ABT,2026-07-07,234.1,True
11801,206722262,ABT,2026-07-14,233.23,True
11801,206722262,ABT,2026-07-21,235.02,True
11801,206722262,ABT,2026-07-28,219.64,True
11801,206722262,ABT,2026-08-04,217.06,True
11801,206722262,ABT,2026-08-11,216.52,True
11801,206722262,BUY,2026-06-16,251.22,True
11801,206722262,BUY,2026-06-23,245.98,True
11801,206722262,BUY,2026-06-30,248.47,True
11801,206722262,BUY,2026-07-07,253.93,True
11801,206722262,BUY,2026-07-14,253.95,True
11801,206722262,BUY,2026-07-21,253.01,True
11801,206722262,BUY,2026-07-28,259.92,True
11801,206722262,BUY,2026-08-04,260.4,True
11801,206722262,BUY,2026-08-11,253.29,True
28951,206722263,ABT,2026-06-02,414.27,True
28951,206722263,ABT,2026-06-09,413.6,True
28951,206722263,ABT,2026-06-16,420.05,True
28951,206722263,ABT,2026-06-23,412.24,True
28951,206722263,ABT,2026-06-30,416.19,True
28951,206722263,ABT,2026-07-07,423.58,True
28951,206722263,ABT,2026-07-14,424.83,True
28951,206722263,ABT,2026-07-21,417.66,True
28951,206722263,ABT,2026-07-28,425.15,True
28951,206722263,ABT,2026-08-04,435.85,True
28951,206722263,ABT,2026-08-11,427.77,True
28951,206722263,BUY,2026-06-02,446.36,True
28951,206722263,BUY,2026-06-09,446.26,True
28951,206722263,BUY,2026-06-16,443.92,True
28951,206722263,BUY,2026-06-23,446.38,True
28951,206722263,BUY,2026-06-30,456.67,True
28951,206722263,BUY,2026-07-07,453.32,True
28951,206722263,BUY,2026-07-14,446.94,True
28951,206722263,BUY,2026-07-21,441.98,True
28951,206722263,BUY,2026-07-28,443.25,True
28951,206722263,BUY,2026-08-04,431.82,True
28951,206722263,BUY,2026-08-11,413.54,True
33159,206725196,ABT,2026-05-26,84.0,True
33159,206725196,ABT,2026-06-02,82.5,True
33159,206725196,ABT,2026-06-09,83.39,True
33159,206725196,ABT,2026-06-16,72.42,True
33159,206725196,ABT,2026-06-23,68.98,True
33159,206725196,ABT,2026-06-30,61.67,True
33159,206725196,ABT,2026-07-07,56.26,True
33159,206725196,ABT,2026-07-14,49.85,True
33159,206725196,ABT,2026-07-21,50.0,True
33159,206725196,ABT,2026-07-28,49.68,True
33159,206725196,ABT,2026-08-04,50.05,True
33159,206725196,ABT,2026-08-11,49.72,True
33159,206725196,BUY,2026-05-26,79.21,True
33159,206725196,BUY,2026-06-02,77.77,True
33159,206725196,BUY,2026-06-09,78.42,True
33159,206725196,BUY,2026-06-16,77.66,True
33159,206725196,BUY,2026-06-23,76.53,True
33159,206725196,BUY,2026-06-30,76.11,True
33159,206725196,BUY,2026-07-07,70.58,True
33159,206725196,BUY,2026-07-14,71.89,True
33159,206725196,BUY,2026-07-21,72.12,True
33159,206725196,BUY,2026-07-28,71.96,True
33159,206725196,BUY,2026-08-04,70.63,True
33159,206725196,BUY,2026-08-11,70.95,True
33499,206725198,ABT,2026-05-26,176.17,True
33499,206725198,ABT,2026-06-02,179.74,True
33499,206725198,ABT,2026-06-09,183.02,True
33499,206725198,ABT,2026-06-16,183.86,True
33499,206725198,ABT,2026-06-23,187.01,True
33499,206725198,ABT,2026-06-30,186.83,True
33499,206725198,ABT,2026-07-07,185.79,True
33499,206725198,ABT,2026-07-14,186.13,True
33499,206725198,ABT,2026-07-21,180.71,True
33499,206725198,ABT,2026-07-28,178.76,True
33499,206725198,ABT,2026-08-04,177.37,True
33499,206725198,ABT,2026-08-11,178.66,True
33499,206725198,BUY,2026-05-26,178.31,True
33499,206725198,BUY,2026-06-02,177.92,True
33499,206725198,BUY,2026-06-09,182.2,True
33499,206725198,BUY,2026-06-16,184.4,True
33499,206725198,BUY,2026-06-23,187.86,True
33499,206725198,BUY,2026-06-30,186.95,True
33499,206725198,BUY,2026-07-07,187.03,True
33499,206725198,BUY,2026-07-14,181.49,True
33499,206725198,BUY,2026-07-21,176.43,True
33499,206725198,BUY,2026-07-28,171.86,True
33499,206725198,BUY,2026-08-04,149.22,True
33499,206725198,BUY,2026-08-11,155.07,True
27920,206725724,ABT,2026-06-09,984.95,True
27920,206725724,ABT,2026-06-16,971.98,True
27920,206725724,ABT,2026-06-23,979.33,True
27920,206725724,ABT,2026-06-30,979.33,True
27920,206725724,ABT,2026-07-07,837.32,True
27920,206725724,ABT,2026-07-14,826.21,True
27920,206725724,ABT,2026-07-21,811.57,True
27920,206725724,ABT,2026-07-28,792.87,True
27920,206725724,ABT,2026-08-04,806.62,True
27920,206725724,ABT,2026-08-11,816.58,True
27920,206725724,BUY,2026-06-09,922.57,True
27920,206725724,BUY,2026-06-16,764.22,True
27920,206725724,BUY,2026-06-23,652.45,True
27920,206725724,BUY,2026-06-30,618.62,True
27920,206725724,BUY,2026-07-07,552.98,True
27920,206725724,BUY,2026-07-14,563.14,True
27920,206725724,BUY,2026-07-21,555.89,True
27920,206725724,BUY,2026-07-28,555.12,True
27920,206725724,BUY,2026-08-04,546.41,True
27920,206725724,BUY,2026-08-11,560.38,True
38492,206725966,ABT,2026-06-09,169.56,True
38492,206725966,ABT,2026-06-16,168.26,True
38492,206725966,ABT,2026-06-23,169.01,True
38492,206725966,ABT,2026-06-30,171.78,True
38492,206725966,ABT,2026-07-07,170.79,True
38492,206725966,ABT,2026-07-14,172.32,True
38492,206725966,ABT,2026-07-21,175.97,True
38492,206725966,ABT,2026-07-28,177.34,True
38492,206725966,ABT,2026-08-04,174.9,True
38492,206725966,ABT,2026-08-11,177.19,True
38492,206725966,BUY,2026-06-09,169.92,True
38492,206725966,BUY,2026-06-16,165.66,True
38492,206725966,BUY,2026-06-23,168.02,True
38492,206725966,BUY,2026-06-30,169.62,True
38492,206725966,BUY,2026-07-07,170.11,True
38492,206725966,BUY,2026-07-14,153.31,True
38492,206725966,BUY,2026-07-21,154.38,True
38492,206725966,BUY,2026-07-28,130.1,True
38492,206725966,BUY,2026-08-04,128.08,True
38492,206725966,BUY,2026-08-11,129.21,True
29880,206728281,ABT,2026-06-16,185.51,True
29880,206728281,ABT,2026-06-23,184.77,True
29880,206728281,ABT,2026-06-30,184.29,True
29880,206728281,ABT,2026-07-07,188.48,True
29880,206728281,ABT,2026-07-14,192.26,True
29880,206728281,ABT,2026-07-21,191.64,True
29880,206728281,ABT,2026-07-28,194.08,True
29880,206728281,ABT,2026-08-04,191.16,True
29880,206728281,ABT,2026-08-11,190.26,True
29880,206728281,BUY,2026-06-16,184.65,True
29880,206728281,BUY,2026-06-23,188.3,True
29880,206728281,BUY,2026-06-30,190.87,True
29880,206728281,BUY,2026-07-07,191.33,True
29880,206728281,BUY,2026-07-14,195.9,True
29880,206728281,BUY,2026-07-21,154.06,True
29880,206728281,BUY,2026-07-28,138.95,True
29880,206728281,BUY,2026-08-04,125.5,True
29880,206728281,BUY,2026-08-11,125.77,True
32395,206745972,ABT,2026-06-16,404.42,True
32395,206745972,ABT,2026-06-23,405.24,True
32395,206745972,ABT,2026-06-30,413.27,True
32395,206745972,ABT,2026-07-07,470.01,True
32395,206745972,ABT,2026-07-14,478.08,True
32395,206745972,ABT,2026-07-21,482.29,True
32395,206745972,ABT,2026-07-28,478.66,True
32395,206745972,ABT,2026-08-04,483.71,True
32395,206745972,ABT,2026-08-11,477.03,True
32395,206745972,BUY,2026-06-16,406.8,True
32395,206745972,BUY,2026-06-23,400.9,True
32395,206745972,BUY,2026-06-30,408.14,True
32395,206745972,BUY,2026-07-07,409.93,True
32395,206745972,BUY,2026-07-14,409.08,True
32395,206745972,BUY,2026-07-21,409.46,True
32395,206745972,BUY,2026-07-28,403.82,True
32395,206745972,BUY,2026-08-04,395.38,True
32395,206745972,BUY,2026-08-11,387.26,True
37495,206746475,ABT,2026-06-23,138.04,True
37495,206746475,ABT,2026-06-30,137.62,True
37495,206746475,ABT,2026-07-07,136.62,True
37495,206746475,ABT,2026-07-14,131.46,True
37495,206746475,ABT,2026-07-21,131.48,True
37495,206746475,ABT,2026-07-28,126.81,True
37495,206746475,ABT,2026-08-04,130.02,True
37495,206746475,ABT,2026-08-11,129.8,True
37495,206746475,BUY,2026-06-23,128.97,True
37495,206746475,BUY,2026-06-30,132.96,True
37495,206746475,BUY,2026-07-07,134.88,True
37495,206746475,BUY,2026-07-14,137.66,True
37495,206746475,BUY,2026-07-21,139.78,True
37495,206746475,BUY,2026-07-28,151.59,True
37495,206746475,BUY,2026-08-04,134.79,True
37495,206746475,BUY,2026-08-11,137.88,True
36999,206761808,ABT,2026-06-09,47.82,True
36999,206761808,ABT,2026-06-16,49.89,True
36999,206761808,ABT,2026-06-23,43.39,True
36999,206761808,ABT,2026-06-30,42.42,True
36999,206761808,ABT,2026-07-07,42.13,True
36999,206761808,ABT,2026-07-14,42.78,True
36999,206761808,ABT,2026-07-21,43.11,True
36999,206761808,ABT,2026-07-28,43.93,True
36999,206761808,ABT,2026-08-04,46.37,True
36999,206761808,ABT,2026-08-11,46.38,True
36999,206761808,BUY,2026-06-09,46.44,True
36999,206761808,BUY,2026-06-16,45.88,True
36999,206761808,BUY,2026-06-23,47.38,True
36999,206761808,BUY,2026-06-30,47.9,True
36999,206761808,BUY,2026-07-07,48.26,True
36999,206761808,BUY,2026-07-14,48.37,True
36999,206761808,BUY,2026-07-21,44.88,True
36999,206761808,BUY,2026-07-28,44.71,True
36999,206761808,BUY,2026-08-04,44.98,True
36999,206761808,BUY,2026-08-11,45.5,True
33965,206780877,ABT,2026-05-26,136.46,True
33965,206780877,ABT,2026-06-02,121.52,True
33965,206780877,ABT,2026-06-09,107.32,True
33965,206780877,ABT,2026-06-16,90.71,True
33965,206780877,ABT,2026-06-23,90.84,True
33965,206780877,ABT,2026-06-30,89.13,True
33965,206780877,ABT,2026-07-07,90.14,True
33965,206780877,ABT,2026-07-14,88.84,True
33965,206780877,ABT,2026-07-21,89.53,True
33965,206780877,ABT,2026-07-28,89.51,True
33965,206780877,ABT,2026-08-04,92.25,True
33965,206780877,ABT,2026-08-11,92.26,True
33965,206780877,BUY,2026-05-26,179.51,True
33965,206780877,BUY,2026-06-02,176.21,True
33965,206780877,BUY,2026-06-09,177.51,True
33965,206780877,BUY,2026-06-16,176.58,True
33965,206780877,BUY,2026-06-23,174.9,True
33965,206780877,BUY,2026-06-30,173.64,True
33965,206780877,BUY,2026-07-07,172.18,True
33965,206780877,BUY,2026-07-14,200.69,True
33965,206780877,BUY,2026-07-21,201.82,True
33965,206780877,BUY,2026-07-28,208.48,True
33965,206780877,BUY,2026-08-04,230.94,True
33965,206780877,BUY,2026-08-11,232.04,True
36636,206783256,ABT,2026-06-23,119.53,True
36636,206783256,ABT,2026-06-30,98.82,True
36636,206783256,ABT,2026-07-07,92.34,True
36636,206783256,ABT,2026-07-14,87.34,True
36636,206783256,ABT,2026-07-21,82.4,True
36636,206783256,ABT,2026-07-28,82.48,True
36636,206783256,ABT,2026-08-04,83.91,True
36636,206783256,ABT,2026-08-11,83.91,True
36636,206783256,BUY,2026-06-23,117.61,True
36636,206783256,BUY,2026-06-30,118.03,True
36636,206783256,BUY,2026-07-07,117.24,True
36636,206783256,BUY,2026-07-14,117.31,True
36636,206783256,BUY,2026-07-21,113.16,True
36636,206783256,BUY,2026-07-28,112.55,True
36636,206783256,BUY,2026-08-04,112.28,True
36636,206783256,BUY,2026-08-11,112.21,True
34697,206783262,ABT,2026-06-09,139.43,True
34697,206783262,ABT,2026-06-16,136.17,True
34697,206783262,ABT,2026-06-23,137.76,True
34697,206783262,ABT,2026-06-30,140.29,True
34697,206783262,ABT,2026-07-07,122.75,True
34697,206783262,ABT,2026-07-14,118.21,True
34697,206783262,ABT,2026-07-21,119.87,True
34697,206783262,ABT,2026-07-28,101.8,True
34697,206783262,ABT,2026-08-04,102.24,True
34697,206783262,ABT,2026-08-11,97.61,True
34697,206783262,BUY,2026-06-09,138.35,True
34697,206783262,BUY,2026-06-16,114.2,True
34697,206783262,BUY,2026-06-23,102.07,True
34697,206783262,BUY,2026-06-30,90.23,True
34697,206783262,BUY,2026-07-07,85.05,True
34697,206783262,BUY,2026-07-14,84.45,True
34697,206783262,BUY,2026-07-21,87.06,True
34697,206783262,BUY,2026-07-28,78.08,True
34697,206783262,BUY,2026-08-04,73.31,True
34697,206783262,BUY,2026-08-11,74.33,True
33275,206808430,ABT,2026-05-26,657.0,True
33275,206808430,ABT,2026-06-02,661.16,True
33275,206808430,ABT,2026-06-09,669.62,True
33275,206808430,ABT,2026-06-16,740.91,True
33275,206808430,ABT,2026-06-23,725.78,True
33275,206808430,ABT,2026-06-30,673.48,True
33275,206808430,ABT,2026-07-07,668.75,True
33275,206808430,ABT,2026-07-14,680.19,True
33275,206808430,ABT,2026-07-21,678.55,True
33275,206808430,ABT,2026-07-28,660.53,True
33275,206808430,ABT,2026-08-04,659.65,True
33275,206808430,ABT,2026-08-11,631.81,True
33275,206808430,BUY,2026-05-26,634.23,True
33275,206808430,BUY,2026-06-02,640.12,True
33275,206808430,BUY,2026-06-09,544.8,True
33275,206808430,BUY,2026-06-16,560.28,True
33275,206808430,BUY,2026-06-23,563.85,True
33275,206808430,BUY,2026-06-30,587.73,True
33275,206808430,BUY,2026-07-07,591.15,True
33275,206808430,BUY,2026-07-14,580.86,True
33275,206808430,BUY,2026-07-21,590.14,True
33275,206808430,BUY,2026-07-28,590.53,True
33275,206808430,BUY,2026-08-04,592.47,True
33275,206808430,BUY,2026-08-11,584.76,True
33271,206808431,ABT,2026-06-02,540.2,True
33271,206808431,ABT,2026-06-09,542.19,True
33271,206808431,ABT,2026-06-16,536.06,True
33271,206808431,ABT,2026-06-23,518.65,True
33271,206808431,ABT,2026-06-30,510.83,True
33271,206808431,ABT,2026-07-07,519.04,True
33271,206808431,ABT,2026-07-14,513.29,True
33271,206808431,ABT,2026-07-21,498.5,True
33271,206808431,ABT,2026-07-28,465.91,True
33271,206808431,ABT,2026-08-04,478.32,True
33271,206808431,ABT,2026-08-11,475.63,True
33271,206808431,BUY,2026-06-02,535.38,True
33271,206808431,BUY,2026-06-09,520.59,True
33271,206808431,BUY,2026-06-16,523.43,True
33271,206808431,BUY,2026-06-23,515.42,True
33271,206808431,BUY,2026-06-30,500.03,True
33271,206808431,BUY,2026-07-07,501.34,True
33271,206808431,BUY,2026-07-14,496.83,True
33271,206808431,BUY,2026-07-21,495.28,True
33271,206808431,BUY,2026-07-28,468.22,True
33271,206808431,BUY,2026-08-04,456.17,True
33271,206808431,BUY,2026-08-11,468.49,True
33273,206808432,ABT,2026-06-16,299.17,True
33273,206808432,ABT,2026-06-23,296.33,True
33273,206808432,ABT,2026-06-30,294.04,True
33273,206808432,ABT,2026-07-07,297.3,True
33273,206808432,ABT,2026-07-14,295.98,True
33273,206808432,ABT,2026-07-21,252.72,True
33273,206808432,ABT,2026-07-28,252.35,True
33273,206808432,ABT,2026-08-04,259.8,True
33273,206808432,ABT,2026-08-11,229.13,True
33273,206808432,BUY,2026-06-16,303.49,True
33273,206808432,BUY,2026-06-23,283.62,True
33273,206808432,BUY,2026-06-30,261.76,True
33273,206808432,BUY,2026-07-07,248.27,True
33273,206808432,BUY,2026-07-14,252.69,True
33273,206808432,BUY,2026-07-21,280.32,True
33273,206808432,BUY,2026-07-28,279.52,True
33273,206808432,BUY,2026-08-04,277.17,True
33273,206808432,BUY,2026-08-11,276.43,True
33280,206808434,ABT,2026-05-26,635.32,True
33280,206808434,ABT,2026-06-02,626.34,True
33280,206808434,ABT,2026-06-09,622.78,True
33280,206808434,ABT,2026-06-16,614.69,True
33280,206808434,ABT,2026-06-23,622.38,True
33280,206808434,ABT,2026-06-30,612.27,True
33280,206808434,ABT,2026-07-07,626.33,True
33280,206808434,ABT,2026-07-14,616.29,True
33280,206808434,ABT,2026-07-21,623.32,True
33280,206808434,ABT,2026-07-28,622.03,True
33280,206808434,ABT,2026-08-04,645.24,True
33280,206808434,ABT,2026-08-11,648.98,True
33280,206808434,BUY,2026-05-26,638.47,True
33280,206808434,BUY,2026-06-02,634.18,True
33280,206808434,BUY,2026-06-09,608.4,True
33280,206808434,BUY,2026-06-16,623.08,True
33280,206808434,BUY,2026-06-23,625.58,True
33280,206808434,BUY,2026-06-30,601.45,True
33280,206808434,BUY,2026-07-07,589.69,True
33280,206808434,BUY,2026-07-14,593.01,True
33280,206808434,BUY,2026-07-21,586.59,True
33280,206808434,BUY,2026-07-28,580.66,True
33280,206808434,BUY,2026-08-04,496.2,True
33280,206808434,BUY,2026-08-11,490.57,True
33279,206808440,ABT,2026-06-23,338.54,True
33279,206808440,ABT,2026-06-30,345.69,True
33279,206808440,ABT,2026-07-07,301.28,True
33279,206808440,ABT,2026-07-14,298.91,True
33279,206808440,ABT,2026-07-21,308.29,True
33279,206808440,ABT,2026-07-28,311.96,True
33279,206808440,ABT,2026-08-04,315.91,True
33279,206808440,ABT,2026-08-11,319.38,True
33279,206808440,BUY,2026-06-23,338.03,True
33279,206808440,BUY,2026-06-30,350.94,True
33279,206808440,BUY,2026-07-07,350.25,True
33279,206808440,BUY,2026-07-14,343.83,True
33279,206808440,BUY,2026-07-21,342.42,True
33279,206808440,BUY,2026-07-28,343.13,True
33279,206808440,BUY,2026-08-04,341.76,True
33279,206808440,BUY,2026-08-11,344.54,True
33278,206808441,ABT,2026-06-09,399.32,True
33278,206808441,ABT,2026-06-16,398.1,True
33278,206808441,ABT,2026-06-23,401.08,True
33278,206808441,ABT,2026-06-30,374.43,True
33278,206808441,ABT,2026-07-07,369.11,True
33278,206808441,ABT,2026-07-14,345.51,True
33278,206808441,ABT,2026-07-21,362.88,True
33278,206808441,ABT,2026-07-28,361.65,True
33278,206808441,ABT,2026-08-04,366.56,True
33278,206808441,ABT,2026-08-11,365.77,True
33278,206808441,BUY,2026-06-09,409.68,True
33278,206808441,BUY,2026-06-16,374.09,True
33278,206808441,BUY,2026-06-23,362.92,True
33278,206808441,BUY,2026-06-30,358.86,True
33278,206808441,BUY,2026-07-07,359.06,True
33278,206808441,BUY,2026-07-14,354.39,True
33278,206808441,BUY,2026-07-21,344.64,True
33278,206808441,BUY,2026-07-28,337.3,True
33278,206808441,BUY,2026-08-04,337.7,True
33278,206808441,BUY,2026-08-11,343.43,True
33277,206808445,ABT,2026-05-26,293.02,True
33277,206808445,ABT,2026-06-02,297.24,True
33277,206808445,ABT,2026-06-09,297.99,True
33277,206808445,ABT,2026-06-16,297.44,True
33277,206808445,ABT,2026-06-23,299.51,True
33277,206808445,ABT,2026-06-30,303.92,True
33277,206808445,ABT,2026-07-07,300.89,True
33277,206808445,ABT,2026-07-14,296.25,True
33277,206808445,ABT,2026-07-21,288.39,True
33277,206808445,ABT,2026-07-28,296.17,True
33277,206808445,ABT,2026-08-04,301.87,True
33277,206808445,ABT,2026-08-11,305.63,True
33277,206808445,BUY,2026-05-26,271.42,True
33277,206808445,BUY,2026-06-02,264.94,True
33277,206808445,BUY,2026-06-09,253.71,True
33277,206808445,BUY,2026-06-16,249.87,True
33277,206808445,BUY,2026-06-23,251.53,True
33277,206808445,BUY,2026-06-30,256.61,True
33277,206808445,BUY,2026-07-07,252.74,True
33277,206808445,BUY,2026-07-14,233.13,True
33277,206808445,BUY,2026-07-21,227.96,True
33277,206808445,BUY,2026-07-28,227.31,True
33277,206808445,BUY,2026-08-04,219.83,True
33277,206808445,BUY,2026-08-11,218.46,True
33713,206812380,ABT,2026-06-16,1159.4,True
33713,206812380,ABT,2026-06-23,1119.0,True
33713,206812380,ABT,2026-06-30,1117.2,True
33713,206812380,ABT,2026-07-07,1123.41,True
33713,206812380,ABT,2026-07-14,1117.78,True
33713,206812380,ABT,2026-07-21,1110.61,True
33713,206812380,ABT,2026-07-28,1127.76,True
33713,206812380,ABT,2026-08-04,1127.63,True
33713,206812380,ABT,2026-08-11,1131.41,True
33713,206812380,BUY,2026-06-16,1173.2,True
33713,206812380,BUY,2026-06-23,1143.14,True
33713,206812380,BUY,2026-06-30,1136.3,True
33713,206812380,BUY,2026-07-07,1108.04,True
33713,206812380,BUY,2026-07-14,1109.17,True
33713,206812380,BUY,2026-07-21,1108.74,True
33713,206812380,BUY,2026-07-28,1089.63,True
33713,206812380,BUY,2026-08-04,1082.89,True
33713,206812380,BUY,2026-08-11,1072.41,True
32990,206812505,ABT,2026-05-26,39.4,True
32990,206812505,ABT,2026-06-02,39.68,True
32990,206812505,ABT,2026-06-09,39.93,True
32990,206812505,ABT,2026-06-16,40.14,True
32990,206812505,ABT,2026-06-23,34.39,True
32990,206812505,ABT,2026-06-30,33.82,True
32990,206812505,ABT,2026-07-07,33.91,True
32990,206812505,ABT,2026-07-14,33.37,True
32990,206812505,ABT,2026-07-21,33.56,True
32990,206812505,ABT,2026-07-28,28.48,True
32990,206812505,ABT,2026-08-04,28.16,True
32990,206812505,ABT,2026-08-11,30.57,True
32990,206812505,BUY,2026-05-26,39.48,True
32990,206812505,BUY,2026-06-02,39.27,True
32990,206812505,BUY,2026-06-09,38.9,True
32990,206812505,BUY,2026-06-16,39.29,True
32990,206812505,BUY,2026-06-23,39.87,True
32990,206812505,BUY,2026-06-30,40.84,True
32990,206812505,BUY,2026-07-07,40.99,True
32990,206812505,BUY,2026-07-14,39.46,True
32990,206812505,BUY,2026-07-21,39.47,True
32990,206812505,BUY,2026-07-28,39.73,True
32990,206812505,BUY,2026-08-04,40.58,True
32990,206812505,BUY,2026-08-11,40.92,True
35415,206827757,ABT,2026-06-23,34.07,True
35415,206827757,ABT,2026-06-30,34.65,True
35415,206827757,ABT,2026-07-07,34.88,True
35415,206827757,ABT,2026-07-14,34.7,True
35415,206827757,ABT,2026-07-21,34.03,True
35415,206827757,ABT,2026-07-28,33.29,True
35415,206827757,ABT,2026-08-04,33.7,True
35415,206827757,ABT,2026-08-11,33.49,True
35415,206827757,BUY,2026-06-23,34.11,True
35415,206827757,BUY,2026-06-30,35.14,True
35415,206827757,BUY,2026-07-07,35.16,True
35415,206827757,BUY,2026-07-14,31.37,True
35415,206827757,BUY,2026-07-21,31.21,True
35415,206827757,BUY,2026-07-28,30.75,True
35415,206827757,BUY,2026-08-04,29.45,True
35415,206827757,BUY,2026-08-11,24.26,True
33786,206854515,ABT,2026-06-09,80.41,True
33786,206854515,ABT,2026-06-16,79.22,True
33786,206854515,ABT,2026-06-23,81.81,True
33786,206854515,ABT,2026-06-30,81.07,True
33786,206854515,ABT,2026-07-07,79.75,True
33786,206854515,ABT,2026-07-14,80.43,True
33786,206854515,ABT,2026-07-21,80.34,True
33786,206854515,ABT,2026-07-28,81.21,True
33786,206854515,ABT,2026-08-04,80.65,True
33786,206854515,ABT,2026-08-11,78.97,True
33786,206854515,BUY,2026-06-09,78.99,True
33786,206854515,BUY,2026-06-16,78.47,True
33786,206854515,BUY,2026-06-23,80.81,True
33786,206854515,BUY,2026-06-30,79.7,True
33786,206854515,BUY,2026-07-07,80.03,True
33786,206854515,BUY,2026-07-14,71.91,True
33786,206854515,BUY,2026-07-21,71.94,True
33786,206854515,BUY,2026-07-28,62.12,True
33786,206854515,BUY,2026-08-04,61.25,True
33786,206854515,BUY,2026-08-11,62.01,True
34151,206854516,ABT,2026-06-02,77.39,True
34151,206854516,ABT,2026-06-09,74.1,True
34151,206854516,ABT,2026-06-16,64.62,True
34151,206854516,ABT,2026-06-23,64.96,True
34151,206854516,ABT,2026-06-30,65.52,True
34151,206854516,ABT,2026-07-07,64.57,True
34151,206854516,ABT,2026-07-14,64.81,True
34151,206854516,ABT,2026-07-21,58.03,True
34151,206854516,ABT,2026-07-28,58.06,True
34151,206854516,ABT,2026-08-04,57.57,True
34151,206854516,ABT,2026-08-11,58.55,True
34151,206854516,BUY,2026-06-02,78.12,True
34151,206854516,BUY,2026-06-09,77.1,True
34151,206854516,BUY,2026-06-16,69.98,True
34151,206854516,BUY,2026-06-23,68.92,True
34151,206854516,BUY,2026-06-30,68.2,True
34151,206854516,BUY,2026-07-07,66.68,True
34151,206854516,BUY,2026-07-14,64.72,True
34151,206854516,BUY,2026-07-21,69.24,True
34151,206854516,BUY,2026-07-28,68.98,True
34151,206854516,BUY,2026-08-04,70.92,True
34151,206854516,BUY,2026-08-11,71.76,True
38920,206870284,ABT,2026-06-09,30.85,True
38920,206870284,ABT,2026-06-16,33.58,True
38920,206870284,ABT,2026-06-23,34.32,True
38920,206870284,ABT,2026-06-30,34.52,True
38920,206870284,ABT,2026-07-07,35.04,True
38920,206870284,ABT,2026-07-14,34.79,True
38920,206870284,ABT,2026-07-21,34.19,True
38920,206870284,ABT,2026-07-28,34.61,True
38920,206870284,ABT,2026-08-04,34.45,True
38920,206870284,ABT,2026-08-11,35.13,True
38920,206870284,BUY,2026-06-09,31.43,True
38920,206870284,BUY,2026-06-16,31.23,True
38920,206870284,BUY,2026-06-23,31.84,True
38920,206870284,BUY,2026-06-30,30.68,True
38920,206870284,BUY,2026-07-07,30.86,True
38920,206870284,BUY,2026-07-14,30.34,True
38920,206870284,BUY,2026-07-21,30.22,True
38920,206870284,BUY,2026-07-28,34.16,True
38920,206870284,BUY,2026-08-04,34.43,True
38920,206870284,BUY,2026-08-11,33.94,True
36274,206870289,ABT,2026-06-16,663.76,True
36274,206870289,ABT,2026-06-23,669.66,True
36274,206870289,ABT,2026-06-30,691.75,True
36274,206870289,ABT,2026-07-07,690.79,True
36274,206870289,ABT,2026-07-14,702.71,True
36274,206870289,ABT,2026-07-21,695.37,True
36274,206870289,ABT,2026-07-28,690.6,True
36274,206870289,ABT,2026-08-04,623.25,True
36274,206870289,ABT,2026-08-11,633.64,True
36274,206870289,BUY,2026-06-16,654.43,True
36274,206870289,BUY,2026-06-23,661.98,True
36274,206870289,BUY,2026-06-30,672.92,True
36274,206870289,BUY,2026-07-07,664.22,True
36274,206870289,BUY,2026-07-14,669.27,True
36274,206870289,BUY,2026-07-21,666.23,True
36274,206870289,BUY,2026-07-28,765.61,True
36274,206870289,BUY,2026-08-04,757.49,True
36274,206870289,BUY,2026-08-11,766.65,True
29133,206887553,ABT,2026-06-02,232.64,True
29133,206887553,ABT,2026-06-09,229.51,True
29133,206887553,ABT,2026-06-16,231.47,True
29133,206887553,ABT,2026-06-23,232.3,True
29133,206887553,ABT,2026-06-30,234.16,True
29133,206887553,ABT,2026-07-07,238.45,True
29133,206887553,ABT,2026-07-14,236.66,True
29133,206887553,ABT,2026-07-21,235.85,True
29133,206887553,ABT,2026-07-28,218.97,True
29133,206887553,ABT,2026-08-04,219.74,True
29133,206887553,ABT,2026-08-11,217.41,True
29133,206887553,BUY,2026-06-02,231.75,True
29133,206887553,BUY,2026-06-09,230.79,True
29133,206887553,BUY,2026-06-16,226.33,True
29133,206887553,BUY,2026-06-23,228.15,True
29133,206887553,BUY,2026-06-30,231.58,True
29133,206887553,BUY,2026-07-07,230.47,True
29133,206887553,BUY,2026-07-14,232.36,True
29133,206887553,BUY,2026-07-21,203.46,True
29133,206887553,BUY,2026-07-28,178.97,True
29133,206887553,BUY,2026-08-04,193.76,True
29133,206887553,BUY,2026-08-11,195.34,True
34253,206887992,ABT,2026-05-26,81.25,True
34253,206887992,ABT,2026-06-02,81.86,True
34253,206887992,ABT,2026-06-09,82.01,True
34253,206887992,ABT,2026-06-16,81.27,True
34253,206887992,ABT,2026-06-23,76.66,True
34253,206887992,ABT,2026-06-30,76.74,True
34253,206887992,ABT,2026-07-07,74.4,True
34253,206887992,ABT,2026-07-14,73.4,True
34253,206887992,ABT,2026-07-21,72.32,True
34253,206887992,ABT,2026-07-28,71.05,True
34253,206887992,ABT,2026-08-04,64.55,True
34253,206887992,ABT,2026-08-11,55.8,True
34253,206887992,BUY,2026-05-26,79.03,True
34253,206887992,BUY,2026-06-02,79.21,True
34253,206887992,BUY,2026-06-09,79.7,True
34253,206887992,BUY,2026-06-16,76.22,True
34253,206887992,BUY,2026-06-23,75.7,True
34253,206887992,BUY,2026-06-30,75.75,True
34253,206887992,BUY,2026-07-07,75.46,True
34253,206887992,BUY,2026-07-14,74.71,True
34253,206887992,BUY,2026-07-21,73.68,True
34253,206887992,BUY,2026-07-28,74.13,True
34253,206887992,BUY,2026-08-04,73.6,True
34253,206887992,BUY,2026-08-11,75.51,True
34256,206888001,ABT,2026-06-16,46.18,True
34256,206888001,ABT,2026-06-23,44.52,True
34256,206888001,ABT,2026-06-30,44.35,True
34256,206888001,ABT,2026-07-07,45.17,True
34256,206888001,ABT,2026-07-14,46.91,True
34256,206888001,ABT,2026-07-21,46.78,True
34256,206888001,ABT,2026-07-28,46.23,True
34256,206888001,ABT,2026-08-04,46.82,True
34256,206888001,ABT,2026-08-11,41.66,True
34256,206888001,BUY,2026-06-16,42.05,True
34256,206888001,BUY,2026-06-23,41.61,True
34256,206888001,BUY,2026-06-30,37.38,True
34256,206888001,BUY,2026-07-07,33.66,True
34256,206888001,BUY,2026-07-14,33.5,True
34256,206888001,BUY,2026-07-21,33.39,True
34256,206888001,BUY,2026-07-28,33.38,True
34256,206888001,BUY,2026-08-04,32.36,True
34256,206888001,BUY,2026-08-11,32.33,True
34258,206888011,ABT,2026-06-23,46.13,True
34258,206888011,ABT,2026-06-30,41.94,True
34258,206888011,ABT,2026-07-07,41.34,True
34258,206888011,ABT,2026-07-14,41.68,True
34258,206888011,ABT,2026-07-21,42.24,True
34258,206888011,ABT,2026-07-28,41.43,True
34258,206888011,ABT,2026-08-04,38.15,True
34258,206888011,ABT,2026-08-11,33.93,True
34258,206888011,BUY,2026-06-23,44.88,True
34258,206888011,BUY,2026-06-30,44.86,True
34258,206888011,BUY,2026-07-07,45.07,True
34258,206888011,BUY,2026-07-14,45.81,True
34258,206888011,BUY,2026-07-21,46.11,True
34258,206888011,BUY,2026-07-28,45.68,True
34258,206888011,BUY,2026-08-04,44.83,True
34258,206888011,BUY,2026-08-11,44.38,True
38697,206892248,ABT,2026-05-26,164.56,True
38697,206892248,ABT,2026-06-02,163.14,True
38697,206892248,ABT,2026-06-09,162.88,True
38697,206892248,ABT,2026-06-16,163.97,True
38697,206892248,ABT,2026-06-23,167.19,True
38697,206892248,ABT,2026-06-30,166.77,True
38697,206892248,ABT,2026-07-07,167.49,True
38697,206892248,ABT,2026-07-14,173.18,True
38697,206892248,ABT,2026-07-21,174.75,True
38697,206892248,ABT,2026-07-28,176.25,True
38697,206892248,ABT,2026-08-04,155.01,True
38697,206892248,ABT,2026-08-11,158.55,True
38697,206892248,BUY,2026-05-26,169.96,True
38697,206892248,BUY,2026-06-02,170.93,True
38697,206892248,BUY,2026-06-09,172.23,True
38697,206892248,BUY,2026-06-16,170.85,True
38697,206892248,BUY,2026-06-23,167.77,True
38697,206892248,BUY,2026-06-30,167.49,True
38697,206892248,BUY,2026-07-07,172.63,True
38697,206892248,BUY,2026-07-14,172.79,True
38697,206892248,BUY,2026-07-21,173.81,True
38697,206892248,BUY,2026-07-28,175.84,True
38697,206892248,BUY,2026-08-04,176.37,True
38697,206892248,BUY,2026-08-11,174.79,True
34158,206895864,ABT,2026-06-16,327.45,True
34158,206895864,ABT,2026-06-23,325.36,True
34158,206895864,ABT,2026-06-30,332.94,True
34158,206895864,ABT,2026-07-07,334.02,True
34158,206895864,ABT,2026-07-14,329.4,True
34158,206895864,ABT,2026-07-21,335.23,True
34158,206895864,ABT,2026-07-28,344.53,True
34158,206895864,ABT,2026-08-04,343.64,True
34158,206895864,ABT,2026-08-11,357.19,True
34158,206895864,BUY,2026-06-16,289.74,True
34158,206895864,BUY,2026-06-23,290.14,True
34158,206895864,BUY,2026-06-30,284.63,True
34158,206895864,BUY,2026-07-07,287.91,True
34158,206895864,BUY,2026-07-14,286.93,True
34158,206895864,BUY,2026-07-21,254.21,True
34158,206895864,BUY,2026-07-28,255.93,True
34158,206895864,BUY,2026-08-04,259.35,True
34158,206895864,BUY,2026-08-11,257.1,True
33536,206898357,ABT,2026-06-02,41.28,True
33536,206898357,ABT,2026-06-09,40.91,True
33536,206898357,ABT,2026-06-16,40.55,True
33536,206898357,ABT,2026-06-23,40.7,True
33536,206898357,ABT,2026-06-30,39.79,True
33536,206898357,ABT,2026-07-07,41.05,True
33536,206898357,ABT,2026-07-14,40.35,True
33536,206898357,ABT,2026-07-21,40.36,True
33536,206898357,ABT,2026-07-28,40.54,True
33536,206898357,ABT,2026-08-04,40.97,True
33536,206898357,ABT,2026-08-11,40.9,True
33536,206898357,BUY,2026-06-02,41.92,True
33536,206898357,BUY,2026-06-09,41.56,True
33536,206898357,BUY,2026-06-16,42.47,True
33536,206898357,BUY,2026-06-23,43.29,True
33536,206898357,BUY,2026-06-30,40.87,True
33536,206898357,BUY,2026-07-07,40.82,True
33536,206898357,BUY,2026-07-14,40.01,True
33536,206898357,BUY,2026-07-21,40.27,True
33536,206898357,BUY,2026-07-28,40.76,True
33536,206898357,BUY,2026-08-04,40.06,True
33536,206898357,BUY,2026-08-11,38.85,True
33537,206898358,ABT,2026-06-09,14.84,True
33537,206898358,ABT,2026-06-16,16.06,True
33537,206898358,ABT,2026-06-23,16.32,True
33537,206898358,ABT,2026-06-30,16.41,True
33537,206898358,ABT,2026-07-07,16.51,True
33537,206898358,ABT,2026-07-14,16.21,True
33537,206898358,ABT,2026-07-21,16.53,True
33537,206898358,ABT,2026-07-28,18.01,True
33537,206898358,ABT,2026-08-04,18.13,True
33537,206898358,ABT,2026-08-11,17.69,True
33537,206898358,BUY,2026-06-09,14.94,True
33537,206898358,BUY,2026-06-16,15.19,True
33537,206898358,BUY,2026-06-23,15.23,True
33537,206898358,BUY,2026-06-30,15.53,True
33537,206898358,BUY,2026-07-07,15.36,True
33537,206898358,BUY,2026-07-14,15.6,True
33537,206898358,BUY,2026-07-21,13.34,True
33537,206898358,BUY,2026-07-28,13.33,True
33537,206898358,BUY,2026-08-04,13.47,True
33537,206898358,BUY,2026-08-11,13.23,True
35485,206901613,ABT,2026-06-02,1088.07,True
35485,206901613,ABT,2026-06-09,1102.59,True
35485,206901613,ABT,2026-06-16,1113.92,True
35485,206901613,ABT,2026-06-23,988.28,True
35485,206901613,ABT,2026-06-30,992.8,True
35485,206901613,ABT,2026-07-07,998.44,True
35485,206901613,ABT,2026-07-14,990.01,True
35485,206901613,ABT,2026-07-21,976.16,True
35485,206901613,ABT,2026-07-28,970.98,True
35485,206901613,ABT,2026-08-04,981.51,True
35485,206901613,ABT,2026-08-11,969.95,True
35485,206901613,BUY,2026-06-02,1045.65,True
35485,206901613,BUY,2026-06-09,1040.04,True
35485,206901613,BUY,2026-06-16,1042.87,True
35485,206901613,BUY,2026-06-23,1036.35,True
35485,206901613,BUY,2026-06-30,1104.23,True
35485,206901613,BUY,2026-07-07,1117.94,True
35485,206901613,BUY,2026-07-14,1106.04,True
35485,206901613,BUY,2026-07-21,1106.14,True
35485,206901613,BUY,2026-07-28,1097.12,True
35485,206901613,BUY,2026-08-04,1098.58,True
35485,206901613,BUY,2026-08-11,1093.9,True
29304,206901618,ABT,2026-06-16,104.85,True
29304,206901618,ABT,2026-06-23,103.44,True
29304,206901618,ABT,2026-06-30,105.5,True
29304,206901618,ABT,2026-07-07,105.05,True
29304,206901618,ABT,2026-07-14,108.83,True
29304,206901618,ABT,2026-07-21,110.16,True
29304,206901618,ABT,2026-07-28,113.4,True
29304,206901618,ABT,2026-08-04,111.77,True
29304,206901618,ABT,2026-08-11,125.78,True
29304,206901618,BUY,2026-06-16,100.29,True
29304,206901618,BUY,2026-06-23,99.71,True
29304,206901618,BUY,2026-06-30,88.02,True
29304,206901618,BUY,2026-07-07,85.81,True
29304,206901618,BUY,2026-07-14,85.14,True
29304,206901618,BUY,2026-07-21,84.29,True
29304,206901618,BUY,2026-07-28,84.52,True
29304,206901618,BUY,2026-08-04,82.83,True
29304,206901618,BUY,2026-08-11,82.11,True
32054,206901619,ABT,2026-06-23,193.95,True
32054,206901619,ABT,2026-06-30,190.22,True
32054,206901619,ABT,2026-07-07,194.36,True
32054,206901619,ABT,2026-07-14,194.28,True
32054,206901619,ABT,2026-07-21,194.28,True
32054,206901619,ABT,2026-07-28,192.49,True
32054,206901619,ABT,2026-08-04,193.18,True
32054,206901619,ABT,2026-08-11,192.81,True
32054,206901619,BUY,2026-06-23,185.87,True
32054,206901619,BUY,2026-06-30,184.66,True
32054,206901619,BUY,2026-07-07,173.11,True
32054,206901619,BUY,2026-07-14,154.39,True
32054,206901619,BUY,2026-07-21,141.96,True
32054,206901619,BUY,2026-07-28,142.09,True
32054,206901619,BUY,2026-08-04,125.71,True
32054,206901619,BUY,2026-08-11,124.94,True
36117,206901652,ABT,2026-06-09,89.99,True
36117,206901652,ABT,2026-06-16,87.2,True
36117,206901652,ABT,2026-06-23,89.8,True
36117,206901652,ABT,2026-06-30,89.59,True
36117,206901652,ABT,2026-07-07,77.73,True
36117,206901652,ABT,2026-07-14,76.81,True
36117,206901652,ABT,2026-07-21,77.93,True
36117,206901652,ABT,2026-07-28,79.27,True
36117,206901652,ABT,2026-08-04,70.14,True
36117,206901652,ABT,2026-08-11,60.36,True
36117,206901652,BUY,2026-06-09,90.34,True
36117,206901652,BUY,2026-06-16,91.57,True
36117,206901652,BUY,2026-06-23,92.2,True
36117,206901652,BUY,2026-06-30,92.1,True
36117,206901652,BUY,2026-07-07,91.06,True
36117,206901652,BUY,2026-07-14,84.14,True
36117,206901652,BUY,2026-07-21,76.99,True
36117,206901652,BUY,2026-07-28,69.25,True
36117,206901652,BUY,2026-08-04,69.08,True
36117,206901652,BUY,2026-08-11,67.93,True
33670,206917814,ABT,2026-06-23,33.88,True
33670,206917814,ABT,2026-06-30,30.64,True
33670,206917814,ABT,2026-07-07,27.06,True
33670,206917814,ABT,2026-07-14,27.22,True
33670,206917814,ABT,2026-07-21,27.01,True
33670,206917814,ABT,2026-07-28,26.59,True
33670,206917814,ABT,2026-08-04,26.46,True
33670,206917814,ABT,2026-08-11,26.63,True
33670,206917814,BUY,2026-06-23,34.69,True
33670,206917814,BUY,2026-06-30,34.68,True
33670,206917814,BUY,2026-07-07,35.01,True
33670,206917814,BUY,2026-07-14,31.45,True
33670,206917814,BUY,2026-07-21,32.49,True
33670,206917814,BUY,2026-07-28,32.11,True
33670,206917814,BUY,2026-08-04,31.85,True
33670,206917814,BUY,2026-08-11,31.35,True
33669,206917815,ABT,2026-06-02,159.19,True
33669,206917815,ABT,2026-06-09,161.53,True
33669,206917815,ABT,2026-06-16,160.75,True
33669,206917815,ABT,2026-06-23,156.37,True
33669,206917815,ABT,2026-06-30,154.12,True
33669,206917815,ABT,2026-07-07,151.73,True
33669,206917815,ABT,2026-07-14,151.25,True
33669,206917815,ABT,2026-07-21,151.71,True
33669,206917815,ABT,2026-07-28,151.13,True
33669,206917815,ABT,2026-08-04,151.48,True
33669,206917815,ABT,2026-08-11,147.96,True
33669,206917815,BUY,2026-06-02,169.14,True
33669,206917815,BUY,2026-06-09,170.29,True
33669,206917815,BUY,2026-06-16,172.1,True
33669,206917815,BUY,2026-06-23,169.9,True
33669,206917815,BUY,2026-06-30,169.63,True
33669,206917815,BUY,2026-07-07,168.3,True
33669,206917815,BUY,2026-07-14,161.11,True
33669,206917815,BUY,2026-07-21,160.6,True
33669,206917815,BUY,2026-07-28,159.31,True
33669,206917815,BUY,2026-08-04,155.18,True
33669,206917815,BUY,2026-08-11,156.03,True
33671,206917816,ABT,2026-06-23,117.89,True
33671,206917816,ABT,2026-06-30,118.49,True
33671,206917816,ABT,2026-07-07,105.38,True
33671,206917816,ABT,2026-07-14,103.81,True
33671,206917816,ABT,2026-07-21,106.16,True
33671,206917816,ABT,2026-07-28,108.11,True
33671,206917816,ABT,2026-08-04,91.28,True
33671,206917816,ABT,2026-08-11,92.74,True
33671,206917816,BUY,2026-06-23,119.76,True
33671,206917816,BUY,2026-06-30,121.38,True
33671,206917816,BUY,2026-07-07,122.75,True
33671,206917816,BUY,2026-07-14,122.19,True
33671,206917816,BUY,2026-07-21,121.73,True
33671,206917816,BUY,2026-07-28,123.33,True
33671,206917816,BUY,2026-08-04,124.99,True
33671,206917816,BUY,2026-08-11,123.97,True
33668,206917817,ABT,2026-06-09,171.35,True
33668,206917817,ABT,2026-06-16,171.78,True
33668,206917817,ABT,2026-06-23,170.65,True
33668,206917817,ABT,2026-06-30,174.33,True
33668,206917817,ABT,2026-07-07,175.68,True
33668,206917817,ABT,2026-07-14,172.4,True
33668,206917817,ABT,2026-07-21,175.93,True
33668,206917817,ABT,2026-07-28,171.67,True
33668,206917817,ABT,2026-08-04,169.33,True
33668,206917817,ABT,2026-08-11,169.33,True
33668,206917817,BUY,2026-06-09,170.57,True
33668,206917817,BUY,2026-06-16,171.56,True
33668,206917817,BUY,2026-06-23,151.57,True
33668,206917817,BUY,2026-06-30,154.41,True
33668,206917817,BUY,2026-07-07,149.23,True
33668,206917817,BUY,2026-07-14,150.4,True
33668,206917817,BUY,2026-07-21,151.0,True
33668,206917817,BUY,2026-07-28,132.83,True
33668,206917817,BUY,2026-08-04,136.29,True
33668,206917817,BUY,2026-08-11,136.93,True
35552,206928359,ABT,2026-05-26,7.29,True
35552,206928359,ABT,2026-06-02,7.38,True
35552,206928359,ABT,2026-06-09,7.41,True
35552,206928359,ABT,2026-06-16,7.38,True
35552,206928359,ABT,2026-06-23,7.43,True
35552,206928359,ABT,2026-06-30,7.39,True
35552,206928359,ABT,2026-07-07,7.49,True
35552,206928359,ABT,2026-07-14,7.58,True
35552,206928359,ABT,2026-07-21,7.56,True
35552,206928359,ABT,2026-07-28,7.64,True
35552,206928359,ABT,2026-08-04,7.63,True
35552,206928359,ABT,2026-08-11,7.55,True
35552,206928359,BUY,2026-05-26,7.35,True
35552,206928359,BUY,2026-06-02,7.58,True
35552,206928359,BUY,2026-06-09,7.64,True
35552,206928359,BUY,2026-06-16,7.81,True
35552,206928359,BUY,2026-06-23,7.77,True
35552,206928359,BUY,2026-06-30,7.89,True
35552,206928359,BUY,2026-07-07,8.12,True
35552,206928359,BUY,2026-07-14,8.21,True
35552,206928359,BUY,2026-07-21,7.73,True
35552,206928359,BUY,2026-07-28,7.57,True
35552,206928359,BUY,2026-08-04,7.62,True
35552,206928359,BUY,2026-08-11,7.57,True
36993,206928378,ABT,2026-06-16,47.89,True
36993,206928378,ABT,2026-06-23,48.58,True
36993,206928378,ABT,2026-06-30,48.7,True
36993,206928378,ABT,2026-07-07,49.72,True
36993,206928378,ABT,2026-07-14,50.27,True
36993,206928378,ABT,2026-07-21,49.24,True
36993,206928378,ABT,2026-07-28,49.86,True
36993,206928378,ABT,2026-08-04,50.73,True
36993,206928378,ABT,2026-08-11,51.16,True
36993,206928378,BUY,2026-06-16,50.11,True
36993,206928378,BUY,2026-06-23,44.89,True
36993,206928378,BUY,2026-06-30,40.72,True
36993,206928378,BUY,2026-07-07,37.95,True
36993,206928378,BUY,2026-07-14,33.64,True
36993,206928378,BUY,2026-07-21,33.09,True
36993,206928378,BUY,2026-07-28,33.57,True
36993,206928378,BUY,2026-08-04,32.81,True
36993,206928378,BUY,2026-08-11,36.12,True
33508,206928380,ABT,2026-05-26,50.18,True
33508,206928380,ABT,2026-06-02,49.65,True
33508,206928380,ABT,2026-06-09,47.05,True
33508,206928380,ABT,2026-06-16,46.2,True
33508,206928380,ABT,2026-06-23,47.13,True
33508,206928380,ABT,2026-06-30,46.61,True
33508,206928380,ABT,2026-07-07,44.95,True
33508,206928380,ABT,2026-07-14,44.83,True
33508,206928380,ABT,2026-07-21,44.47,True
33508,206928380,ABT,2026-07-28,44.17,True
33508,206928380,ABT,2026-08-04,44.54,True
33508,206928380,ABT,2026-08-11,44.55,True
33508,206928380,BUY,2026-05-26,50.14,True
33508,206928380,BUY,2026-06-02,50.05,True
33508,206928380,BUY,2026-06-09,49.39,True
33508,206928380,BUY,2026-06-16,49.58,True
33508,206928380,BUY,2026-06-23,49.13,True
33508,206928380,BUY,2026-06-30,49.75,True
33508,206928380,BUY,2026-07-07,48.81,True
33508,206928380,BUY,2026-07-14,48.35,True
33508,206928380,BUY,2026-07-21,50.82,True
33508,206928380,BUY,2026-07-28,59.31,True
33508,206928380,BUY,2026-08-04,49.84,True
33508,206928380,BUY,2026-08-11,50.34,True
33496,206928384,ABT,2026-06-16,6.84,True
33496,206928384,ABT,2026-06-23,6.91,True
33496,206928384,ABT,2026-06-30,6.89,True
33496,206928384,ABT,2026-07-07,6.95,True
33496,206928384,ABT,2026-07-14,7.0,True
33496,206928384,ABT,2026-07-21,6.94,True
33496,206928384,ABT,2026-07-28,6.98,True
33496,206928384,ABT,2026-08-04,6.92,True
33496,206928384,ABT,2026-08-11,6.98,True
33496,206928384,BUY,2026-06-16,6.84,True
33496,206928384,BUY,2026-06-23,6.91,True
33496,206928384,BUY,2026-06-30,6.98,True
33496,206928384,BUY,2026-07-07,7.01,True
33496,206928384,BUY,2026-07-14,7.02,True
33496,206928384,BUY,2026-07-21,7.49,True
33496,206928384,BUY,2026-07-28,7.55,True
33496,206928384,BUY,2026-08-04,7.54,True
33496,206928384,BUY,2026-08-11,7.42,True
38142,206928388,ABT,2026-05-26,177.53,True
38142,206928388,ABT,2026-06-02,179.95,True
38142,206928388,ABT,2026-06-09,159.29,True
38142,206928388,ABT,2026-06-16,163.65,True
38142,206928388,ABT,2026-06-23,162.38,True
38142,206928388,ABT,2026-06-30,157.51,True
38142,206928388,ABT,2026-07-07,134.38,True
38142,206928388,ABT,2026-07-14,134.08,True
38142,206928388,ABT,2026-07-21,137.09,True
38142,206928388,ABT,2026-07-28,135.78,True
38142,206928388,ABT,2026-08-04,136.87,True
38142,206928388,ABT,2026-08-11,135.41,True
38142,206928388,BUY,2026-05-26,176.64,True
38142,206928388,BUY,2026-06-02,178.5,True
38142,206928388,BUY,2026-06-09,174.71,True
38142,206928388,BUY,2026-06-16,173.59,True
38142,206928388,BUY,2026-06-23,171.53,True
38142,206928388,BUY,2026-06-30,169.29,True
38142,206928388,BUY,2026-07-07,169.12,True
38142,206928388,BUY,2026-07-14,166.81,True
38142,206928388,BUY,2026-07-21,169.51,True
38142,206928388,BUY,2026-07-28,167.61,True
38142,206928388,BUY,2026-08-04,167.42,True
38142,206928388,BUY,2026-08-11,163.38,True
33498,206928390,ABT,2026-05-26,30.31,True
33498,206928390,ABT,2026-06-02,30.46,True
33498,206928390,ABT,2026-06-09,30.64,True
33498,206928390,ABT,2026-06-16,27.51,True
33498,206928390,ABT,2026-06-23,23.64,True
33498,206928390,ABT,2026-06-30,20.79,True
33498,206928390,ABT,2026-07-07,17.92,True
33498,206928390,ABT,2026-07-14,15.61,True
33498,206928390,ABT,2026-07-21,12.17,True
33498,206928390,ABT,2026-07-28,11.97,True
33498,206928390,ABT,2026-08-04,12.16,True
33498,206928390,ABT,2026-08-11,11.38,True
33498,206928390,BUY,2026-05-26,32.4,True
33498,206928390,BUY,2026-06-02,28.7,True
33498,206928390,BUY,2026-06-09,28.68,True
33498,206928390,BUY,2026-06-16,24.65,True
33498,206928390,BUY,2026-06-23,26.15,True
33498,206928390,BUY,2026-06-30,25.52,True
33498,206928390,BUY,2026-07-07,25.18,True
33498,206928390,BUY,2026-07-14,25.06,True
33498,206928390,BUY,2026-07-21,24.76,True
33498,206928390,BUY,2026-07-28,24.88,True
33498,206928390,BUY,2026-08-04,24.88,True
33498,206928390,BUY,2026-08-11,25.5,True
34165,206928452,ABT,2026-06-23,2562.79,True
34165,206928452,ABT,2026-06-30,2531.71,True
34165,206928452,ABT,2026-07-07,2542.69,True
34165,206928452,ABT,2026-07-14,2522.3,True
34165,206928452,ABT,2026-07-21,2599.93,True
34165,206928452,ABT,2026-07-28,2568.81,True
34165,206928452,ABT,2026-08-04,2257.91,True
34165,206928452,ABT,2026-08-11,2272.79,True
34165,206928452,BUY,2026-06-23,2573.75,True
34165,206928452,BUY,2026-06-30,2585.83,True
34165,206928452,BUY,2026-07-07,2582.2,True
34165,206928452,BUY,2026-07-14,2615.55,True
34165,206928452,BUY,2026-07-21,2593.9,True
34165,206928452,BUY,2026-07-28,2573.98,True
34165,206928452,BUY,2026-08-04,2560.34,True
34165,206928452,BUY,2026-08-11,2595.18,True
33717,206928604,ABT,2026-06-23,128.46,True
33717,206928604,ABT,2026-06-30,127.69,True
33717,206928604,ABT,2026-07-07,120.04,True
33717,206928604,ABT,2026-07-14,116.14,True
33717,206928604,ABT,2026-07-21,115.63,True
33717,206928604,ABT,2026-07-28,115.65,True
33717,206928604,ABT,2026-08-04,98.18,True
33717,206928604,ABT,2026-08-11,97.74,True
33717,206928604,BUY,2026-06-23,131.98,True
33717,206928604,BUY,2026-06-30,132.96,True
33717,206928604,BUY,2026-07-07,129.7,True
33717,206928604,BUY,2026-07-14,122.16,True
33717,206928604,BUY,2026-07-21,121.9,True
33717,206928604,BUY,2026-07-28,121.64,True
33717,206928604,BUY,2026-08-04,122.16,True
33717,206928604,BUY,2026-08-11,118.12,True
33643,206928605,ABT,2026-05-26,38.68,True
33643,206928605,ABT,2026-06-02,38.98,True
33643,206928605,ABT,2026-06-09,38.77,True
33643,206928605,ABT,2026-06-16,33.43,True
33643,206928605,ABT,2026-06-23,29.59,True
33643,206928605,ABT,2026-06-30,26.06,True
33643,206928605,ABT,2026-07-07,22.9,True
33643,206928605,ABT,2026-07-14,21.22,True
33643,206928605,ABT,2026-07-21,21.28,True
33643,206928605,ABT,2026-07-28,23.62,True
33643,206928605,ABT,2026-08-04,21.56,True
33643,206928605,ABT,2026-08-11,21.57,True
33643,206928605,BUY,2026-05-26,35.45,True
33643,206928605,BUY,2026-06-02,35.27,True
33643,206928605,BUY,2026-06-09,35.67,True
33643,206928605,BUY,2026-06-16,35.1,True
33643,206928605,BUY,2026-06-23,35.13,True
33643,206928605,BUY,2026-06-30,34.84,True
33643,206928605,BUY,2026-07-07,35.04,True
33643,206928605,BUY,2026-07-14,35.35,True
33643,206928605,BUY,2026-07-21,35.58,True
33643,206928605,BUY,2026-07-28,34.7,True
33643,206928605,BUY,2026-08-04,30.87,True
33643,206928605,BUY,2026-08-11,31.4,True
33640,206928606,ABT,2026-06-09,156.46,True
33640,206928606,ABT,2026-06-16,143.46,True
33640,206928606,ABT,2026-06-23,125.22,True
33640,206928606,ABT,2026-06-30,108.26,True
33640,206928606,ABT,2026-07-07,98.52,True
33640,206928606,ABT,2026-07-14,85.55,True
33640,206928606,ABT,2026-07-21,83.38,True
33640,206928606,ABT,2026-07-28,83.71,True
33640,206928606,ABT,2026-08-04,83.14,True
33640,206928606,ABT,2026-08-11,82.53,True
33640,206928606,BUY,2026-06-09,165.22,True
33640,206928606,BUY,2026-06-16,167.51,True
33640,206928606,BUY,2026-06-23,166.8,True
33640,206928606,BUY,2026-06-30,167.26,True
33640,206928606,BUY,2026-07-07,162.74,True
33640,206928606,BUY,2026-07-14,161.42,True
33640,206928606,BUY,2026-07-21,166.4,True
33640,206928606,BUY,2026-07-28,167.17,True
33640,206928606,BUY,2026-08-04,163.65,True
33640,206928606,BUY,2026-08-11,162.29,True
33645,206928607,ABT,2026-06-02,129.05,True
33645,206928607,ABT,2026-06-09,113.98,True
33645,206928607,ABT,2026-06-16,116.62,True
33645,206928607,ABT,2026-06-23,117.78,True
33645,206928607,ABT,2026-06-30,117.68,True
33645,206928607,ABT,2026-07-07,100.9,True
33645,206928607,ABT,2026-07-14,101.5,True
33645,206928607,ABT,2026-07-21,101.12,True
33645,206928607,ABT,2026-07-28,102.78,True
33645,206928607,ABT,2026-08-04,105.88,True
33645,206928607,ABT,2026-08-11,105.68,True
33645,206928607,BUY,2026-06-02,119.98,True
33645,206928607,BUY,2026-06-09,105.71,True
33645,206928607,BUY,2026-06-16,93.1,True
33645,206928607,BUY,2026-06-23,81.82,True
33645,206928607,BUY,2026-06-30,70.76,True
33645,206928607,BUY,2026-07-07,70.75,True
33645,206928607,BUY,2026-07-14,68.49,True
33645,206928607,BUY,2026-07-21,68.18,True
33645,206928607,BUY,2026-07-28,68.42,True
33645,206928607,BUY,2026-08-04,68.38,True
33645,206928607,BUY,2026-08-11,68.51,True
33639,206928608,ABT,2026-06-16,23.14,True
33639,206928608,ABT,2026-06-23,23.41,True
33639,206928608,ABT,2026-06-30,23.32,True
33639,206928608,ABT,2026-07-07,19.79,True
33639,206928608,ABT,2026-07-14,19.93,True
33639,206928608,ABT,2026-07-21,19.89,True
33639,206928608,ABT,2026-07-28,19.59,True
33639,206928608,ABT,2026-08-04,19.45,True
33639,206928608,ABT,2026-08-11,19.2,True
33639,206928608,BUY,2026-06-16,23.54,True
33639,206928608,BUY,2026-06-23,23.85,True
33639,206928608,BUY,2026-06-30,23.62,True
33639,206928608,BUY,2026-07-07,23.67,True
33639,206928608,BUY,2026-07-14,23.64,True
33639,206928608,BUY,2026-07-21,23.02,True
33639,206928608,BUY,2026-07-28,20.2,True
33639,206928608,BUY,2026-08-04,19.81,True
33639,206928608,BUY,2026-08-11,20.16,True
33493,206928744,ABT,2026-06-16,1367.33,True
33493,206928744,ABT,2026-06-23,1395.23,True
33493,206928744,ABT,2026-06-30,1309.98,True
33493,206928744,ABT,2026-07-07,1311.94,True
33493,206928744,ABT,2026-07-14,1216.84,True
33493,206928744,ABT,2026-07-21,1237.22,True
33493,206928744,ABT,2026-07-28,1231.51,True
33493,206928744,ABT,2026-08-04,1197.65,True
33493,206928744,ABT,2026-08-11,1190.02,True
33493,206928744,BUY,2026-06-16,1395.65,True
33493,206928744,BUY,2026-06-23,1379.35,True
33493,206928744,BUY,2026-06-30,1432.41,True
33493,206928744,BUY,2026-07-07,1449.6,True
33493,206928744,BUY,2026-07-14,1457.71,True
33493,206928744,BUY,2026-07-21,1303.6,True
33493,206928744,BUY,2026-07-28,1307.75,True
33493,206928744,BUY,2026-08-04,1293.74,True
33493,206928744,BUY,2026-08-11,1305.31,True
32561,207338879,ABT,2026-06-16,148.47,True
32561,207338879,ABT,2026-06-23,147.69,True
32561,207338879,ABT,2026-06-30,147.14,True
32561,207338879,ABT,2026-07-07,146.84,True
32561,207338879,ABT,2026-07-14,146.4,True
32561,207338879,ABT,2026-07-21,146.06,True
32561,207338879,ABT,2026-07-28,146.45,True
32561,207338879,ABT,2026-08-04,144.21,True
32561,207338879,ABT,2026-08-11,142.71,True
32561,207338879,BUY,2026-06-16,127.39,True
32561,207338879,BUY,2026-06-23,128.19,True
32561,207338879,BUY,2026-06-30,130.46,True
32561,207338879,BUY,2026-07-07,129.76,True
32561,207338879,BUY,2026-07-14,118.3,True
32561,207338879,BUY,2026-07-21,92.1,True
32561,207338879,BUY,2026-07-28,82.63,True
32561,207338879,BUY,2026-08-04,80.06,True
32561,207338879,BUY,2026-08-11,80.07,True
33586,207338890,ABT,2026-06-09,100.72,True
33586,207338890,ABT,2026-06-16,100.51,True
33586,207338890,ABT,2026-06-23,101.54,True
33586,207338890,ABT,2026-06-30,103.89,True
33586,207338890,ABT,2026-07-07,104.37,True
33586,207338890,ABT,2026-07-14,98.08,True
33586,207338890,ABT,2026-07-21,97.77,True
33586,207338890,ABT,2026-07-28,98.07,True
33586,207338890,ABT,2026-08-04,83.42,True
33586,207338890,ABT,2026-08-11,82.77,True
33586,207338890,BUY,2026-06-09,99.66,True
33586,207338890,BUY,2026-06-16,98.88,True
33586,207338890,BUY,2026-06-23,96.13,True
33586,207338890,BUY,2026-06-30,96.54,True
33586,207338890,BUY,2026-07-07,98.11,True
33586,207338890,BUY,2026-07-14,86.37,True
33586,207338890,BUY,2026-07-21,87.46,True
33586,207338890,BUY,2026-07-28,87.47,True
33586,207338890,BUY,2026-08-04,86.77,True
33586,207338890,BUY,2026-08-11,87.9,True
33158,207338961,ABT,2026-06-16,758.3,True
33158,207338961,ABT,2026-06-23,754.26,True
33158,207338961,ABT,2026-06-30,761.6,True
33158,207338961,ABT,2026-07-07,769.2,True
33158,207338961,ABT,2026-07-14,786.13,True
33158,207338961,ABT,2026-07-21,772.66,True
33158,207338961,ABT,2026-07-28,784.93,True
33158,207338961,ABT,2026-08-04,774.09,True
33158,207338961,ABT,2026-08-11,795.15,True
33158,207338961,BUY,2026-06-16,657.49,True
33158,207338961,BUY,2026-06-23,657.74,True
33158,207338961,BUY,2026-06-30,658.55,True
33158,207338961,BUY,2026-07-07,649.53,True
33158,207338961,BUY,2026-07-14,626.6,True
33158,207338961,BUY,2026-07-21,650.23,True
33158,207338961,BUY,2026-07-28,659.48,True
33158,207338961,BUY,2026-08-04,652.48,True
33158,207338961,BUY,2026-08-11,640.0,True
34959,207383660,ABT,2026-06-09,68.93,True
34959,207383660,ABT,2026-06-16,68.72,True
34959,207383660,ABT,2026-06-23,72.98,True
34959,207383660,ABT,2026-06-30,72.72,True
34959,207383660,ABT,2026-07-07,72.54,True
34959,207383660,ABT,2026-07-14,73.2,True
34959,207383660,ABT,2026-07-21,72.09,True
34959,207383660,ABT,2026-07-28,72.53,True
34959,207383660,ABT,2026-08-04,72.49,True
34959,207383660,ABT,2026-08-11,73.19,True
34959,207383660,BUY,2026-06-09,71.6,True
34959,207383660,BUY,2026-06-16,72.63,True
34959,207383660,BUY,2026-06-23,72.04,True
34959,207383660,BUY,2026-06-30,72.57,True
34959,207383660,BUY,2026-07-07,71.74,True
34959,207383660,BUY,2026-07-14,70.49,True
34959,207383660,BUY,2026-07-21,71.38,True
34959,207383660,BUY,2026-07-28,70.74,True
34959,207383660,BUY,2026-08-04,62.98,True
34959,207383660,BUY,2026-08-11,62.8,True
33566,207388752,ABT,2026-05-26,2236.67,True
33566,207388752,ABT,2026-06-02,2247.17,True
33566,207388752,ABT,2026-06-09,2299.05,True
33566,207388752,ABT,2026-06-16,1976.15,True
33566,207388752,ABT,2026-06-23,1991.2,True
33566,207388752,ABT,2026-06-30,1962.03,True
33566,207388752,ABT,2026-07-07,1975.14,True
33566,207388752,ABT,2026-07-14,1935.4,True
33566,207388752,ABT,2026-07-21,1909.9,True
33566,207388752,ABT,2026-07-28,1945.06,True
33566,207388752,ABT,2026-08-04,1961.38,True
33566,207388752,ABT,2026-08-11,1980.27,True
33566,207388752,BUY,2026-05-26,1964.46,True
33566,207388752,BUY,2026-06-02,1982.83,True
33566,207388752,BUY,2026-06-09,1968.97,True
33566,207388752,BUY,2026-06-16,1988.19,True
33566,207388752,BUY,2026-06-23,1724.19,True
33566,207388752,BUY,2026-06-30,1715.66,True
33566,207388752,BUY,2026-07-07,1742.54,True
33566,207388752,BUY,2026-07-14,1787.09,True
33566,207388752,BUY,2026-07-21,1793.71,True
33566,207388752,BUY,2026-07-28,1781.55,True
33566,207388752,BUY,2026-08-04,1690.75,True
33566,207388752,BUY,2026-08-11,1686.5,True
33591,207388754,ABT,2026-06-23,47.82,True
33591,207388754,ABT,2026-06-30,47.94,True
33591,207388754,ABT,2026-07-07,48.69,True
33591,207388754,ABT,2026-07-14,44.09,True
33591,207388754,ABT,2026-07-21,39.52,True
33591,207388754,ABT,2026-07-28,32.47,True
33591,207388754,ABT,2026-08-04,30.44,True
33591,207388754,ABT,2026-08-11,30.15,True
33591,207388754,BUY,2026-06-23,48.23,True
33591,207388754,BUY,2026-06-30,48.76,True
33591,207388754,BUY,2026-07-07,48.78,True
33591,207388754,BUY,2026-07-14,48.67,True
33591,207388754,BUY,2026-07-21,52.21,True
33591,207388754,BUY,2026-07-28,51.53,True
33591,207388754,BUY,2026-08-04,50.96,True
33591,207388754,BUY,2026-08-11,51.26,True
33600,207388755,ABT,2026-06-02,1472.7,True
33600,207388755,ABT,2026-06-09,1489.26,True
33600,207388755,ABT,2026-06-16,1499.5,True
33600,207388755,ABT,2026-06-23,1512.82,True
33600,207388755,ABT,2026-06-30,1460.5,True
33600,207388755,ABT,2026-07-07,1442.15,True
33600,207388755,ABT,2026-07-14,1397.15,True
33600,207388755,ABT,2026-07-21,1385.57,True
33600,207388755,ABT,2026-07-28,1344.28,True
33600,207388755,ABT,2026-08-04,1211.82,True
33600,207388755,ABT,2026-08-11,1196.41,True
33600,207388755,BUY,2026-06-02,1520.66,True
33600,207388755,BUY,2026-06-09,1496.05,True
33600,207388755,BUY,2026-06-16,1475.73,True
33600,207388755,BUY,2026-06-23,1481.86,True
33600,207388755,BUY,2026-06-30,1499.36,True
33600,207388755,BUY,2026-07-07,1541.6,True
33600,207388755,BUY,2026-07-14,1552.67,True
33600,207388755,BUY,2026-07-21,1608.95,True
33600,207388755,BUY,2026-07-28,1635.88,True
33600,207388755,BUY,2026-08-04,1614.76,True
33600,207388755,BUY,2026-08-11,1648.36,True
33595,207388756,ABT,2026-06-16,1128.06,True
33595,207388756,ABT,2026-06-23,1040.52,True
33595,207388756,ABT,2026-06-30,1042.36,True
33595,207388756,ABT,2026-07-07,1054.48,True
33595,207388756,ABT,2026-07-14,1049.43,True
33595,207388756,ABT,2026-07-21,1041.58,True
33595,207388756,ABT,2026-07-28,888.82,True
33595,207388756,ABT,2026-08-04,908.88,True
33595,207388756,ABT,2026-08-11,914.63,True
33595,207388756,BUY,2026-06-16,1139.82,True
33595,207388756,BUY,2026-06-23,1130.89,True
33595,207388756,BUY,2026-06-30,1149.15,True
33595,207388756,BUY,2026-07-07,1155.07,True
33595,207388756,BUY,2026-07-14,1141.74,True
33595,207388756,BUY,2026-07-21,1002.12,True
33595,207388756,BUY,2026-07-28,1005.15,True
33595,207388756,BUY,2026-08-04,1020.0,True
33595,207388756,BUY,2026-08-11,1038.23,True
33569,207388757,ABT,2026-05-26,850.9,True
33569,207388757,ABT,2026-06-02,853.21,True
33569,207388757,ABT,2026-06-09,953.78,True
33569,207388757,ABT,2026-06-16,945.74,True
33569,207388757,ABT,2026-06-23,947.16,True
33569,207388757,ABT,2026-06-30,933.43,True
33569,207388757,ABT,2026-07-07,937.12,True
33569,207388757,ABT,2026-07-14,929.17,True
33569,207388757,ABT,2026-07-21,930.91,True
33569,207388757,ABT,2026-07-28,933.94,True
33569,207388757,ABT,2026-08-04,926.51,True
33569,207388757,ABT,2026-08-11,790.86,True
33569,207388757,BUY,2026-05-26,817.23,True
33569,207388757,BUY,2026-06-02,764.14,True
33569,207388757,BUY,2026-06-09,720.68,True
33569,207388757,BUY,2026-06-16,673.28,True
33569,207388757,BUY,2026-06-23,609.52,True
33569,207388757,BUY,2026-06-30,561.82,True
33569,207388757,BUY,2026-07-07,561.2,True
33569,207388757,BUY,2026-07-14,554.46,True
33569,207388757,BUY,2026-07-21,539.78,True
33569,207388757,BUY,2026-07-28,545.08,True
33569,207388757,BUY,2026-08-04,488.45,True
33569,207388757,BUY,2026-08-11,494.58,True
33582,207388758,ABT,2026-06-16,1340.94,True
33582,207388758,ABT,2026-06-23,1407.39,True
33582,207388758,ABT,2026-06-30,1406.96,True
33582,207388758,ABT,2026-07-07,1389.2,True
33582,207388758,ABT,2026-07-14,1367.76,True
33582,207388758,ABT,2026-07-21,1373.27,True
33582,207388758,ABT,2026-07-28,1358.05,True
33582,207388758,ABT,2026-08-04,1355.78,True
33582,207388758,ABT,2026-08-11,1367.98,True
33582,207388758,BUY,2026-06-16,1357.14,True
33582,207388758,BUY,2026-06-23,1514.13,True
33582,207388758,BUY,2026-06-30,1517.81,True
33582,207388758,BUY,2026-07-07,1497.36,True
33582,207388758,BUY,2026-07-14,1483.02,True
33582,207388758,BUY,2026-07-21,1524.03,True
33582,207388758,BUY,2026-07-28,1545.09,True
33582,207388758,BUY,2026-08-04,1471.12,True
33582,207388758,BUY,2026-08-11,1459.98,True
33581,207388759,ABT,2026-06-23,1254.92,True
33581,207388759,ABT,2026-06-30,1238.68,True
33581,207388759,ABT,2026-07-07,1242.12,True
33581,207388759,ABT,2026-07-14,1234.12,True
33581,207388759,ABT,2026-07-21,1239.26,True
33581,207388759,ABT,2026-07-28,1224.71,True
33581,207388759,ABT,2026-08-04,1224.21,True
33581,207388759,ABT,2026-08-11,1224.92,True
33581,207388759,BUY,2026-06-23,1239.35,True
33581,207388759,BUY,2026-06-30,1228.92,True
33581,207388759,BUY,2026-07-07,1205.57,True
33581,207388759,BUY,2026-07-14,1197.73,True
33581,207388759,BUY,2026-07-21,1186.05,True
33581,207388759,BUY,2026-07-28,1198.65,True
33581,207388759,BUY,2026-08-04,1198.21,True
33581,207388759,BUY,2026-08-11,1208.99,True
33563,207388760,ABT,2026-06-16,740.22,True
33563,207388760,ABT,2026-06-23,737.09,True
33563,207388760,ABT,2026-06-30,742.55,True
33563,207388760,ABT,2026-07-07,733.03,True
33563,207388760,ABT,2026-07-14,730.57,True
33563,207388760,ABT,2026-07-21,742.15,True
33563,207388760,ABT,2026-07-28,755.04,True
33563,207388760,ABT,2026-08-04,695.06,True
33563,207388760,ABT,2026-08-11,696.5,True
33563,207388760,BUY,2026-06-16,738.25,True
33563,207388760,BUY,2026-06-23,750.58,True
33563,207388760,BUY,2026-06-30,734.61,True
33563,207388760,BUY,2026-07-07,743.44,True
33563,207388760,BUY,2026-07-14,734.52,True
33563,207388760,BUY,2026-07-21,732.4,True
33563,207388760,BUY,2026-07-28,740.76,True
33563,207388760,BUY,2026-08-04,734.25,True
33563,207388760,BUY,2026-08-11,728.3,True
30457,207390171,ABT,2026-06-09,265.8,True
30457,207390171,ABT,2026-06-16,264.36,True
30457,207390171,ABT,2026-06-23,257.18,True
30457,207390171,ABT,2026-06-30,259.0,True
30457,207390171,ABT,2026-07-07,258.99,True
30457,207390171,ABT,2026-07-14,263.11,True
30457,207390171,ABT,2026-07-21,267.0,True
30457,207390171,ABT,2026-07-28,262.8,True
30457,207390171,ABT,2026-08-04,265.69,True
30457,207390171,ABT,2026-08-11,272.7,True
30457,207390171,BUY,2026-06-09,260.9,True
30457,207390171,BUY,2026-06-16,263.65,True
30457,207390171,BUY,2026-06-23,265.72,True
30457,207390171,BUY,2026-06-30,265.69,True
30457,207390171,BUY,2026-07-07,266.53,True
30457,207390171,BUY,2026-07-14,247.77,True
30457,207390171,BUY,2026-07-21,250.46,True
30457,207390171,BUY,2026-07-28,245.94,True
30457,207390171,BUY,2026-08-04,244.42,True
30457,207390171,BUY,2026-08-11,243.72,True
34454,207390180,ABT,2026-06-23,249.49,True
34454,207390180,ABT,2026-06-30,246.0,True
34454,207390180,ABT,2026-07-07,242.37,True
34454,207390180,ABT,2026-07-14,201.66,True
34454,207390180,ABT,2026-07-21,174.39,True
34454,207390180,ABT,2026-07-28,172.28,True
34454,207390180,ABT,2026-08-04,169.46,True
34454,207390180,ABT,2026-08-11,171.07,True
34454,207390180,BUY,2026-06-23,250.77,True
34454,207390180,BUY,2026-06-30,254.89,True
34454,207390180,BUY,2026-07-07,244.32,True
34454,207390180,BUY,2026-07-14,240.12,True
34454,207390180,BUY,2026-07-21,236.24,True
34454,207390180,BUY,2026-07-28,237.6,True
34454,207390180,BUY,2026-08-04,259.68,True
34454,207390180,BUY,2026-08-11,258.34,True
37354,207390184,ABT,2026-05-26,56.59,True
37354,207390184,ABT,2026-06-02,56.16,True
37354,207390184,ABT,2026-06-09,48.09,True
37354,207390184,ABT,2026-06-16,39.96,True
37354,207390184,ABT,2026-06-23,39.84,True
37354,207390184,ABT,2026-06-30,39.03,True
37354,207390184,ABT,2026-07-07,39.04,True
37354,207390184,ABT,2026-07-14,39.52,True
37354,207390184,ABT,2026-07-21,38.56,True
37354,207390184,ABT,2026-07-28,35.64,True
37354,207390184,ABT,2026-08-04,35.9,True
37354,207390184,ABT,2026-08-11,35.72,True
37354,207390184,BUY,2026-05-26,57.11,True
37354,207390184,BUY,2026-06-02,58.39,True
37354,207390184,BUY,2026-06-09,57.66,True
37354,207390184,BUY,2026-06-16,56.32,True
37354,207390184,BUY,2026-06-23,56.24,True
37354,207390184,BUY,2026-06-30,55.87,True
37354,207390184,BUY,2026-07-07,54.84,True
37354,207390184,BUY,2026-07-14,53.66,True
37354,207390184,BUY,2026-07-21,54.15,True
37354,207390184,BUY,2026-07-28,55.6,True
37354,207390184,BUY,2026-08-04,51.96,True
37354,207390184,BUY,2026-08-11,52.55,True
30453,207390309,ABT,2026-06-16,4066.09,True
30453,207390309,ABT,2026-06-23,4121.93,True
30453,207390309,ABT,2026-06-30,4181.66,True
30453,207390309,ABT,2026-07-07,4139.76,True
30453,207390309,ABT,2026-07-14,4014.5,True
30453,207390309,ABT,2026-07-21,3998.29,True
30453,207390309,ABT,2026-07-28,3963.48,True
30453,207390309,ABT,2026-08-04,4040.06,True
30453,207390309,ABT,2026-08-11,3493.0,True
30453,207390309,BUY,2026-06-16,3727.73,True
30453,207390309,BUY,2026-06-23,3646.72,True
30453,207390309,BUY,2026-06-30,3354.68,True
30453,207390309,BUY,2026-07-07,3069.99,True
30453,207390309,BUY,2026-07-14,2857.55,True
30453,207390309,BUY,2026-07-21,2626.25,True
30453,207390309,BUY,2026-07-28,2411.22,True
30453,207390309,BUY,2026-08-04,2345.99,True
30453,207390309,BUY,2026-08-11,2332.17,True
34424,207390452,ABT,2026-05-26,406.85,True
34424,207390452,ABT,2026-06-02,402.74,True
34424,207390452,ABT,2026-06-09,344.12,True
34424,207390452,ABT,2026-06-16,344.83,True
34424,207390452,ABT,2026-06-23,344.56,True
34424,207390452,ABT,2026-06-30,337.55,True
34424,207390452,ABT,2026-07-07,338.85,True
34424,207390452,ABT,2026-07-14,337.35,True
34424,207390452,ABT,2026-07-21,340.09,True
34424,207390452,ABT,2026-07-28,332.68,True
34424,207390452,ABT,2026-08-04,332.35,True
34424,207390452,ABT,2026-08-11,328.91,True
34424,207390452,BUY,2026-05-26,345.88,True
34424,207390452,BUY,2026-06-02,337.01,True
34424,207390452,BUY,2026-06-09,342.11,True
34424,207390452,BUY,2026-06-16,338.35,True
34424,207390452,BUY,2026-06-23,342.03,True
34424,207390452,BUY,2026-06-30,348.76,True
34424,207390452,BUY,2026-07-07,354.04,True
34424,207390452,BUY,2026-07-14,351.88,True
34424,207390452,BUY,2026-07-21,354.06,True
34424,207390452,BUY,2026-07-28,353.98,True
34424,207390452,BUY,2026-08-04,349.17,True
34424,207390452,BUY,2026-08-11,345.12,True
39054,207390496,ABT,2026-06-09,279.42,True
39054,207390496,ABT,2026-06-16,288.02,True
39054,207390496,ABT,2026-06-23,293.35,True
39054,207390496,ABT,2026-06-30,297.39,True
39054,207390496,ABT,2026-07-07,296.4,True
39054,207390496,ABT,2026-07-14,301.19,True
39054,207390496,ABT,2026-07-21,292.82,True
39054,207390496,ABT,2026-07-28,285.67,True
39054,207390496,ABT,2026-08-04,284.37,True
39054,207390496,ABT,2026-08-11,282.83,True
39054,207390496,BUY,2026-06-09,279.71,True
39054,207390496,BUY,2026-06-16,276.46,True
39054,207390496,BUY,2026-06-23,277.08,True
39054,207390496,BUY,2026-06-30,269.64,True
39054,207390496,BUY,2026-07-07,264.46,True
39054,207390496,BUY,2026-07-14,229.98,True
39054,207390496,BUY,2026-07-21,209.87,True
39054,207390496,BUY,2026-07-28,189.44,True
39054,207390496,BUY,2026-08-04,147.29,True
39054,207390496,BUY,2026-08-11,147.54,True
30680,207390502,ABT,2026-05-26,39.65,True
30680,207390502,ABT,2026-06-02,39.97,True
30680,207390502,ABT,2026-06-09,39.88,True
30680,207390502,ABT,2026-06-16,39.43,True
30680,207390502,ABT,2026-06-23,39.75,True
30680,207390502,ABT,2026-06-30,45.89,True
30680,207390502,ABT,2026-07-07,45.54,True
30680,207390502,ABT,2026-07-14,45.89,True
30680,207390502,ABT,2026-07-21,46.2,True
30680,207390502,ABT,2026-07-28,45.95,True
30680,207390502,ABT,2026-08-04,45.72,True
30680,207390502,ABT,2026-08-11,44.6,True
30680,207390502,BUY,2026-05-26,41.53,True
30680,207390502,BUY,2026-06-02,42.53,True
30680,207390502,BUY,2026-06-09,41.37,True
30680,207390502,BUY,2026-06-16,40.61,True
30680,207390502,BUY,2026-06-23,40.4,True
30680,207390502,BUY,2026-06-30,40.81,True
30680,207390502,BUY,2026-07-07,40.82,True
30680,207390502,BUY,2026-07-14,41.41,True
30680,207390502,BUY,2026-07-21,41.9,True
30680,207390502,BUY,2026-07-28,41.62,True
30680,207390502,BUY,2026-08-04,41.15,True
30680,207390502,BUY,2026-08-11,41.72,True
32150,207390506,ABT,2026-06-23,360.9,True
32150,207390506,ABT,2026-06-30,359.39,True
32150,207390506,ABT,2026-07-07,379.97,True
32150,207390506,ABT,2026-07-14,383.17,True
32150,207390506,ABT,2026-07-21,386.51,True
32150,207390506,ABT,2026-07-28,379.38,True
32150,207390506,ABT,2026-08-04,375.11,True
32150,207390506,ABT,2026-08-11,379.16,True
32150,207390506,BUY,2026-06-23,359.25,True
32150,207390506,BUY,2026-06-30,368.31,True
32150,207390506,BUY,2026-07-07,365.74,True
32150,207390506,BUY,2026-07-14,371.49,True
32150,207390506,BUY,2026-07-21,368.85,True
32150,207390506,BUY,2026-07-28,359.38,True
32150,207390506,BUY,2026-08-04,362.08,True
32150,207390506,BUY,2026-08-11,363.68,True
34260,207390507,ABT,2026-06-23,638.53,True
34260,207390507,ABT,2026-06-30,587.16,True
34260,207390507,ABT,2026-07-07,525.63,True
34260,207390507,ABT,2026-07-14,533.61,True
34260,207390507,ABT,2026-07-21,533.7,True
34260,207390507,ABT,2026-07-28,527.72,True
34260,207390507,ABT,2026-08-04,532.05,True
34260,207390507,ABT,2026-08-11,447.97,True
34260,207390507,BUY,2026-06-23,648.55,True
34260,207390507,BUY,2026-06-30,629.9,True
34260,207390507,BUY,2026-07-07,612.46,True
34260,207390507,BUY,2026-07-14,623.69,True
34260,207390507,BUY,2026-07-21,619.37,True
34260,207390507,BUY,2026-07-28,593.71,True
34260,207390507,BUY,2026-08-04,596.17,True
34260,207390507,BUY,2026-08-11,594.44,True
33177,207390617,ABT,2026-06-16,108.72,True
33177,207390617,ABT,2026-06-23,108.72,True
33177,207390617,ABT,2026-06-30,114.84,True
33177,207390617,ABT,2026-07-07,115.81,True
33177,207390617,ABT,2026-07-14,115.43,True
33177,207390617,ABT,2026-07-21,113.47,True
33177,207390617,ABT,2026-07-28,113.03,True
33177,207390617,ABT,2026-08-04,96.71,True
33177,207390617,ABT,2026-08-11,96.44,True
33177,207390617,BUY,2026-06-16,114.13,True
33177,207390617,BUY,2026-06-23,114.45,True
33177,207390617,BUY,2026-06-30,102.05,True
33177,207390617,BUY,2026-07-07,103.28,True
33177,207390617,BUY,2026-07-14,103.74,True
33177,207390617,BUY,2026-07-21,104.3,True
33177,207390617,BUY,2026-07-28,107.66,True
33177,207390617,BUY,2026-08-04,107.6,True
33177,207390617,BUY,2026-08-11,110.12,True
37091,207390618,ABT,2026-05-26,274.28,True
37091,207390618,ABT,2026-06-02,267.69,True
37091,207390618,ABT,2026-06-09,300.41,True
37091,207390618,ABT,2026-06-16,296.07,True
37091,207390618,ABT,2026-06-23,297.04,True
37091,207390618,ABT,2026-06-30,290.86,True
37091,207390618,ABT,2026-07-07,293.09,True
37091,207390618,ABT,2026-07-14,289.3,True
37091,207390618,ABT,2026-07-21,282.55,True
37091,207390618,ABT,2026-07-28,282.34,True
37091,207390618,ABT,2026-08-04,280.23,True
37091,207390618,ABT,2026-08-11,276.03,True
37091,207390618,BUY,2026-05-26,274.28,True
37091,207390618,BUY,2026-06-02,269.72,True
37091,207390618,BUY,2026-06-09,271.25,True
37091,207390618,BUY,2026-06-16,275.3,True
37091,207390618,BUY,2026-06-23,274.34,True
37091,207390618,BUY,2026-06-30,280.13,True
37091,207390618,BUY,2026-07-07,275.19,True
37091,207390618,BUY,2026-07-14,276.0,True
37091,207390618,BUY,2026-07-21,280.96,True
37091,207390618,BUY,2026-07-28,282.87,True
37091,207390618,BUY,2026-08-04,280.76,True
37091,207390618,BUY,2026-08-11,246.39,True
33326,207390641,ABT,2026-06-02,2038.21,True
33326,207390641,ABT,2026-06-09,2095.6,True
33326,207390641,ABT,2026-06-16,2051.92,True
33326,207390641,ABT,2026-06-23,2066.83,True
33326,207390641,ABT,2026-06-30,1905.83,True
33326,207390641,ABT,2026-07-07,1749.41,True
33326,207390641,ABT,2026-07-14,1640.02,True
33326,207390641,ABT,2026-07-21,1536.22,True
33326,207390641,ABT,2026-07-28,1425.6,True
33326,207390641,ABT,2026-08-04,1419.6,True
33326,207390641,ABT,2026-08-11,1384.08,True
33326,207390641,BUY,2026-06-02,2076.84,True
33326,207390641,BUY,2026-06-09,2068.04,True
33326,207390641,BUY,2026-06-16,2032.46,True
33326,207390641,BUY,2026-06-23,2011.27,True
33326,207390641,BUY,2026-06-30,1778.07,True
33326,207390641,BUY,2026-07-07,2047.6,True
33326,207390641,BUY,2026-07-14,2046.41,True
33326,207390641,BUY,2026-07-21,2038.31,True
33326,207390641,BUY,2026-07-28,2064.39,True
33326,207390641,BUY,2026-08-04,2048.84,True
33326,207390641,BUY,2026-08-11,2051.2,True
33431,207390644,ABT,2026-06-16,227.82,True
33431,207390644,ABT,2026-06-23,254.75,True
33431,207390644,ABT,2026-06-30,250.73,True
33431,207390644,ABT,2026-07-07,254.37,True
33431,207390644,ABT,2026-07-14,254.19,True
33431,207390644,ABT,2026-07-21,216.0,True
33431,207390644,ABT,2026-07-28,210.94,True
33431,207390644,ABT,2026-08-04,209.76,True
33431,207390644,ABT,2026-08-11,212.73,True
33431,207390644,BUY,2026-06-16,228.5,True
33431,207390644,BUY,2026-06-23,230.47,True
33431,207390644,BUY,2026-06-30,226.86,True
33431,207390644,BUY,2026-07-07,230.79,True
33431,207390644,BUY,2026-07-14,229.4,True
33431,207390644,BUY,2026-07-21,233.26,True
33431,207390644,BUY,2026-07-28,226.46,True
33431,207390644,BUY,2026-08-04,227.8,True
33431,207390644,BUY,2026-08-11,230.25,True
33438,207390650,ABT,2026-06-02,305.83,True
33438,207390650,ABT,2026-06-09,254.58,True
33438,207390650,ABT,2026-06-16,243.04,True
33438,207390650,ABT,2026-06-23,227.47,True
33438,207390650,ABT,2026-06-30,209.3,True
33438,207390650,ABT,2026-07-07,209.07,True
33438,207390650,ABT,2026-07-14,212.18,True
33438,207390650,ABT,2026-07-21,207.85,True
33438,207390650,ABT,2026-07-28,204.55,True
33438,207390650,ABT,2026-08-04,193.4,True
33438,207390650,ABT,2026-08-11,196.03,True
33438,207390650,BUY,2026-06-02,309.25,True
33438,207390650,BUY,2026-06-09,301.4,True
33438,207390650,BUY,2026-06-16,301.32,True
33438,207390650,BUY,2026-06-23,292.82,True
33438,207390650,BUY,2026-06-30,270.93,True
33438,207390650,BUY,2026-07-07,273.37,True
33438,207390650,BUY,2026-07-14,281.25,True
33438,207390650,BUY,2026-07-21,282.27,True
33438,207390650,BUY,2026-07-28,280.18,True
33438,207390650,BUY,2026-08-04,276.89,True
33438,207390650,BUY,2026-08-11,276.77,True
33443,207390652,ABT,2026-06-09,378.8,True
33443,207390652,ABT,2026-06-16,372.68,True
33443,207390652,ABT,2026-06-23,376.07,True
33443,207390652,ABT,2026-06-30,356.43,True
33443,207390652,ABT,2026-07-07,357.74,True
33443,207390652,ABT,2026-07-14,353.21,True
33443,207390652,ABT,2026-07-21,359.49,True
33443,207390652,ABT,2026-07-28,363.72,True
33443,207390652,ABT,2026-08-04,365.14,True
33443,207390652,ABT,2026-08-11,370.64,True
33443,207390652,BUY,2026-06-09,382.02,True
33443,207390652,BUY,2026-06-16,385.26,True
33443,207390652,BUY,2026-06-23,374.51,True
33443,207390652,BUY,2026-06-30,367.03,True
33443,207390652,BUY,2026-07-07,374.32,True
33443,207390652,BUY,2026-07-14,366.13,True
33443,207390652,BUY,2026-07-21,357.75,True
33443,207390652,BUY,2026-07-28,352.68,True
33443,207390652,BUY,2026-08-04,348.8,True
33443,207390652,BUY,2026-08-11,347.17,True
33157,207390654,ABT,2026-06-23,563.1,True
33157,207390654,ABT,2026-06-30,568.68,True
33157,207390654,ABT,2026-07-07,575.21,True
33157,207390654,ABT,2026-07-14,569.58,True
33157,207390654,ABT,2026-07-21,582.65,True
33157,207390654,ABT,2026-07-28,569.0,True
33157,207390654,ABT,2026-08-04,597.94,True
33157,207390654,ABT,2026-08-11,586.75,True
33157,207390654,BUY,2026-06-23,542.95,True
33157,207390654,BUY,2026-06-30,550.51,True
33157,207390654,BUY,2026-07-07,557.23,True
33157,207390654,BUY,2026-07-14,564.31,True
33157,207390654,BUY,2026-07-21,561.36,True
33157,207390654,BUY,2026-07-28,566.77,True
33157,207390654,BUY,2026-08-04,567.85,True
33157,207390654,BUY,2026-08-11,568.57,True
33160,207390655,ABT,2026-05-26,733.2,True
33160,207390655,ABT,2026-06-02,732.77,True
33160,207390655,ABT,2026-06-09,751.97,True
33160,207390655,ABT,2026-06-16,801.42,True
33160,207390655,ABT,2026-06-23,787.13,True
33160,207390655,ABT,2026-06-30,809.1,True
33160,207390655,ABT,2026-07-07,818.07,True
33160,207390655,ABT,2026-07-14,806.09,True
33160,207390655,ABT,2026-07-21,812.69,True
33160,207390655,ABT,2026-07-28,835.01,True
33160,207390655,ABT,2026-08-04,836.86,True
33160,207390655,ABT,2026-08-11,844.3,True
33160,207390655,BUY,2026-05-26,888.55,True
33160,207390655,BUY,2026-06-02,983.2,True
33160,207390655,BUY,2026-06-09,1009.1,True
33160,207390655,BUY,2026-06-16,997.37,True
33160,207390655,BUY,2026-06-23,994.94,True
33160,207390655,BUY,2026-06-30,1126.95,True
33160,207390655,BUY,2026-07-07,1166.41,True
33160,207390655,BUY,2026-07-14,1167.46,True
33160,207390655,BUY,2026-07-21,1178.34,True
33160,207390655,BUY,2026-07-28,1164.28,True
33160,207390655,BUY,2026-08-04,1214.0,True
33160,207390655,BUY,2026-08-11,1205.12,True
33161,207390656,ABT,2026-05-26,822.7,True
33161,207390656,ABT,2026-06-02,816.79,True
33161,207390656,ABT,2026-06-09,820.62,True
33161,207390656,ABT,2026-06-16,828.21,True
33161,207390656,ABT,2026-06-23,833.52,True
33161,207390656,ABT,2026-06-30,839.82,True
33161,207390656,ABT,2026-07-07,820.21,True
33161,207390656,ABT,2026-07-14,813.63,True
33161,207390656,ABT,2026-07-21,815.72,True
33161,207390656,ABT,2026-07-28,822.57,True
33161,207390656,ABT,2026-08-04,824.8,True
33161,207390656,ABT,2026-08-11,724.58,True
33161,207390656,BUY,2026-05-26,819.16,True
33161,207390656,BUY,2026-06-02,807.45,True
33161,207390656,BUY,2026-06-09,725.75,True
33161,207390656,BUY,2026-06-16,721.61,True
33161,207390656,BUY,2026-06-23,734.37,True
33161,207390656,BUY,2026-06-30,746.53,True
33161,207390656,BUY,2026-07-07,743.17,True
33161,207390656,BUY,2026-07-14,691.45,True
33161,207390656,BUY,2026-07-21,621.35,True
33161,207390656,BUY,2026-07-28,575.86,True
33161,207390656,BUY,2026-08-04,561.71,True
33161,207390656,BUY,2026-08-11,550.52,True
34033,207390665,ABT,2026-06-16,756.82,True
34033,207390665,ABT,2026-06-23,738.04,True
34033,207390665,ABT,2026-06-30,660.32,True
34033,207390665,ABT,2026-07-07,660.95,True
34033,207390665,ABT,2026-07-14,646.37,True
34033,207390665,ABT,2026-07-21,594.81,True
34033,207390665,ABT,2026-07-28,590.84,True
34033,207390665,ABT,2026-08-04,597.81,True
34033,207390665,ABT,2026-08-11,556.86,True
34033,207390665,BUY,2026-06-16,696.34,True
34033,207390665,BUY,2026-06-23,694.76,True
34033,207390665,BUY,2026-06-30,586.16,True
34033,207390665,BUY,2026-07-07,589.63,True
34033,207390665,BUY,2026-07-14,586.74,True
34033,207390665,BUY,2026-07-21,583.07,True
34033,207390665,BUY,2026-07-28,584.31,True
34033,207390665,BUY,2026-08-04,585.06,True
34033,207390665,BUY,2026-08-11,588.93,True
34154,207390673,ABT,2026-06-23,569.27,True
34154,207390673,ABT,2026-06-30,575.81,True
34154,207390673,ABT,2026-07-07,555.08,True
34154,207390673,ABT,2026-07-14,476.54,True
34154,207390673,ABT,2026-07-21,413.67,True
34154,207390673,ABT,2026-07-28,408.36,True
34154,207390673,ABT,2026-08-04,443.33,True
34154,207390673,ABT,2026-08-11,440.91,True
34154,207390673,BUY,2026-06-23,512.75,True
34154,207390673,BUY,2026-06-30,507.03,True
34154,207390673,BUY,2026-07-07,503.52,True
34154,207390673,BUY,2026-07-14,512.85,True
34154,207390673,BUY,2026-07-21,464.67,True
34154,207390673,BUY,2026-07-28,465.87,True
34154,207390673,BUY,2026-08-04,465.93,True
34154,207390673,BUY,2026-08-11,472.43,True
34036,207390682,ABT,2026-06-23,124.89,True
34036,207390682,ABT,2026-06-30,122.76,True
34036,207390682,ABT,2026-07-07,122.66,True
34036,207390682,ABT,2026-07-14,126.98,True
34036,207390682,ABT,2026-07-21,130.45,True
34036,207390682,ABT,2026-07-28,129.9,True
34036,207390682,ABT,2026-08-04,129.27,True
34036,207390682,ABT,2026-08-11,128.55,True
34036,207390682,BUY,2026-06-23,141.8,True
34036,207390682,BUY,2026-06-30,142.57,True
34036,207390682,BUY,2026-07-07,141.33,True
34036,207390682,BUY,2026-07-14,142.04,True
34036,207390682,BUY,2026-07-21,144.81,True
34036,207390682,BUY,2026-07-28,145.07,True
34036,207390682,BUY,2026-08-04,144.09,True
34036,207390682,BUY,2026-08-11,146.6,True
34370,207390706,ABT,2026-06-16,591.7,True
34370,207390706,ABT,2026-06-23,565.98,True
34370,207390706,ABT,2026-06-30,552.13,True
34370,207390706,ABT,2026-07-07,557.06,True
34370,207390706,ABT,2026-07-14,546.06,True
34370,207390706,ABT,2026-07-21,545.93,True
34370,207390706,ABT,2026-07-28,521.31,True
34370,207390706,ABT,2026-08-04,447.67,True
34370,207390706,ABT,2026-08-11,448.75,True
34370,207390706,BUY,2026-06-16,601.17,True
34370,207390706,BUY,2026-06-23,613.08,True
34370,207390706,BUY,2026-06-30,551.17,True
34370,207390706,BUY,2026-07-07,498.32,True
34370,207390706,BUY,2026-07-14,446.62,True
34370,207390706,BUY,2026-07-21,402.5,True
34370,207390706,BUY,2026-07-28,391.79,True
34370,207390706,BUY,2026-08-04,388.19,True
34370,207390706,BUY,2026-08-11,394.16,True
36957,207390709,ABT,2026-06-02,582.51,True
36957,207390709,ABT,2026-06-09,565.93,True
36957,207390709,ABT,2026-06-16,575.43,True
36957,207390709,ABT,2026-06-23,566.44,True
36957,207390709,ABT,2026-06-30,562.48,True
36957,207390709,ABT,2026-07-07,571.37,True
36957,207390709,ABT,2026-07-14,570.05,True
36957,207390709,ABT,2026-07-21,518.01,True
36957,207390709,ABT,2026-07-28,504.76,True
36957,207390709,ABT,2026-08-04,514.84,True
36957,207390709,ABT,2026-08-11,460.86,True
36957,207390709,BUY,2026-06-02,591.81,True
36957,207390709,BUY,2026-06-09,507.92,True
36957,207390709,BUY,2026-06-16,428.61,True
36957,207390709,BUY,2026-06-23,319.65,True
36957,207390709,BUY,2026-06-30,274.4,True
36957,207390709,BUY,2026-07-07,242.14,True
36957,207390709,BUY,2026-07-14,240.65,True
36957,207390709,BUY,2026-07-21,244.29,True
36957,207390709,BUY,2026-07-28,248.6,True
36957,207390709,BUY,2026-08-04,206.34,True
36957,207390709,BUY,2026-08-11,208.26,True
34824,207390710,ABT,2026-05-26,666.99,True
34824,207390710,ABT,2026-06-02,635.25,True
34824,207390710,ABT,2026-06-09,626.11,True
34824,207390710,ABT,2026-06-16,661.12,True
34824,207390710,ABT,2026-06-23,668.22,True
34824,207390710,ABT,2026-06-30,679.68,True
34824,207390710,ABT,2026-07-07,673.43,True
34824,207390710,ABT,2026-07-14,680.89,True
34824,207390710,ABT,2026-07-21,690.56,True
34824,207390710,ABT,2026-07-28,694.01,True
34824,207390710,ABT,2026-08-04,655.06,True
34824,207390710,ABT,2026-08-11,742.32,True
34824,207390710,BUY,2026-05-26,692.64,True
34824,207390710,BUY,2026-06-02,680.56,True
34824,207390710,BUY,2026-06-09,650.87,True
34824,207390710,BUY,2026-06-16,690.41,True
34824,207390710,BUY,2026-06-23,703.31,True
34824,207390710,BUY,2026-06-30,702.03,True
34824,207390710,BUY,2026-07-07,623.87,True
34824,207390710,BUY,2026-07-14,620.14,True
34824,207390710,BUY,2026-07-21,616.25,True
34824,207390710,BUY,2026-07-28,607.04,True
34824,207390710,BUY,2026-08-04,615.73,True
34824,207390710,BUY,2026-08-11,613.26,True
33997,207390717,ABT,2026-06-16,877.68,True
33997,207390717,ABT,2026-06-23,896.66,True
33997,207390717,ABT,2026-06-30,905.5,True
33997,207390717,ABT,2026-07-07,905.33,True
33997,207390717,ABT,2026-07-14,894.17,True
33997,207390717,ABT,2026-07-21,892.64,True
33997,207390717,ABT,2026-07-28,831.83,True
33997,207390717,ABT,2026-08-04,817.08,True
33997,207390717,ABT,2026-08-11,806.9,True
33997,207390717,BUY,2026-06-16,937.67,True
33997,207390717,BUY,2026-06-23,933.82,True
33997,207390717,BUY,2026-06-30,892.96,True
33997,207390717,BUY,2026-07-07,903.86,True
33997,207390717,BUY,2026-07-14,886.2,True
33997,207390717,BUY,2026-07-21,875.53,True
33997,207390717,BUY,2026-07-28,872.91,True
33997,207390717,BUY,2026-08-04,931.6,True
33997,207390717,BUY,2026-08-11,917.42,True
33863,207391013,ABT,2026-06-02,100.19,True
33863,207391013,ABT,2026-06-09,100.81,True
33863,207391013,ABT,2026-06-16,101.42,True
33863,207391013,ABT,2026-06-23,99.63,True
33863,207391013,ABT,2026-06-30,91.89,True
33863,207391013,ABT,2026-07-07,82.98,True
33863,207391013,ABT,2026-07-14,81.4,True
33863,207391013,ABT,2026-07-21,79.34,True
33863,207391013,ABT,2026-07-28,78.99,True
33863,207391013,ABT,2026-08-04,77.67,True
33863,207391013,ABT,2026-08-11,78.29,True
33863,207391013,BUY,2026-06-02,100.14,True
33863,207391013,BUY,2026-06-09,100.82,True
33863,207391013,BUY,2026-06-16,100.8,True
33863,207391013,BUY,2026-06-23,102.74,True
33863,207391013,BUY,2026-06-30,92.47,True
33863,207391013,BUY,2026-07-07,87.33,True
33863,207391013,BUY,2026-07-14,84.76,True
33863,207391013,BUY,2026-07-21,79.0,True
33863,207391013,BUY,2026-07-28,74.97,True
33863,207391013,BUY,2026-08-04,75.51,True
33863,207391013,BUY,2026-08-11,74.79,True
33653,207391014,ABT,2026-06-23,427.95,True
33653,207391014,ABT,2026-06-30,424.28,True
33653,207391014,ABT,2026-07-07,368.98,True
33653,207391014,ABT,2026-07-14,377.9,True
33653,207391014,ABT,2026-07-21,382.26,True
33653,207391014,ABT,2026-07-28,385.42,True
33653,207391014,ABT,2026-08-04,386.17,True
33653,207391014,ABT,2026-08-11,387.44,True
33653,207391014,BUY,2026-06-23,469.83,True
33653,207391014,BUY,2026-06-30,477.9,True
33653,207391014,BUY,2026-07-07,469.6,True
33653,207391014,BUY,2026-07-14,478.69,True
33653,207391014,BUY,2026-07-21,452.13,True
33653,207391014,BUY,2026-07-28,457.41,True
33653,207391014,BUY,2026-08-04,464.31,True
33653,207391014,BUY,2026-08-11,465.2,True
33637,207391015,ABT,2026-06-16,131.29,True
33637,207391015,ABT,2026-06-23,132.96,True
33637,207391015,ABT,2026-06-30,130.01,True
33637,207391015,ABT,2026-07-07,130.69,True
33637,207391015,ABT,2026-07-14,128.0,True
33637,207391015,ABT,2026-07-21,127.49,True
33637,207391015,ABT,2026-07-28,126.0,True
33637,207391015,ABT,2026-08-04,130.33,True
33637,207391015,ABT,2026-08-11,128.09,True
33637,207391015,BUY,2026-06-16,128.35,True
33637,207391015,BUY,2026-06-23,114.07,True
33637,207391015,BUY,2026-06-30,113.67,True
33637,207391015,BUY,2026-07-07,110.71,True
33637,207391015,BUY,2026-07-14,109.58,True
33637,207391015,BUY,2026-07-21,110.33,True
33637,207391015,BUY,2026-07-28,106.53,True
33637,207391015,BUY,2026-08-04,105.41,True
33637,207391015,BUY,2026-08-11,119.09,True
33931,207391017,ABT,2026-06-16,619.68,True
33931,207391017,ABT,2026-06-23,615.44,True
33931,207391017,ABT,2026-06-30,635.44,True
33931,207391017,ABT,2026-07-07,644.91,True
33931,207391017,ABT,2026-07-14,655.76,True
33931,207391017,ABT,2026-07-21,652.68,True
33931,207391017,ABT,2026-07-28,642.51,True
33931,207391017,ABT,2026-08-04,635.6,True
33931,207391017,ABT,2026-08-11,648.84,True
33931,207391017,BUY,2026-06-16,567.11,True
33931,207391017,BUY,2026-06-23,573.19,True
33931,207391017,BUY,2026-06-30,579.67,True
33931,207391017,BUY,2026-07-07,578.0,True
33931,207391017,BUY,2026-07-14,588.39,True
33931,207391017,BUY,2026-07-21,584.47,True
33931,207391017,BUY,2026-07-28,584.15,True
33931,207391017,BUY,2026-08-04,577.2,True
33931,207391017,BUY,2026-08-11,569.77,True
33948,207391018,ABT,2026-06-02,145.4,True
33948,207391018,ABT,2026-06-09,132.22,True
33948,207391018,ABT,2026-06-16,134.52,True
33948,207391018,ABT,2026-06-23,137.85,True
33948,207391018,ABT,2026-06-30,138.73,True
33948,207391018,ABT,2026-07-07,138.92,True
33948,207391018,ABT,2026-07-14,137.07,True
33948,207391018,ABT,2026-07-21,136.09,True
33948,207391018,ABT,2026-07-28,135.07,True
33948,207391018,ABT,2026-08-04,135.56,True
33948,207391018,ABT,2026-08-11,137.97,True
33948,207391018,BUY,2026-06-02,150.63,True
33948,207391018,BUY,2026-06-09,150.48,True
33948,207391018,BUY,2026-06-16,152.95,True
33948,207391018,BUY,2026-06-23,152.83,True
33948,207391018,BUY,2026-06-30,154.46,True
33948,207391018,BUY,2026-07-07,153.75,True
33948,207391018,BUY,2026-07-14,150.85,True
33948,207391018,BUY,2026-07-21,150.49,True
33948,207391018,BUY,2026-07-28,148.46,True
33948,207391018,BUY,2026-08-04,148.65,True
33948,207391018,BUY,2026-08-11,152.76,True
33936,207391019,ABT,2026-06-23,163.15,True
33936,207391019,ABT,2026-06-30,166.3,True
33936,207391019,ABT,2026-07-07,170.61,True
33936,207391019,ABT,2026-07-14,168.72,True
33936,207391019,ABT,2026-07-21,169.5,True
33936,207391019,ABT,2026-07-28,171.12,True
33936,207391019,ABT,2026-08-04,168.66,True
33936,207391019,ABT,2026-08-11,167.26,True
33936,207391019,BUY,2026-06-23,163.45,True
33936,207391019,BUY,2026-06-30,165.8,True
33936,207391019,BUY,2026-07-07,178.9,True
33936,207391019,BUY,2026-07-14,180.36,True
33936,207391019,BUY,2026-07-21,175.26,True
33936,207391019,BUY,2026-07-28,172.55,True
33936,207391019,BUY,2026-08-04,169.51,True
33936,207391019,BUY,2026-08-11,172.56,True
33971,207391020,ABT,2026-06-02,319.21,True
33971,207391020,ABT,2026-06-09,320.86,True
33971,207391020,ABT,2026-06-16,322.11,True
33971,207391020,ABT,2026-06-23,287.89,True
33971,207391020,ABT,2026-06-30,291.62,True
33971,207391020,ABT,2026-07-07,284.18,True
33971,207391020,ABT,2026-07-14,283.16,True
33971,207391020,ABT,2026-07-21,255.39,True
33971,207391020,ABT,2026-07-28,258.12,True
33971,207391020,ABT,2026-08-04,257.21,True
33971,207391020,ABT,2026-08-11,262.21,True
33971,207391020,BUY,2026-06-02,316.89,True
33971,207391020,BUY,2026-06-09,324.75,True
33971,207391020,BUY,2026-06-16,320.74,True
33971,207391020,BUY,2026-06-23,312.61,True
33971,207391020,BUY,2026-06-30,309.82,True
33971,207391020,BUY,2026-07-07,303.07,True
33971,207391020,BUY,2026-07-14,300.32,True
33971,207391020,BUY,2026-07-21,294.4,True
33971,207391020,BUY,2026-07-28,301.46,True
33971,207391020,BUY,2026-08-04,289.34,True
33971,207391020,BUY,2026-08-11,284.26,True
33967,207391021,ABT,2026-06-23,353.77,True
33967,207391021,ABT,2026-06-30,331.19,True
33967,207391021,ABT,2026-07-07,342.65,True
33967,207391021,ABT,2026-07-14,377.64,True
33967,207391021,ABT,2026-07-21,373.33,True
33967,207391021,ABT,2026-07-28,343.88,True
33967,207391021,ABT,2026-08-04,347.27,True
33967,207391021,ABT,2026-08-11,344.71,True
33967,207391021,BUY,2026-06-23,347.58,True
33967,207391021,BUY,2026-06-30,345.43,True
33967,207391021,BUY,2026-07-07,395.97,True
33967,207391021,BUY,2026-07-14,401.39,True
33967,207391021,BUY,2026-07-21,398.67,True
33967,207391021,BUY,2026-07-28,396.46,True
33967,207391021,BUY,2026-08-04,396.31,True
33967,207391021,BUY,2026-08-11,451.73,True
33955,207391023,ABT,2026-06-16,922.5,True
33955,207391023,ABT,2026-06-23,936.42,True
33955,207391023,ABT,2026-06-30,902.09,True
33955,207391023,ABT,2026-07-07,797.92,True
33955,207391023,ABT,2026-07-14,797.79,True
33955,207391023,ABT,2026-07-21,784.25,True
33955,207391023,ABT,2026-07-28,778.32,True
33955,207391023,ABT,2026-08-04,781.13,True
33955,207391023,ABT,2026-08-11,771.32,True
33955,207391023,BUY,2026-06-16,924.41,True
33955,207391023,BUY,2026-06-23,859.68,True
33955,207391023,BUY,2026-06-30,847.31,True
33955,207391023,BUY,2026-07-07,837.82,True
33955,207391023,BUY,2026-07-14,826.32,True
33955,207391023,BUY,2026-07-21,803.39,True
33955,207391023,BUY,2026-07-28,866.21,True
33955,207391023,BUY,2026-08-04,858.66,True
33955,207391023,BUY,2026-08-11,876.07,True
33690,207391431,ABT,2026-05-26,154.97,True
33690,207391431,ABT,2026-06-02,156.23,True
33690,207391431,ABT,2026-06-09,157.76,True
33690,207391431,ABT,2026-06-16,159.74,True
33690,207391431,ABT,2026-06-23,142.43,True
33690,207391431,ABT,2026-06-30,140.8,True
33690,207391431,ABT,2026-07-07,137.44,True
33690,207391431,ABT,2026-07-14,134.29,True
33690,207391431,ABT,2026-07-21,131.42,True
33690,207391431,ABT,2026-07-28,133.56,True
33690,207391431,ABT,2026-08-04,131.87,True
33690,207391431,ABT,2026-08-11,130.8,True
33690,207391431,BUY,2026-05-26,161.91,True
33690,207391431,BUY,2026-06-02,167.96,True
33690,207391431,BUY,2026-06-09,170.32,True
33690,207391431,BUY,2026-06-16,176.63,True
33690,207391431,BUY,2026-06-23,180.31,True
33690,207391431,BUY,2026-06-30,178.34,True
33690,207391431,BUY,2026-07-07,181.05,True
33690,207391431,BUY,2026-07-14,178.06,True
33690,207391431,BUY,2026-07-21,176.53,True
33690,207391431,BUY,2026-07-28,176.75,True
33690,207391431,BUY,2026-08-04,178.76,True
33690,207391431,BUY,2026-08-11,182.76,True
38096,207391434,ABT,2026-05-26,336.36,True
38096,207391434,ABT,2026-06-02,339.75,True
38096,207391434,ABT,2026-06-09,338.09,True
38096,207391434,ABT,2026-06-16,336.01,True
38096,207391434,ABT,2026-06-23,345.31,True
38096,207391434,ABT,2026-06-30,348.32,True
38096,207391434,ABT,2026-07-07,354.33,True
38096,207391434,ABT,2026-07-14,349.98,True
38096,207391434,ABT,2026-07-21,348.04,True
38096,207391434,ABT,2026-07-28,345.84,True
38096,207391434,ABT,2026-08-04,348.05,True
38096,207391434,ABT,2026-08-11,353.25,True
38096,207391434,BUY,2026-05-26,340.3,True
38096,207391434,BUY,2026-06-02,341.19,True
38096,207391434,BUY,2026-06-09,343.11,True
38096,207391434,BUY,2026-06-16,343.98,True
38096,207391434,BUY,2026-06-23,364.56,True
38096,207391434,BUY,2026-06-30,340.81,True
38096,207391434,BUY,2026-07-07,319.27,True
38096,207391434,BUY,2026-07-14,284.85,True
38096,207391434,BUY,2026-07-21,248.81,True
38096,207391434,BUY,2026-07-28,218.7,True
38096,207391434,BUY,2026-08-04,219.28,True
38096,207391434,BUY,2026-08-11,217.7,True
33437,207464919,ABT,2026-05-26,79.48,True
33437,207464919,ABT,2026-06-02,80.02,True
33437,207464919,ABT,2026-06-09,69.31,True
33437,207464919,ABT,2026-06-16,60.88,True
33437,207464919,ABT,2026-06-23,55.19,True
33437,207464919,ABT,2026-06-30,54.76,True
33437,207464919,ABT,2026-07-07,53.5,True
33437,207464919,ABT,2026-07-14,54.7,True
33437,207464919,ABT,2026-07-21,53.59,True
33437,207464919,ABT,2026-07-28,47.78,True
33437,207464919,ABT,2026-08-04,48.26,True
33437,207464919,ABT,2026-08-11,48.79,True
33437,207464919,BUY,2026-05-26,79.38,True
33437,207464919,BUY,2026-06-02,80.95,True
33437,207464919,BUY,2026-06-09,79.67,True
33437,207464919,BUY,2026-06-16,80.3,True
33437,207464919,BUY,2026-06-23,79.84,True
33437,207464919,BUY,2026-06-30,79.48,True
33437,207464919,BUY,2026-07-07,78.61,True
33437,207464919,BUY,2026-07-14,78.58,True
33437,207464919,BUY,2026-07-21,79.19,True
33437,207464919,BUY,2026-07-28,80.91,True
33437,207464919,BUY,2026-08-04,80.78,True
33437,207464919,BUY,2026-08-11,80.35,True
33439,207464920,ABT,2026-06-16,78.66,True
33439,207464920,ABT,2026-06-23,79.12,True
33439,207464920,ABT,2026-06-30,80.41,True
33439,207464920,ABT,2026-07-07,81.17,True
33439,207464920,ABT,2026-07-14,75.22,True
33439,207464920,ABT,2026-07-21,74.72,True
33439,207464920,ABT,2026-07-28,74.8,True
33439,207464920,ABT,2026-08-04,73.98,True
33439,207464920,ABT,2026-08-11,73.93,True
33439,207464920,BUY,2026-06-16,79.7,True
33439,207464920,BUY,2026-06-23,78.82,True
33439,207464920,BUY,2026-06-30,79.84,True
33439,207464920,BUY,2026-07-07,80.47,True
33439,207464920,BUY,2026-07-14,80.95,True
33439,207464920,BUY,2026-07-21,82.8,True
33439,207464920,BUY,2026-07-28,77.45,True
33439,207464920,BUY,2026-08-04,78.82,True
33439,207464920,BUY,2026-08-11,78.25,True
33440,207464921,ABT,2026-05-26,52.17,True
33440,207464921,ABT,2026-06-02,52.64,True
33440,207464921,ABT,2026-06-09,52.43,True
33440,207464921,ABT,2026-06-16,52.81,True
33440,207464921,ABT,2026-06-23,52.82,True
33440,207464921,ABT,2026-06-30,53.01,True
33440,207464921,ABT,2026-07-07,47.25,True
33440,207464921,ABT,2026-07-14,45.35,True
33440,207464921,ABT,2026-07-21,45.57,True
33440,207464921,ABT,2026-07-28,40.02,True
33440,207464921,ABT,2026-08-04,39.5,True
33440,207464921,ABT,2026-08-11,38.5,True
33440,207464921,BUY,2026-05-26,51.32,True
33440,207464921,BUY,2026-06-02,50.89,True
33440,207464921,BUY,2026-06-09,51.61,True
33440,207464921,BUY,2026-06-16,51.4,True
33440,207464921,BUY,2026-06-23,51.22,True
33440,207464921,BUY,2026-06-30,51.63,True
33440,207464921,BUY,2026-07-07,52.66,True
33440,207464921,BUY,2026-07-14,51.77,True
33440,207464921,BUY,2026-07-21,51.25,True
33440,207464921,BUY,2026-07-28,49.96,True
33440,207464921,BUY,2026-08-04,50.25,True
33440,207464921,BUY,2026-08-11,51.71,True
35987,207464939,ABT,2026-05-26,140.9,True
35987,207464939,ABT,2026-06-02,128.87,True
35987,207464939,ABT,2026-06-09,128.62,True
35987,207464939,ABT,2026-06-16,115.67,True
35987,207464939,ABT,2026-06-23,113.82,True
35987,207464939,ABT,2026-06-30,112.08,True
35987,207464939,ABT,2026-07-07,111.19,True
35987,207464939,ABT,2026-07-14,112.26,True
35987,207464939,ABT,2026-07-21,111.82,True
35987,207464939,ABT,2026-07-28,112.45,True
35987,207464939,ABT,2026-08-04,114.79,True
35987,207464939,ABT,2026-08-11,113.17,True
35987,207464939,BUY,2026-05-26,128.57,True
35987,207464939,BUY,2026-06-02,130.54,True
35987,207464939,BUY,2026-06-09,133.02,True
35987,207464939,BUY,2026-06-16,148.86,True
35987,207464939,BUY,2026-06-23,148.77,True
35987,207464939,BUY,2026-06-30,149.99,True
35987,207464939,BUY,2026-07-07,150.71,True
35987,207464939,BUY,2026-07-14,152.56,True
35987,207464939,BUY,2026-07-21,153.41,True
35987,207464939,BUY,2026-07-28,153.67,True
35987,207464939,BUY,2026-08-04,152.87,True
35987,207464939,BUY,2026-08-11,153.99,True
34153,207465587,ABT,2026-06-16,1535.72,True
34153,207465587,ABT,2026-06-23,1567.51,True
34153,207465587,ABT,2026-06-30,1570.1,True
34153,207465587,ABT,2026-07-07,1586.0,True
34153,207465587,ABT,2026-07-14,1571.71,True
34153,207465587,ABT,2026-07-21,1560.71,True
34153,207465587,ABT,2026-07-28,1558.87,True
34153,207465587,ABT,2026-08-04,1567.14,True
34153,207465587,ABT,2026-08-11,1563.12,True
34153,207465587,BUY,2026-06-16,1618.32,True
34153,207465587,BUY,2026-06-23,1596.45,True
34153,207465587,BUY,2026-06-30,1596.34,True
34153,207465587,BUY,2026-07-07,1587.84,True
34153,207465587,BUY,2026-07-14,1593.26,True
34153,207465587,BUY,2026-07-21,1622.65,True
34153,207465587,BUY,2026-07-28,1811.87,True
34153,207465587,BUY,2026-08-04,1757.56,True
34153,207465587,BUY,2026-08-11,1746.15,True
37915,207465595,ABT,2026-06-16,139.19,True
37915,207465595,ABT,2026-06-23,136.57,True
37915,207465595,ABT,2026-06-30,139.2,True
37915,207465595,ABT,2026-07-07,136.95,True
37915,207465595,ABT,2026-07-14,135.12,True
37915,207465595,ABT,2026-07-21,136.54,True
37915,207465595,ABT,2026-07-28,135.8,True
37915,207465595,ABT,2026-08-04,136.01,True
37915,207465595,ABT,2026-08-11,136.93,True
37915,207465595,BUY,2026-06-16,120.68,True
37915,207465595,BUY,2026-06-23,123.72,True
37915,207465595,BUY,2026-06-30,123.85,True
37915,207465595,BUY,2026-07-07,122.61,True
37915,207465595,BUY,2026-07-14,126.37,True
37915,207465595,BUY,2026-07-21,129.49,True
37915,207465595,BUY,2026-07-28,131.71,True
37915,207465595,BUY,2026-08-04,133.61,True
37915,207465595,BUY,2026-08-11,135.79,True
33490,207502093,ABT,2026-06-09,21.93,True
33490,207502093,ABT,2026-06-16,21.58,True
33490,207502093,ABT,2026-06-23,21.55,True
33490,207502093,ABT,2026-06-30,20.26,True
33490,207502093,ABT,2026-07-07,19.8,True
33490,207502093,ABT,2026-07-14,19.18,True
33490,207502093,ABT,2026-07-21,19.03,True
33490,207502093,ABT,2026-07-28,19.03,True
33490,207502093,ABT,2026-08-04,19.08,True
33490,207502093,ABT,2026-08-11,19.03,True
33490,207502093,BUY,2026-06-09,21.92,True
33490,207502093,BUY,2026-06-16,21.64,True
33490,207502093,BUY,2026-06-23,21.65,True
33490,207502093,BUY,2026-06-30,22.07,True
33490,207502093,BUY,2026-07-07,22.17,True
33490,207502093,BUY,2026-07-14,22.28,True
33490,207502093,BUY,2026-07-21,22.3,True
33490,207502093,BUY,2026-07-28,21.77,True
33490,207502093,BUY,2026-08-04,21.93,True
33490,207502093,BUY,2026-08-11,22.86,True
33612,207506250,ABT,2026-05-26,544.86,True
33612,207506250,ABT,2026-06-02,548.88,True
33612,207506250,ABT,2026-06-09,540.8,True
33612,207506250,ABT,2026-06-16,542.84,True
33612,207506250,ABT,2026-06-23,531.26,True
33612,207506250,ABT,2026-06-30,532.81,True
33612,207506250,ABT,2026-07-07,536.69,True
33612,207506250,ABT,2026-07-14,537.26,True
33612,207506250,ABT,2026-07-21,533.09,True
33612,207506250,ABT,2026-07-28,533.81,True
33612,207506250,ABT,2026-08-04,539.63,True
33612,207506250,ABT,2026-08-11,548.42,True
33612,207506250,BUY,2026-05-26,510.68,True
33612,207506250,BUY,2026-06-02,511.44,True
33612,207506250,BUY,2026-06-09,511.1,True
33612,207506250,BUY,2026-06-16,510.73,True
33612,207506250,BUY,2026-06-23,519.35,True
33612,207506250,BUY,2026-06-30,514.25,True
33612,207506250,BUY,2026-07-07,517.09,True
33612,207506250,BUY,2026-07-14,486.97,True
33612,207506250,BUY,2026-07-21,479.9,True
33612,207506250,BUY,2026-07-28,485.49,True
33612,207506250,BUY,2026-08-04,483.04,True
33612,207506250,BUY,2026-08-11,486.77,True
35431,207506251,ABT,2026-05-26,11.93,True
35431,207506251,ABT,2026-06-02,11.86,True
35431,207506251,ABT,2026-06-09,11.71,True
35431,207506251,ABT,2026-06-16,11.94,True
35431,207506251,ABT,2026-06-23,11.59,True
35431,207506251,ABT,2026-06-30,11.31,True
35431,207506251,ABT,2026-07-07,11.27,True
35431,207506251,ABT,2026-07-14,10.88,True
35431,207506251,ABT,2026-07-21,10.81,True
35431,207506251,ABT,2026-07-28,11.15,True
35431,207506251,ABT,2026-08-04,11.17,True
35431,207506251,ABT,2026-08-11,11.28,True
35431,207506251,BUY,2026-05-26,12.04,True
35431,207506251,BUY,2026-06-02,11.9,True
35431,207506251,BUY,2026-06-09,11.89,True
35431,207506251,BUY,2026-06-16,11.87,True
35431,207506251,BUY,2026-06-23,11.73,True
35431,207506251,BUY,2026-06-30,11.65,True
35431,207506251,BUY,2026-07-07,11.9,True
35431,207506251,BUY,2026-07-14,11.7,True
35431,207506251,BUY,2026-07-21,11.62,True
35431,207506251,BUY,2026-07-28,11.61,True
35431,207506251,BUY,2026-08-04,10.12,True
35431,207506251,BUY,2026-08-11,9.86,True
33625,207506253,ABT,2026-06-02,816.71,True
33625,207506253,ABT,2026-06-09,822.25,True
33625,207506253,ABT,2026-06-16,950.93,True
33625,207506253,ABT,2026-06-23,949.43,True
33625,207506253,ABT,2026-06-30,948.53,True
33625,207506253,ABT,2026-07-07,911.44,True
33625,207506253,ABT,2026-07-14,937.0,True
33625,207506253,ABT,2026-07-21,912.93,True
33625,207506253,ABT,2026-07-28,922.36,True
33625,207506253,ABT,2026-08-04,893.64,True
33625,207506253,ABT,2026-08-11,980.07,True
33625,207506253,BUY,2026-06-02,789.54,True
33625,207506253,BUY,2026-06-09,768.85,True
33625,207506253,BUY,2026-06-16,778.96,True
33625,207506253,BUY,2026-06-23,783.48,True
33625,207506253,BUY,2026-06-30,770.83,True
33625,207506253,BUY,2026-07-07,857.02,True
33625,207506253,BUY,2026-07-14,743.18,True
33625,207506253,BUY,2026-07-21,747.13,True
33625,207506253,BUY,2026-07-28,748.34,True
33625,207506253,BUY,2026-08-04,759.72,True
33625,207506253,BUY,2026-08-11,759.44,True
32314,207509842,ABT,2026-06-23,51.94,True
32314,207509842,ABT,2026-06-30,44.8,True
32314,207509842,ABT,2026-07-07,43.07,True
32314,207509842,ABT,2026-07-14,36.53,True
32314,207509842,ABT,2026-07-21,36.85,True
32314,207509842,ABT,2026-07-28,36.23,True
32314,207509842,ABT,2026-08-04,36.41,True
32314,207509842,ABT,2026-08-11,35.89,True
32314,207509842,BUY,2026-06-23,55.75,True
32314,207509842,BUY,2026-06-30,55.49,True
32314,207509842,BUY,2026-07-07,62.54,True
32314,207509842,BUY,2026-07-14,61.76,True
32314,207509842,BUY,2026-07-21,62.75,True
32314,207509842,BUY,2026-07-28,61.85,True
32314,207509842,BUY,2026-08-04,60.83,True
32314,207509842,BUY,2026-08-11,62.34,True
35623,207514417,ABT,2026-06-23,31.59,True
35623,207514417,ABT,2026-06-30,30.27,True
35623,207514417,ABT,2026-07-07,30.45,True
35623,207514417,ABT,2026-07-14,32.87,True
35623,207514417,ABT,2026-07-21,32.6,True
35623,207514417,ABT,2026-07-28,32.64,True
35623,207514417,ABT,2026-08-04,32.58,True
35623,207514417,ABT,2026-08-11,33.08,True
35623,207514417,BUY,2026-06-23,34.04,True
35623,207514417,BUY,2026-06-30,33.81,True
35623,207514417,BUY,2026-07-07,34.02,True
35623,207514417,BUY,2026-07-14,34.13,True
35623,207514417,BUY,2026-07-21,34.63,True
35623,207514417,BUY,2026-07-28,34.48,True
35623,207514417,BUY,2026-08-04,33.58,True
35623,207514417,BUY,2026-08-11,33.56,True
34282,207514566,ABT,2026-06-16,1610.59,True
34282,207514566,ABT,2026-06-23,1593.85,True
34282,207514566,ABT,2026-06-30,1568.01,True
34282,207514566,ABT,2026-07-07,1601.85,True
34282,207514566,ABT,2026-07-14,1571.71,True
34282,207514566,ABT,2026-07-21,1577.67,True
34282,207514566,ABT,2026-07-28,1587.71,True
34282,207514566,ABT,2026-08-04,1583.87,True
34282,207514566,ABT,2026-08-11,1557.31,True
34282,207514566,BUY,2026-06-16,1614.22,True
34282,207514566,BUY,2026-06-23,1612.78,True
34282,207514566,BUY,2026-06-30,1591.69,True
34282,207514566,BUY,2026-07-07,1603.95,True
34282,207514566,BUY,2026-07-14,1596.84,True
34282,207514566,BUY,2026-07-21,1415.43,True
34282,207514566,BUY,2026-07-28,1291.56,True
34282,207514566,BUY,2026-08-04,1308.78,True
34282,207514566,BUY,2026-08-11,1287.99,True
31813,207533462,ABT,2026-06-23,41.9,True
31813,207533462,ABT,2026-06-30,48.17,True
31813,207533462,ABT,2026-07-07,48.72,True
31813,207533462,ABT,2026-07-14,45.21,True
31813,207533462,ABT,2026-07-21,45.02,True
31813,207533462,ABT,2026-07-28,46.18,True
31813,207533462,ABT,2026-08-04,45.0,True
31813,207533462,ABT,2026-08-11,44.92,True
31813,207533462,BUY,2026-06-23,42.33,True
31813,207533462,BUY,2026-06-30,43.58,True
31813,207533462,BUY,2026-07-07,43.44,True
31813,207533462,BUY,2026-07-14,43.77,True
31813,207533462,BUY,2026-07-21,44.49,True
31813,207533462,BUY,2026-07-28,44.04,True
31813,207533462,BUY,2026-08-04,44.64,True
31813,207533462,BUY,2026-08-11,43.12,True
34728,207534895,ABT,2026-06-23,112.28,True
34728,207534895,ABT,2026-06-30,109.73,True
34728,207534895,ABT,2026-07-07,113.66,True
34728,207534895,ABT,2026-07-14,129.91,True
34728,207534895,ABT,2026-07-21,132.38,True
34728,207534895,ABT,2026-07-28,132.3,True
34728,207534895,ABT,2026-08-04,131.79,True
34728,207534895,ABT,2026-08-11,130.03,True
34728,207534895,BUY,2026-06-23,109.32,True
34728,207534895,BUY,2026-06-30,110.15,True
34728,207534895,BUY,2026-07-07,110.9,True
34728,207534895,BUY,2026-07-14,112.24,True
34728,207534895,BUY,2026-07-21,128.81,True
34728,207534895,BUY,2026-07-28,129.93,True
34728,207534895,BUY,2026-08-04,128.72,True
34728,207534895,BUY,2026-08-11,126.98,True
35662,207535170,ABT,2026-06-02,1077.09,True
35662,207535170,ABT,2026-06-09,1095.31,True
35662,207535170,ABT,2026-06-16,1109.39,True
35662,207535170,ABT,2026-06-23,1112.14,True
35662,207535170,ABT,2026-06-30,1127.03,True
35662,207535170,ABT,2026-07-07,1154.49,True
35662,207535170,ABT,2026-07-14,1294.62,True
35662,207535170,ABT,2026-07-21,1291.7,True
35662,207535170,ABT,2026-07-28,1291.02,True
35662,207535170,ABT,2026-08-04,1307.79,True
35662,207535170,ABT,2026-08-11,1322.04,True
35662,207535170,BUY,2026-06-02,998.22,True
35662,207535170,BUY,2026-06-09,1002.97,True
35662,207535170,BUY,2026-06-16,993.15,True
35662,207535170,BUY,2026-06-23,970.33,True
35662,207535170,BUY,2026-06-30,959.45,True
35662,207535170,BUY,2026-07-07,958.67,True
35662,207535170,BUY,2026-07-14,943.64,True
35662,207535170,BUY,2026-07-21,974.22,True
35662,207535170,BUY,2026-07-28,992.41,True
35662,207535170,BUY,2026-08-04,1002.42,True
35662,207535170,BUY,2026-08-11,1007.44,True
38957,207535265,ABT,2026-06-09,15.49,True
38957,207535265,ABT,2026-06-16,15.27,True
38957,207535265,ABT,2026-06-23,15.42,True
38957,207535265,ABT,2026-06-30,15.3,True
38957,207535265,ABT,2026-07-07,15.65,True
38957,207535265,ABT,2026-07-14,13.94,True
38957,207535265,ABT,2026-07-21,13.83,True
38957,207535265,ABT,2026-07-28,14.13,True
38957,207535265,ABT,2026-08-04,13.95,True
38957,207535265,ABT,2026-08-11,14.04,True
38957,207535265,BUY,2026-06-09,18.0,True
38957,207535265,BUY,2026-06-16,17.36,True
38957,207535265,BUY,2026-06-23,17.82,True
38957,207535265,BUY,2026-06-30,17.76,True
38957,207535265,BUY,2026-07-07,17.41,True
38957,207535265,BUY,2026-07-14,17.47,True
38957,207535265,BUY,2026-07-21,17.74,True
38957,207535265,BUY,2026-07-28,17.39,True
38957,207535265,BUY,2026-08-04,17.08,True
38957,207535265,BUY,2026-08-11,16.43,True
35218,207536225,ABT,2026-06-23,221.18,True
35218,207536225,ABT,2026-06-30,218.62,True
35218,207536225,ABT,2026-07-07,219.61,True
35218,207536225,ABT,2026-07-14,224.51,True
35218,207536225,ABT,2026-07-21,228.56,True
35218,207536225,ABT,2026-07-28,219.55,True
35218,207536225,ABT,2026-08-04,218.96,True
35218,207536225,ABT,2026-08-11,218.09,True
35218,207536225,BUY,2026-06-23,207.51,True
35218,207536225,BUY,2026-06-30,205.1,True
35218,207536225,BUY,2026-07-07,210.81,True
35218,207536225,BUY,2026-07-14,209.31,True
35218,207536225,BUY,2026-07-21,203.97,True
35218,207536225,BUY,2026-07-28,207.76,True
35218,207536225,BUY,2026-08-04,219.87,True
35218,207536225,BUY,2026-08-11,218.69,True
35663,207536226,ABT,2026-06-23,169.69,True
35663,207536226,ABT,2026-06-30,166.04,True
35663,207536226,ABT,2026-07-07,163.71,True
35663,207536226,ABT,2026-07-14,191.86,True
35663,207536226,ABT,2026-07-21,189.42,True
35663,207536226,ABT,2026-07-28,185.25,True
35663,207536226,ABT,2026-08-04,185.68,True
35663,207536226,ABT,2026-08-11,170.83,True
35663,207536226,BUY,2026-06-23,155.24,True
35663,207536226,BUY,2026-06-30,145.59,True
35663,207536226,BUY,2026-07-07,148.28,True
35663,207536226,BUY,2026-07-14,147.47,True
35663,207536226,BUY,2026-07-21,146.3,True
35663,207536226,BUY,2026-07-28,142.6,True
35663,207536226,BUY,2026-08-04,143.09,True
35663,207536226,BUY,2026-08-11,141.27,True
33784,207538225,ABT,2026-06-23,34.51,True
33784,207538225,ABT,2026-06-30,29.77,True
33784,207538225,ABT,2026-07-07,22.71,True
33784,207538225,ABT,2026-07-14,19.8,True
33784,207538225,ABT,2026-07-21,19.67,True
33784,207538225,ABT,2026-07-28,20.35,True
33784,207538225,ABT,2026-08-04,20.42,True
33784,207538225,ABT,2026-08-11,19.28,True
33784,207538225,BUY,2026-06-23,38.58,True
33784,207538225,BUY,2026-06-30,38.02,True
33784,207538225,BUY,2026-07-07,38.1,True
33784,207538225,BUY,2026-07-14,39.33,True
33784,207538225,BUY,2026-07-21,39.73,True
33784,207538225,BUY,2026-07-28,35.34,True
33784,207538225,BUY,2026-08-04,36.12,True
33784,207538225,BUY,2026-08-11,37.13,True
35981,207539418,ABT,2026-06-09,120.98,True
35981,207539418,ABT,2026-06-16,121.61,True
35981,207539418,ABT,2026-06-23,122.37,True
35981,207539418,ABT,2026-06-30,123.43,True
35981,207539418,ABT,2026-07-07,125.35,True
35981,207539418,ABT,2026-07-14,126.18,True
35981,207539418,ABT,2026-07-21,126.86,True
35981,207539418,ABT,2026-07-28,128.27,True
35981,207539418,ABT,2026-08-04,129.45,True
35981,207539418,ABT,2026-08-11,130.93,True
35981,207539418,BUY,2026-06-09,114.46,True
35981,207539418,BUY,2026-06-16,127.9,True
35981,207539418,BUY,2026-06-23,128.89,True
35981,207539418,BUY,2026-06-30,131.48,True
35981,207539418,BUY,2026-07-07,132.5,True
35981,207539418,BUY,2026-07-14,117.1,True
35981,207539418,BUY,2026-07-21,115.23,True
35981,207539418,BUY,2026-07-28,118.08,True
35981,207539418,BUY,2026-08-04,116.76,True
35981,207539418,BUY,2026-08-11,116.11,True
32560,207540310,ABT,2026-06-23,189.88,True
32560,207540310,ABT,2026-06-30,176.28,True
32560,207540310,ABT,2026-07-07,147.94,True
32560,207540310,ABT,2026-07-14,138.58,True
32560,207540310,ABT,2026-07-21,124.48,True
32560,207540310,ABT,2026-07-28,125.64,True
32560,207540310,ABT,2026-08-04,124.35,True
32560,207540310,ABT,2026-08-11,121.61,True
32560,207540310,BUY,2026-06-23,200.82,True
32560,207540310,BUY,2026-06-30,189.2,True
32560,207540310,BUY,2026-07-07,189.8,True
32560,207540310,BUY,2026-07-14,190.62,True
32560,207540310,BUY,2026-07-21,189.93,True
32560,207540310,BUY,2026-07-28,190.02,True
32560,207540310,BUY,2026-08-04,192.21,True
32560,207540310,BUY,2026-08-11,198.66,True
33562,207542597,ABT,2026-06-09,212.68,True
33562,207542597,ABT,2026-06-16,208.81,True
33562,207542597,ABT,2026-06-23,211.65,True
33562,207542597,ABT,2026-06-30,211.07,True
33562,207542597,ABT,2026-07-07,210.81,True
33562,207542597,ABT,2026-07-14,212.34,True
33562,207542597,ABT,2026-07-21,211.81,True
33562,207542597,ABT,2026-07-28,206.82,True
33562,207542597,ABT,2026-08-04,206.27,True
33562,207542597,ABT,2026-08-11,198.78,True
33562,207542597,BUY,2026-06-09,214.18,True
33562,207542597,BUY,2026-06-16,215.05,True
33562,207542597,BUY,2026-06-23,214.03,True
33562,207542597,BUY,2026-06-30,210.53,True
33562,207542597,BUY,2026-07-07,183.88,True
33562,207542597,BUY,2026-07-14,166.95,True
33562,207542597,BUY,2026-07-21,145.56,True
33562,207542597,BUY,2026-07-28,129.63,True
33562,207542597,BUY,2026-08-04,126.99,True
33562,207542597,BUY,2026-08-11,125.65,True
33175,207542598,ABT,2026-05-26,107.03,True
33175,207542598,ABT,2026-06-02,105.92,True
33175,207542598,ABT,2026-06-09,103.99,True
33175,207542598,ABT,2026-06-16,105.46,True
33175,207542598,ABT,2026-06-23,102.8,True
33175,207542598,ABT,2026-06-30,103.36,True
33175,207542598,ABT,2026-07-07,104.7,True
33175,207542598,ABT,2026-07-14,101.54,True
33175,207542598,ABT,2026-07-21,100.99,True
33175,207542598,ABT,2026-07-28,101.78,True
33175,207542598,ABT,2026-08-04,100.44,True
33175,207542598,ABT,2026-08-11,99.83,True
33175,207542598,BUY,2026-05-26,105.83,True
33175,207542598,BUY,2026-06-02,107.59,True
33175,207542598,BUY,2026-06-09,106.8,True
33175,207542598,BUY,2026-06-16,106.03,True
33175,207542598,BUY,2026-06-23,109.29,True
33175,207542598,BUY,2026-06-30,113.36,True
33175,207542598,BUY,2026-07-07,113.28,True
33175,207542598,BUY,2026-07-14,115.91,True
33175,207542598,BUY,2026-07-21,119.51,True
33175,207542598,BUY,2026-07-28,119.7,True
33175,207542598,BUY,2026-08-04,119.65,True
33175,207542598,BUY,2026-08-11,118.02,True
33467,207542599,ABT,2026-05-26,100.48,True
33467,207542599,ABT,2026-06-02,102.12,True
33467,207542599,ABT,2026-06-09,103.72,True
33467,207542599,ABT,2026-06-16,95.18,True
33467,207542599,ABT,2026-06-23,93.94,True
33467,207542599,ABT,2026-06-30,92.57,True
33467,207542599,ABT,2026-07-07,91.7,True
33467,207542599,ABT,2026-07-14,91.26,True
33467,207542599,ABT,2026-07-21,91.4,True
33467,207542599,ABT,2026-07-28,92.92,True
33467,207542599,ABT,2026-08-04,94.16,True
33467,207542599,ABT,2026-08-11,94.8,True
33467,207542599,BUY,2026-05-26,99.73,True
33467,207542599,BUY,2026-06-02,98.7,True
33467,207542599,BUY,2026-06-09,94.85,True
33467,207542599,BUY,2026-06-16,94.95,True
33467,207542599,BUY,2026-06-23,95.12,True
33467,207542599,BUY,2026-06-30,94.91,True
33467,207542599,BUY,2026-07-07,89.22,True
33467,207542599,BUY,2026-07-14,89.47,True
33467,207542599,BUY,2026-07-21,88.7,True
33467,207542599,BUY,2026-07-28,86.85,True
33467,207542599,BUY,2026-08-04,84.81,True
33467,207542599,BUY,2026-08-11,85.95,True
34719,207543188,ABT,2026-06-02,44.45,True
34719,207543188,ABT,2026-06-09,44.43,True
34719,207543188,ABT,2026-06-16,44.71,True
34719,207543188,ABT,2026-06-23,45.02,True
34719,207543188,ABT,2026-06-30,45.3,True
34719,207543188,ABT,2026-07-07,46.24,True
34719,207543188,ABT,2026-07-14,46.42,True
34719,207543188,ABT,2026-07-21,47.65,True
34719,207543188,ABT,2026-07-28,49.01,True
34719,207543188,ABT,2026-08-04,49.37,True
34719,207543188,ABT,2026-08-11,50.82,True
34719,207543188,BUY,2026-06-02,44.39,True
34719,207543188,BUY,2026-06-09,44.42,True
34719,207543188,BUY,2026-06-16,44.1,True
34719,207543188,BUY,2026-06-23,46.71,True
34719,207543188,BUY,2026-06-30,46.52,True
34719,207543188,BUY,2026-07-07,46.69,True
34719,207543188,BUY,2026-07-14,47.28,True
34719,207543188,BUY,2026-07-21,46.46,True
34719,207543188,BUY,2026-07-28,40.3,True
34719,207543188,BUY,2026-08-04,40.47,True
34719,207543188,BUY,2026-08-11,40.68,True
34751,207543189,ABT,2026-06-23,86.61,True
34751,207543189,ABT,2026-06-30,80.61,True
34751,207543189,ABT,2026-07-07,79.0,True
34751,207543189,ABT,2026-07-14,83.58,True
34751,207543189,ABT,2026-07-21,85.58,True
34751,207543189,ABT,2026-07-28,85.4,True
34751,207543189,ABT,2026-08-04,86.86,True
34751,207543189,ABT,2026-08-11,86.58,True
34751,207543189,BUY,2026-06-23,85.97,True
34751,207543189,BUY,2026-06-30,84.3,True
34751,207543189,BUY,2026-07-07,85.61,True
34751,207543189,BUY,2026-07-14,85.14,True
34751,207543189,BUY,2026-07-21,85.19,True
34751,207543189,BUY,2026-07-28,85.6,True
34751,207543189,BUY,2026-08-04,85.35,True
34751,207543189,BUY,2026-08-11,84.22,True
34609,207543190,ABT,2026-06-02,116.96,True
34609,207543190,ABT,2026-06-09,119.36,True
34609,207543190,ABT,2026-06-16,119.38,True
34609,207543190,ABT,2026-06-23,119.0,True
34609,207543190,ABT,2026-06-30,117.61,True
34609,207543190,ABT,2026-07-07,106.68,True
34609,207543190,ABT,2026-07-14,99.04,True
34609,207543190,ABT,2026-07-21,94.62,True
34609,207543190,ABT,2026-07-28,94.28,True
34609,207543190,ABT,2026-08-04,94.42,True
34609,207543190,ABT,2026-08-11,96.47,True
34609,207543190,BUY,2026-06-02,114.84,True
34609,207543190,BUY,2026-06-09,112.48,True
34609,207543190,BUY,2026-06-16,113.13,True
34609,207543190,BUY,2026-06-23,98.79,True
34609,207543190,BUY,2026-06-30,87.67,True
34609,207543190,BUY,2026-07-07,83.14,True
34609,207543190,BUY,2026-07-14,91.65,True
34609,207543190,BUY,2026-07-21,93.81,True
34609,207543190,BUY,2026-07-28,94.06,True
34609,207543190,BUY,2026-08-04,94.64,True
34609,207543190,BUY,2026-08-11,94.26,True
34610,207543191,ABT,2026-06-09,102.2,True
34610,207543191,ABT,2026-06-16,102.06,True
34610,207543191,ABT,2026-06-23,92.36,True
34610,207543191,ABT,2026-06-30,94.25,True
34610,207543191,ABT,2026-07-07,89.15,True
34610,207543191,ABT,2026-07-14,88.65,True
34610,207543191,ABT,2026-07-21,86.31,True
34610,207543191,ABT,2026-07-28,84.11,True
34610,207543191,ABT,2026-08-04,84.11,True
34610,207543191,ABT,2026-08-11,85.06,True
34610,207543191,BUY,2026-06-09,104.95,True
34610,207543191,BUY,2026-06-16,103.88,True
34610,207543191,BUY,2026-06-23,105.64,True
34610,207543191,BUY,2026-06-30,105.73,True
34610,207543191,BUY,2026-07-07,105.56,True
34610,207543191,BUY,2026-07-14,105.61,True
34610,207543191,BUY,2026-07-21,93.79,True
34610,207543191,BUY,2026-07-28,84.37,True
34610,207543191,BUY,2026-08-04,74.66,True
34610,207543191,BUY,2026-08-11,66.0,True
34300,207543192,ABT,2026-06-23,13.71,True
34300,207543192,ABT,2026-06-30,13.6,True
34300,207543192,ABT,2026-07-07,13.66,True
34300,207543192,ABT,2026-07-14,13.72,True
34300,207543192,ABT,2026-07-21,13.87,True
34300,207543192,ABT,2026-07-28,13.63,True
34300,207543192,ABT,2026-08-04,13.18,True
34300,207543192,ABT,2026-08-11,13.17,True
34300,207543192,BUY,2026-06-23,11.88,True
34300,207543192,BUY,2026-06-30,12.21,True
34300,207543192,BUY,2026-07-07,11.47,True
34300,207543192,BUY,2026-07-14,11.45,True
34300,207543192,BUY,2026-07-21,11.23,True
34300,207543192,BUY,2026-07-28,11.22,True
34300,207543192,BUY,2026-08-04,11.25,True
34300,207543192,BUY,2026-08-11,11.04,True
34298,207543193,ABT,2026-06-23,100.79,True
34298,207543193,ABT,2026-06-30,96.37,True
34298,207543193,ABT,2026-07-07,90.28,True
34298,207543193,ABT,2026-07-14,86.33,True
34298,207543193,ABT,2026-07-21,77.61,True
34298,207543193,ABT,2026-07-28,76.95,True
34298,207543193,ABT,2026-08-04,76.04,True
34298,207543193,ABT,2026-08-11,75.26,True
34298,207543193,BUY,2026-06-23,98.27,True
34298,207543193,BUY,2026-06-30,98.41,True
34298,207543193,BUY,2026-07-07,97.56,True
34298,207543193,BUY,2026-07-14,97.99,True
34298,207543193,BUY,2026-07-21,98.46,True
34298,207543193,BUY,2026-07-28,95.86,True
34298,207543193,BUY,2026-08-04,95.75,True
34298,207543193,BUY,2026-08-11,95.95,True
35306,207543196,ABT,2026-06-02,220.53,True
35306,207543196,ABT,2026-06-09,215.66,True
35306,207543196,ABT,2026-06-16,214.71,True
35306,207543196,ABT,2026-06-23,216.79,True
35306,207543196,ABT,2026-06-30,216.44,True
35306,207543196,ABT,2026-07-07,224.56,True
35306,207543196,ABT,2026-07-14,221.98,True
35306,207543196,ABT,2026-07-21,224.83,True
35306,207543196,ABT,2026-07-28,228.17,True
35306,207543196,ABT,2026-08-04,229.09,True
35306,207543196,ABT,2026-08-11,201.21,True
35306,207543196,BUY,2026-06-02,215.47,True
35306,207543196,BUY,2026-06-09,219.02,True
35306,207543196,BUY,2026-06-16,217.5,True
35306,207543196,BUY,2026-06-23,198.6,True
35306,207543196,BUY,2026-06-30,198.52,True
35306,207543196,BUY,2026-07-07,218.14,True
35306,207543196,BUY,2026-07-14,219.25,True
35306,207543196,BUY,2026-07-21,214.64,True
35306,207543196,BUY,2026-07-28,212.46,True
35306,207543196,BUY,2026-08-04,216.11,True
35306,207543196,BUY,2026-08-11,223.68,True
33788,207543197,ABT,2026-05-26,58.59,True
33788,207543197,ABT,2026-06-02,58.83,True
33788,207543197,ABT,2026-06-09,58.88,True
33788,207543197,ABT,2026-06-16,59.18,True
33788,207543197,ABT,2026-06-23,58.57,True
33788,207543197,ABT,2026-06-30,59.02,True
33788,207543197,ABT,2026-07-07,59.07,True
33788,207543197,ABT,2026-07-14,58.87,True
33788,207543197,ABT,2026-07-21,59.37,True
33788,207543197,ABT,2026-07-28,50.68,True
33788,207543197,ABT,2026-08-04,50.97,True
33788,207543197,ABT,2026-08-11,56.47,True
33788,207543197,BUY,2026-05-26,59.99,True
33788,207543197,BUY,2026-06-02,60.57,True
33788,207543197,BUY,2026-06-09,53.98,True
33788,207543197,BUY,2026-06-16,54.4,True
33788,207543197,BUY,2026-06-23,53.64,True
33788,207543197,BUY,2026-06-30,48.75,True
33788,207543197,BUY,2026-07-07,48.94,True
33788,207543197,BUY,2026-07-14,48.16,True
33788,207543197,BUY,2026-07-21,47.81,True
33788,207543197,BUY,2026-07-28,47.09,True
33788,207543197,BUY,2026-08-04,47.59,True
33788,207543197,BUY,2026-08-11,53.74,True
34754,207543198,ABT,2026-06-02,37.86,True
34754,207543198,ABT,2026-06-09,37.6,True
34754,207543198,ABT,2026-06-16,33.83,True
34754,207543198,ABT,2026-06-23,33.08,True
34754,207543198,ABT,2026-06-30,32.5,True
34754,207543198,ABT,2026-07-07,33.57,True
34754,207543198,ABT,2026-07-14,33.11,True
34754,207543198,ABT,2026-07-21,33.57,True
34754,207543198,ABT,2026-07-28,33.67,True
34754,207543198,ABT,2026-08-04,31.51,True
34754,207543198,ABT,2026-08-11,30.54,True
34754,207543198,BUY,2026-06-02,38.12,True
34754,207543198,BUY,2026-06-09,38.96,True
34754,207543198,BUY,2026-06-16,38.29,True
34754,207543198,BUY,2026-06-23,38.99,True
34754,207543198,BUY,2026-06-30,38.64,True
34754,207543198,BUY,2026-07-07,39.13,True
34754,207543198,BUY,2026-07-14,39.05,True
34754,207543198,BUY,2026-07-21,38.72,True
34754,207543198,BUY,2026-07-28,37.61,True
34754,207543198,BUY,2026-08-04,35.76,True
34754,207543198,BUY,2026-08-11,36.14,True
35525,207543201,ABT,2026-05-26,24.47,True
35525,207543201,ABT,2026-06-02,25.06,True
35525,207543201,ABT,2026-06-09,25.54,True
35525,207543201,ABT,2026-06-16,26.37,True
35525,207543201,ABT,2026-06-23,22.35,True
35525,207543201,ABT,2026-06-30,22.27,True
35525,207543201,ABT,2026-07-07,22.39,True
35525,207543201,ABT,2026-07-14,22.3,True
35525,207543201,ABT,2026-07-21,22.16,True
35525,207543201,ABT,2026-07-28,21.91,True
35525,207543201,ABT,2026-08-04,22.66,True
35525,207543201,ABT,2026-08-11,24.24,True
35525,207543201,BUY,2026-05-26,24.66,True
35525,207543201,BUY,2026-06-02,24.98,True
35525,207543201,BUY,2026-06-09,25.04,True
35525,207543201,BUY,2026-06-16,29.13,True
35525,207543201,BUY,2026-06-23,28.75,True
35525,207543201,BUY,2026-06-30,27.4,True
35525,207543201,BUY,2026-07-07,30.46,True
35525,207543201,BUY,2026-07-14,30.72,True
35525,207543201,BUY,2026-07-21,30.77,True
35525,207543201,BUY,2026-07-28,31.01,True
35525,207543201,BUY,2026-08-04,30.85,True
35525,207543201,BUY,2026-08-11,31.26,True
33801,207544265,ABT,2026-06-09,718.79,True
33801,207544265,ABT,2026-06-16,729.58,True
33801,207544265,ABT,2026-06-23,736.27,True
33801,207544265,ABT,2026-06-30,636.78,True
33801,207544265,ABT,2026-07-07,643.6,True
33801,207544265,ABT,2026-07-14,616.31,True
33801,207544265,ABT,2026-07-21,615.71,True
33801,207544265,ABT,2026-07-28,619.48,True
33801,207544265,ABT,2026-08-04,615.12,True
33801,207544265,ABT,2026-08-11,629.09,True
33801,207544265,BUY,2026-06-09,630.97,True
33801,207544265,BUY,2026-06-16,622.61,True
33801,207544265,BUY,2026-06-23,628.49,True
33801,207544265,BUY,2026-06-30,618.52,True
33801,207544265,BUY,2026-07-07,612.66,True
33801,207544265,BUY,2026-07-14,628.82,True
33801,207544265,BUY,2026-07-21,628.86,True
33801,207544265,BUY,2026-07-28,632.1,True
33801,207544265,BUY,2026-08-04,603.66,True
33801,207544265,BUY,2026-08-11,608.19,True
13945,207544306,ABT,2026-06-02,181.56,True
13945,207544306,ABT,2026-06-09,196.61,True
13945,207544306,ABT,2026-06-16,196.66,True
13945,207544306,ABT,2026-06-23,190.15,True
13945,207544306,ABT,2026-06-30,185.57,True
13945,207544306,ABT,2026-07-07,184.32,True
13945,207544306,ABT,2026-07-14,160.57,True
13945,207544306,ABT,2026-07-21,160.23,True
13945,207544306,ABT,2026-07-28,162.31,True
13945,207544306,ABT,2026-08-04,160.2,True
13945,207544306,ABT,2026-08-11,146.59,True
13945,207544306,BUY,2026-06-02,179.9,True
13945,207544306,BUY,2026-06-09,176.18,True
13945,207544306,BUY,2026-06-16,174.02,True
13945,207544306,BUY,2026-06-23,172.38,True
13945,207544306,BUY,2026-06-30,171.16,True
13945,207544306,BUY,2026-07-07,172.8,True
13945,207544306,BUY,2026-07-14,167.06,True
13945,207544306,BUY,2026-07-21,164.26,True
13945,207544306,BUY,2026-07-28,168.41,True
13945,207544306,BUY,2026-08-04,168.53,True
13945,207544306,BUY,2026-08-11,167.43,True
33831,207552185,ABT,2026-06-09,406.71,True
33831,207552185,ABT,2026-06-16,405.82,True
33831,207552185,ABT,2026-06-23,410.58,True
33831,207552185,ABT,2026-06-30,406.11,True
33831,207552185,ABT,2026-07-07,399.7,True
33831,207552185,ABT,2026-07-14,402.08,True
33831,207552185,ABT,2026-07-21,404.57,True
33831,207552185,ABT,2026-07-28,400.16,True
33831,207552185,ABT,2026-08-04,398.92,True
33831,207552185,ABT,2026-08-11,400.48,True
33831,207552185,BUY,2026-06-09,406.74,True
33831,207552185,BUY,2026-06-16,402.59,True
33831,207552185,BUY,2026-06-23,376.93,True
33831,207552185,BUY,2026-06-30,405.22,True
33831,207552185,BUY,2026-07-07,450.14,True
33831,207552185,BUY,2026-07-14,453.45,True
33831,207552185,BUY,2026-07-21,434.5,True
33831,207552185,BUY,2026-07-28,415.01,True
33831,207552185,BUY,2026-08-04,407.88,True
33831,207552185,BUY,2026-08-11,409.82,True
32628,207554111,ABT,2026-06-16,433.11,True
32628,207554111,ABT,2026-06-23,490.63,True
32628,207554111,ABT,2026-06-30,496.78,True
32628,207554111,ABT,2026-07-07,559.37,True
32628,207554111,ABT,2026-07-14,573.09,True
32628,207554111,ABT,2026-07-21,575.4,True
32628,207554111,ABT,2026-07-28,678.7,True
32628,207554111,ABT,2026-08-04,694.16,True
32628,207554111,ABT,2026-08-11,676.56,True
32628,207554111,BUY,2026-06-16,445.19,True
32628,207554111,BUY,2026-06-23,441.58,True
32628,207554111,BUY,2026-06-30,439.27,True
32628,207554111,BUY,2026-07-07,433.8,True
32628,207554111,BUY,2026-07-14,458.94,True
32628,207554111,BUY,2026-07-21,451.0,True
32628,207554111,BUY,2026-07-28,456.53,True
32628,207554111,BUY,2026-08-04,452.33,True
32628,207554111,BUY,2026-08-11,463.57,True
32630,207554111,ABT,2026-06-16,445.96,True
32630,207554111,ABT,2026-06-23,452.8,True
32630,207554111,ABT,2026-06-30,461.13,True
32630,207554111,ABT,2026-07-07,463.54,True
32630,207554111,ABT,2026-07-14,471.17,True
32630,207554111,ABT,2026-07-21,469.34,True
32630,207554111,ABT,2026-07-28,471.45,True
32630,207554111,ABT,2026-08-04,474.57,True
32630,207554111,ABT,2026-08-11,488.33,True
32630,207554111,BUY,2026-06-16,438.74,True
32630,207554111,BUY,2026-06-23,439.25,True
32630,207554111,BUY,2026-06-30,359.41,True
32630,207554111,BUY,2026-07-07,332.15,True
32630,207554111,BUY,2026-07-14,305.35,True
32630,207554111,BUY,2026-07-21,279.94,True
32630,207554111,BUY,2026-07-28,276.09,True
32630,207554111,BUY,2026-08-04,276.59,True
32630,207554111,BUY,2026-08-11,276.03,True
34009,207595882,ABT,2026-06-02,1540.51,True
34009,207595882,ABT,2026-06-09,1540.92,True
34009,207595882,ABT,2026-06-16,1537.61,True
34009,207595882,ABT,2026-06-23,1556.48,True
34009,207595882,ABT,2026-06-30,1584.46,True
34009,207595882,ABT,2026-07-07,1668.99,True
34009,207595882,ABT,2026-07-14,1696.04,True
34009,207595882,ABT,2026-07-21,1697.93,True
34009,207595882,ABT,2026-07-28,1720.69,True
34009,207595882,ABT,2026-08-04,1737.16,True
34009,207595882,ABT,2026-08-11,1763.04,True
34009,207595882,BUY,2026-06-02,1590.17,True
34009,207595882,BUY,2026-06-09,1438.94,True
34009,207595882,BUY,2026-06-16,1389.77,True
34009,207595882,BUY,2026-06-23,1367.87,True
34009,207595882,BUY,2026-06-30,1227.42,True
34009,207595882,BUY,2026-07-07,1047.55,True
34009,207595882,BUY,2026-07-14,1044.78,True
34009,207595882,BUY,2026-07-21,1071.71,True
34009,207595882,BUY,2026-07-28,1081.63,True
34009,207595882,BUY,2026-08-04,1081.16,True
34009,207595882,BUY,2026-08-11,1089.26,True
34003,207637777,ABT,2026-06-23,928.44,True
34003,207637777,ABT,2026-06-30,904.11,True
34003,207637777,ABT,2026-07-07,1005.75,True
34003,207637777,ABT,2026-07-14,960.01,True
34003,207637777,ABT,2026-07-21,952.48,True
34003,207637777,ABT,2026-07-28,963.66,True
34003,207637777,ABT,2026-08-04,969.38,True
34003,207637777,ABT,2026-08-11,965.77,True
34003,207637777,BUY,2026-06-23,886.98,True
34003,207637777,BUY,2026-06-30,871.8,True
34003,207637777,BUY,2026-07-07,889.55,True
34003,207637777,BUY,2026-07-14,929.45,True
34003,207637777,BUY,2026-07-21,837.54,True
34003,207637777,BUY,2026-07-28,696.17,True
34003,207637777,BUY,2026-08-04,605.3,True
34003,207637777,BUY,2026-08-11,549.09,True
35305,207637793,ABT,2026-06-02,339.21,True
35305,207637793,ABT,2026-06-09,344.45,True
35305,207637793,ABT,2026-06-16,348.3,True
35305,207637793,ABT,2026-06-23,344.62,True
35305,207637793,ABT,2026-06-30,340.83,True
35305,207637793,ABT,2026-07-07,351.48,True
35305,207637793,ABT,2026-07-14,359.7,True
35305,207637793,ABT,2026-07-21,353.06,True
35305,207637793,ABT,2026-07-28,350.6,True
35305,207637793,ABT,2026-08-04,350.26,True
35305,207637793,ABT,2026-08-11,355.43,True
35305,207637793,BUY,2026-06-02,341.03,True
35305,207637793,BUY,2026-06-09,347.94,True
35305,207637793,BUY,2026-06-16,345.82,True
35305,207637793,BUY,2026-06-23,351.6,True
35305,207637793,BUY,2026-06-30,347.39,True
35305,207637793,BUY,2026-07-07,349.46,True
35305,207637793,BUY,2026-07-14,351.66,True
35305,207637793,BUY,2026-07-21,355.18,True
35305,207637793,BUY,2026-07-28,357.86,True
35305,207637793,BUY,2026-08-04,350.39,True
35305,207637793,BUY,2026-08-11,351.55,True
34012,207642166,ABT,2026-06-02,1895.85,True
34012,207642166,ABT,2026-06-09,1871.88,True
34012,207642166,ABT,2026-06-16,1863.62,True
34012,207642166,ABT,2026-06-23,1814.53,True
34012,207642166,ABT,2026-06-30,1857.35,True
34012,207642166,ABT,2026-07-07,1659.91,True
34012,207642166,ABT,2026-07-14,1641.23,True
34012,207642166,ABT,2026-07-21,1652.2,True
34012,207642166,ABT,2026-07-28,1676.56,True
34012,207642166,ABT,2026-08-04,1675.38,True
34012,207642166,ABT,2026-08-11,1699.61,True
34012,207642166,BUY,2026-06-02,1899.94,True
34012,207642166,BUY,2026-06-09,1936.94,True
34012,207642166,BUY,2026-06-16,1915.31,True
34012,207642166,BUY,2026-06-23,1901.25,True
34012,207642166,BUY,2026-06-30,1890.83,True
34012,207642166,BUY,2026-07-07,1842.43,True
34012,207642166,BUY,2026-07-14,1835.32,True
34012,207642166,BUY,2026-07-21,1811.39,True
34012,207642166,BUY,2026-07-28,1806.73,True
34012,207642166,BUY,2026-08-04,1799.95,True
34012,207642166,BUY,2026-08-11,1803.22,True
35012,207642355,ABT,2026-06-09,321.53,True
35012,207642355,ABT,2026-06-16,321.77,True
35012,207642355,ABT,2026-06-23,320.77,True
35012,207642355,ABT,2026-06-30,315.05,True
35012,207642355,ABT,2026-07-07,305.08,True
35012,207642355,ABT,2026-07-14,304.9,True
35012,207642355,ABT,2026-07-21,301.44,True
35012,207642355,ABT,2026-07-28,300.76,True
35012,207642355,ABT,2026-08-04,305.68,True
35012,207642355,ABT,2026-08-11,309.23,True
35012,207642355,BUY,2026-06-09,290.59,True
35012,207642355,BUY,2026-06-16,292.86,True
35012,207642355,BUY,2026-06-23,294.17,True
35012,207642355,BUY,2026-06-30,289.7,True
35012,207642355,BUY,2026-07-07,286.37,True
35012,207642355,BUY,2026-07-14,244.97,True
35012,207642355,BUY,2026-07-21,245.22,True
35012,207642355,BUY,2026-07-28,247.07,True
35012,207642355,BUY,2026-08-04,215.22,True
35012,207642355,BUY,2026-08-11,215.67,True
34096,207642358,ABT,2026-05-26,970.68,True
34096,207642358,ABT,2026-06-02,976.0,True
34096,207642358,ABT,2026-06-09,1014.54,True
34096,207642358,ABT,2026-06-16,1020.09,True
34096,207642358,ABT,2026-06-23,1032.45,True
34096,207642358,ABT,2026-06-30,939.46,True
34096,207642358,ABT,2026-07-07,826.91,True
34096,207642358,ABT,2026-07-14,819.55,True
34096,207642358,ABT,2026-07-21,816.11,True
34096,207642358,ABT,2026-07-28,815.3,True
34096,207642358,ABT,2026-08-04,818.39,True
34096,207642358,ABT,2026-08-11,823.19,True
34096,207642358,BUY,2026-05-26,989.87,True
34096,207642358,BUY,2026-06-02,999.53,True
34096,207642358,BUY,2026-06-09,997.37,True
34096,207642358,BUY,2026-06-16,989.65,True
34096,207642358,BUY,2026-06-23,995.35,True
34096,207642358,BUY,2026-06-30,987.38,True
34096,207642358,BUY,2026-07-07,980.44,True
34096,207642358,BUY,2026-07-14,992.16,True
34096,207642358,BUY,2026-07-21,927.81,True
34096,207642358,BUY,2026-07-28,955.7,True
34096,207642358,BUY,2026-08-04,979.78,True
34096,207642358,BUY,2026-08-11,987.62,True
34056,207643190,ABT,2026-06-23,139.42,True
34056,207643190,ABT,2026-06-30,111.94,True
34056,207643190,ABT,2026-07-07,98.96,True
34056,207643190,ABT,2026-07-14,87.34,True
34056,207643190,ABT,2026-07-21,86.24,True
34056,207643190,ABT,2026-07-28,83.7,True
34056,207643190,ABT,2026-08-04,84.14,True
34056,207643190,ABT,2026-08-11,86.08,True
34056,207643190,BUY,2026-06-23,140.62,True
34056,207643190,BUY,2026-06-30,148.43,True
34056,207643190,BUY,2026-07-07,146.19,True
34056,207643190,BUY,2026-07-14,146.78,True
34056,207643190,BUY,2026-07-21,149.09,True
34056,207643190,BUY,2026-07-28,147.86,True
34056,207643190,BUY,2026-08-04,146.52,True
34056,207643190,BUY,2026-08-11,148.82,True
34065,207643194,ABT,2026-06-16,178.28,True
34065,207643194,ABT,2026-06-23,176.51,True
34065,207643194,ABT,2026-06-30,174.95,True
34065,207643194,ABT,2026-07-07,176.27,True
34065,207643194,ABT,2026-07-14,172.94,True
34065,207643194,ABT,2026-07-21,173.56,True
34065,207643194,ABT,2026-07-28,173.16,True
34065,207643194,ABT,2026-08-04,172.62,True
34065,207643194,ABT,2026-08-11,171.64,True
34065,207643194,BUY,2026-06-16,201.0,True
34065,207643194,BUY,2026-06-23,198.72,True
34065,207643194,BUY,2026-06-30,173.51,True
34065,207643194,BUY,2026-07-07,145.28,True
34065,207643194,BUY,2026-07-14,126.3,True
34065,207643194,BUY,2026-07-21,109.71,True
34065,207643194,BUY,2026-07-28,111.74,True
34065,207643194,BUY,2026-08-04,113.53,True
34065,207643194,BUY,2026-08-11,115.45,True
35843,207645242,ABT,2026-06-16,235.66,True
35843,207645242,ABT,2026-06-23,238.85,True
35843,207645242,ABT,2026-06-30,226.4,True
35843,207645242,ABT,2026-07-07,233.78,True
35843,207645242,ABT,2026-07-14,240.34,True
35843,207645242,ABT,2026-07-21,244.21,True
35843,207645242,ABT,2026-07-28,243.37,True
35843,207645242,ABT,2026-08-04,232.34,True
35843,207645242,ABT,2026-08-11,256.54,True
35843,207645242,BUY,2026-06-16,256.38,True
35843,207645242,BUY,2026-06-23,253.36,True
35843,207645242,BUY,2026-06-30,268.11,True
35843,207645242,BUY,2026-07-07,238.96,True
35843,207645242,BUY,2026-07-14,234.57,True
35843,207645242,BUY,2026-07-21,230.6,True
35843,207645242,BUY,2026-07-28,233.63,True
35843,207645242,BUY,2026-08-04,234.08,True
35843,207645242,BUY,2026-08-11,208.16,True
34130,207652053,ABT,2026-06-02,237.81,True
34130,207652053,ABT,2026-06-09,242.54,True
34130,207652053,ABT,2026-06-16,228.05,True
34130,207652053,ABT,2026-06-23,229.92,True
34130,207652053,ABT,2026-06-30,225.88,True
34130,207652053,ABT,2026-07-07,210.92,True
34130,207652053,ABT,2026-07-14,227.72,True
34130,207652053,ABT,2026-07-21,234.67,True
34130,207652053,ABT,2026-07-28,205.52,True
34130,207652053,ABT,2026-08-04,206.17,True
34130,207652053,ABT,2026-08-11,206.53,True
34130,207652053,BUY,2026-06-02,235.8,True
34130,207652053,BUY,2026-06-09,230.9,True
34130,207652053,BUY,2026-06-16,231.41,True
34130,207652053,BUY,2026-06-23,231.2,True
34130,207652053,BUY,2026-06-30,227.36,True
34130,207652053,BUY,2026-07-07,260.96,True
34130,207652053,BUY,2026-07-14,265.64,True
34130,207652053,BUY,2026-07-21,261.73,True
34130,207652053,BUY,2026-07-28,239.18,True
34130,207652053,BUY,2026-08-04,244.32,True
34130,207652053,BUY,2026-08-11,240.29,True
34004,207652055,ABT,2026-06-23,1565.1,True
34004,207652055,ABT,2026-06-30,1589.26,True
34004,207652055,ABT,2026-07-07,1568.55,True
34004,207652055,ABT,2026-07-14,1571.42,True
34004,207652055,ABT,2026-07-21,1541.01,True
34004,207652055,ABT,2026-07-28,1414.26,True
34004,207652055,ABT,2026-08-04,1307.61,True
34004,207652055,ABT,2026-08-11,1323.87,True
34004,207652055,BUY,2026-06-23,1570.7,True
34004,207652055,BUY,2026-06-30,1566.64,True
34004,207652055,BUY,2026-07-07,1593.7,True
34004,207652055,BUY,2026-07-14,1615.54,True
34004,207652055,BUY,2026-07-21,1595.9,True
34004,207652055,BUY,2026-07-28,1595.14,True
34004,207652055,BUY,2026-08-04,1600.02,True
34004,207652055,BUY,2026-08-11,1594.49,True
34021,207652056,ABT,2026-06-02,1143.12,True
34021,207652056,ABT,2026-06-09,1121.58,True
34021,207652056,ABT,2026-06-16,1108.35,True
34021,207652056,ABT,2026-06-23,1125.61,True
34021,207652056,ABT,2026-06-30,1116.16,True
34021,207652056,ABT,2026-07-07,1117.5,True
34021,207652056,ABT,2026-07-14,1125.29,True
34021,207652056,ABT,2026-07-21,1130.47,True
34021,207652056,ABT,2026-07-28,1147.37,True
34021,207652056,ABT,2026-08-04,1152.31,True
34021,207652056,ABT,2026-08-11,1167.14,True
34021,207652056,BUY,2026-06-02,1142.33,True
34021,207652056,BUY,2026-06-09,1164.16,True
34021,207652056,BUY,2026-06-16,1119.9,True
34021,207652056,BUY,2026-06-23,1112.87,True
34021,207652056,BUY,2026-06-30,1112.9,True
34021,207652056,BUY,2026-07-07,1112.99,True
34021,207652056,BUY,2026-07-14,1088.54,True
34021,207652056,BUY,2026-07-21,1086.19,True
34021,207652056,BUY,2026-07-28,1082.33,True
34021,207652056,BUY,2026-08-04,1077.23,True
34021,207652056,BUY,2026-08-11,1085.71,True
35060,207653535,ABT,2026-06-16,293.72,True
35060,207653535,ABT,2026-06-23,299.1,True
35060,207653535,ABT,2026-06-30,268.08,True
35060,207653535,ABT,2026-07-07,272.65,True
35060,207653535,ABT,2026-07-14,270.42,True
35060,207653535,ABT,2026-07-21,267.19,True
35060,207653535,ABT,2026-07-28,264.03,True
35060,207653535,ABT,2026-08-04,267.13,True
35060,207653535,ABT,2026-08-11,269.63,True
35060,207653535,BUY,2026-06-16,311.65,True
35060,207653535,BUY,2026-06-23,314.49,True
35060,207653535,BUY,2026-06-30,314.37,True
35060,207653535,BUY,2026-07-07,321.87,True
35060,207653535,BUY,2026-07-14,311.07,True
35060,207653535,BUY,2026-07-21,307.0,True
35060,207653535,BUY,2026-07-28,303.98,True
35060,207653535,BUY,2026-08-04,297.26,True
35060,207653535,BUY,2026-08-11,300.75,True
34095,207653548,ABT,2026-05-26,2290.94,True
34095,207653548,ABT,2026-06-02,1993.75,True
34095,207653548,ABT,2026-06-09,2004.17,True
34095,207653548,ABT,2026-06-16,1992.59,True
34095,207653548,ABT,2026-06-23,2037.75,True
34095,207653548,ABT,2026-06-30,2043.99,True
34095,207653548,ABT,2026-07-07,2040.11,True
34095,207653548,ABT,2026-07-14,1818.74,True
34095,207653548,ABT,2026-07-21,1794.57,True
34095,207653548,ABT,2026-07-28,1761.27,True
34095,207653548,ABT,2026-08-04,1724.99,True
34095,207653548,ABT,2026-08-11,1717.81,True
34095,207653548,BUY,2026-05-26,2290.27,True
34095,207653548,BUY,2026-06-02,2185.07,True
34095,207653548,BUY,2026-06-09,2173.09,True
34095,207653548,BUY,2026-06-16,2174.12,True
34095,207653548,BUY,2026-06-23,2157.72,True
34095,207653548,BUY,2026-06-30,2120.36,True
34095,207653548,BUY,2026-07-07,2151.42,True
34095,207653548,BUY,2026-07-14,2203.36,True
34095,207653548,BUY,2026-07-21,2192.95,True
34095,207653548,BUY,2026-07-28,2187.63,True
34095,207653548,BUY,2026-08-04,2150.86,True
34095,207653548,BUY,2026-08-11,2145.98,True
38800,207654105,ABT,2026-06-16,651.14,True
38800,207654105,ABT,2026-06-23,640.29,True
38800,207654105,ABT,2026-06-30,645.33,True
38800,207654105,ABT,2026-07-07,661.94,True
38800,207654105,ABT,2026-07-14,663.44,True
38800,207654105,ABT,2026-07-21,598.01,True
38800,207654105,ABT,2026-07-28,531.94,True
38800,207654105,ABT,2026-08-04,453.21,True
38800,207654105,ABT,2026-08-11,399.67,True
38800,207654105,BUY,2026-06-16,648.86,True
38800,207654105,BUY,2026-06-23,652.48,True
38800,207654105,BUY,2026-06-30,655.37,True
38800,207654105,BUY,2026-07-07,672.51,True
38800,207654105,BUY,2026-07-14,663.79,True
38800,207654105,BUY,2026-07-21,665.06,True
38800,207654105,BUY,2026-07-28,667.02,True
38800,207654105,BUY,2026-08-04,677.05,True
38800,207654105,BUY,2026-08-11,698.59,True
33522,207654106,ABT,2026-06-23,655.93,True
33522,207654106,ABT,2026-06-30,646.35,True
33522,207654106,ABT,2026-07-07,653.56,True
33522,207654106,ABT,2026-07-14,643.42,True
33522,207654106,ABT,2026-07-21,644.99,True
33522,207654106,ABT,2026-07-28,654.92,True
33522,207654106,ABT,2026-08-04,662.64,True
33522,207654106,ABT,2026-08-11,668.31,True
33522,207654106,BUY,2026-06-23,626.26,True
33522,207654106,BUY,2026-06-30,615.21,True
33522,207654106,BUY,2026-07-07,621.09,True
33522,207654106,BUY,2026-07-14,615.62,True
33522,207654106,BUY,2026-07-21,612.04,True
33522,207654106,BUY,2026-07-28,609.67,True
33522,207654106,BUY,2026-08-04,633.24,True
33522,207654106,BUY,2026-08-11,624.78,True
34490,207656388,ABT,2026-06-23,785.58,True
34490,207656388,ABT,2026-06-30,708.25,True
34490,207656388,ABT,2026-07-07,707.46,True
34490,207656388,ABT,2026-07-14,713.2,True
34490,207656388,ABT,2026-07-21,595.35,True
34490,207656388,ABT,2026-07-28,511.7,True
34490,207656388,ABT,2026-08-04,432.6,True
34490,207656388,ABT,2026-08-11,429.71,True
34490,207656388,BUY,2026-06-23,746.44,True
34490,207656388,BUY,2026-06-30,729.94,True
34490,207656388,BUY,2026-07-07,838.8,True
34490,207656388,BUY,2026-07-14,818.01,True
34490,207656388,BUY,2026-07-21,693.44,True
34490,207656388,BUY,2026-07-28,695.94,True
34490,207656388,BUY,2026-08-04,693.2,True
34490,207656388,BUY,2026-08-11,702.43,True
33638,207659192,ABT,2026-06-09,121.48,True
33638,207659192,ABT,2026-06-16,122.66,True
33638,207659192,ABT,2026-06-23,124.59,True
33638,207659192,ABT,2026-06-30,125.95,True
33638,207659192,ABT,2026-07-07,114.65,True
33638,207659192,ABT,2026-07-14,105.39,True
33638,207659192,ABT,2026-07-21,103.97,True
33638,207659192,ABT,2026-07-28,105.76,True
33638,207659192,ABT,2026-08-04,106.78,True
33638,207659192,ABT,2026-08-11,90.87,True
33638,207659192,BUY,2026-06-09,112.03,True
33638,207659192,BUY,2026-06-16,104.15,True
33638,207659192,BUY,2026-06-23,97.75,True
33638,207659192,BUY,2026-06-30,98.43,True
33638,207659192,BUY,2026-07-07,99.5,True
33638,207659192,BUY,2026-07-14,99.08,True
33638,207659192,BUY,2026-07-21,99.63,True
33638,207659192,BUY,2026-07-28,101.13,True
33638,207659192,BUY,2026-08-04,99.3,True
33638,207659192,BUY,2026-08-11,93.26,True
33630,207659194,ABT,2026-06-02,168.18,True
33630,207659194,ABT,2026-06-09,172.53,True
33630,207659194,ABT,2026-06-16,186.98,True
33630,207659194,ABT,2026-06-23,175.18,True
33630,207659194,ABT,2026-06-30,165.06,True
33630,207659194,ABT,2026-07-07,145.39,True
33630,207659194,ABT,2026-07-14,136.8,True
33630,207659194,ABT,2026-07-21,123.04,True
33630,207659194,ABT,2026-07-28,123.34,True
33630,207659194,ABT,2026-08-04,124.39,True
33630,207659194,ABT,2026-08-11,125.29,True
33630,207659194,BUY,2026-06-02,169.52,True
33630,207659194,BUY,2026-06-09,171.64,True
33630,207659194,BUY,2026-06-16,170.51,True
33630,207659194,BUY,2026-06-23,171.22,True
33630,207659194,BUY,2026-06-30,172.37,True
33630,207659194,BUY,2026-07-07,174.93,True
33630,207659194,BUY,2026-07-14,174.23,True
33630,207659194,BUY,2026-07-21,171.34,True
33630,207659194,BUY,2026-07-28,167.04,True
33630,207659194,BUY,2026-08-04,160.96,True
33630,207659194,BUY,2026-08-11,145.35,True
34007,207660497,ABT,2026-06-02,1271.08,True
34007,207660497,ABT,2026-06-09,1248.45,True
34007,207660497,ABT,2026-06-16,1228.59,True
34007,207660497,ABT,2026-06-23,1361.3,True
34007,207660497,ABT,2026-06-30,1357.08,True
34007,207660497,ABT,2026-07-07,1339.02,True
34007,207660497,ABT,2026-07-14,1340.33,True
34007,207660497,ABT,2026-07-21,1327.08,True
34007,207660497,ABT,2026-07-28,1344.87,True
34007,207660497,ABT,2026-08-04,1367.7,True
34007,207660497,ABT,2026-08-11,1351.79,True
34007,207660497,BUY,2026-06-02,1139.73,True
34007,207660497,BUY,2026-06-09,1121.51,True
34007,207660497,BUY,2026-06-16,1097.51,True
34007,207660497,BUY,2026-06-23,1096.59,True
34007,207660497,BUY,2026-06-30,1123.58,True
34007,207660497,BUY,2026-07-07,1122.1,True
34007,207660497,BUY,2026-07-14,1111.37,True
34007,207660497,BUY,2026-07-21,1097.03,True
34007,207660497,BUY,2026-07-28,1083.76,True
34007,207660497,BUY,2026-08-04,1069.01,True
34007,207660497,BUY,2026-08-11,1070.96,True
34349,207660498,ABT,2026-06-09,1046.25,True
34349,207660498,ABT,2026-06-16,1043.05,True
34349,207660498,ABT,2026-06-23,1120.97,True
34349,207660498,ABT,2026-06-30,970.21,True
34349,207660498,ABT,2026-07-07,985.66,True
34349,207660498,ABT,2026-07-14,896.99,True
34349,207660498,ABT,2026-07-21,823.24,True
34349,207660498,ABT,2026-07-28,771.9,True
34349,207660498,ABT,2026-08-04,677.5,True
34349,207660498,ABT,2026-08-11,672.83,True
34349,207660498,BUY,2026-06-09,917.3,True
34349,207660498,BUY,2026-06-16,913.98,True
34349,207660498,BUY,2026-06-23,900.87,True
34349,207660498,BUY,2026-06-30,899.44,True
34349,207660498,BUY,2026-07-07,908.62,True
34349,207660498,BUY,2026-07-14,925.62,True
34349,207660498,BUY,2026-07-21,939.47,True
34349,207660498,BUY,2026-07-28,906.65,True
34349,207660498,BUY,2026-08-04,912.11,True
34349,207660498,BUY,2026-08-11,918.61,True
34093,207660499,ABT,2026-06-23,1515.57,True
34093,207660499,ABT,2026-06-30,1518.29,True
34093,207660499,ABT,2026-07-07,1520.3,True
34093,207660499,ABT,2026-07-14,1510.2,True
34093,207660499,ABT,2026-07-21,1514.85,True
34093,207660499,ABT,2026-07-28,1479.23,True
34093,207660499,ABT,2026-08-04,1497.53,True
34093,207660499,ABT,2026-08-11,1465.75,True
34093,207660499,BUY,2026-06-23,1461.32,True
34093,207660499,BUY,2026-06-30,1462.31,True
34093,207660499,BUY,2026-07-07,1441.06,True
34093,207660499,BUY,2026-07-14,1436.48,True
34093,207660499,BUY,2026-07-21,1460.93,True
34093,207660499,BUY,2026-07-28,1476.16,True
34093,207660499,BUY,2026-08-04,1654.5,True
34093,207660499,BUY,2026-08-11,1680.76,True
34727,207666379,ABT,2026-06-23,51.79,True
34727,207666379,ABT,2026-06-30,52.47,True
34727,207666379,ABT,2026-07-07,51.93,True
34727,207666379,ABT,2026-07-14,53.41,True
34727,207666379,ABT,2026-07-21,46.93,True
34727,207666379,ABT,2026-07-28,41.46,True
34727,207666379,ABT,2026-08-04,41.47,True
34727,207666379,ABT,2026-08-11,40.74,True
34727,207666379,BUY,2026-06-23,50.08,True
34727,207666379,BUY,2026-06-30,51.06,True
34727,207666379,BUY,2026-07-07,50.84,True
34727,207666379,BUY,2026-07-14,51.19,True
34727,207666379,BUY,2026-07-21,51.02,True
34727,207666379,BUY,2026-07-28,51.72,True
34727,207666379,BUY,2026-08-04,51.1,True
34727,207666379,BUY,2026-08-11,51.26,True
34723,207666380,ABT,2026-06-02,13.54,True
34723,207666380,ABT,2026-06-09,13.84,True
34723,207666380,ABT,2026-06-16,14.19,True
34723,207666380,ABT,2026-06-23,14.09,True
34723,207666380,ABT,2026-06-30,14.83,True
34723,207666380,ABT,2026-07-07,14.96,True
34723,207666380,ABT,2026-07-14,14.76,True
34723,207666380,ABT,2026-07-21,12.72,True
34723,207666380,ABT,2026-07-28,11.02,True
34723,207666380,ABT,2026-08-04,10.78,True
34723,207666380,ABT,2026-08-11,10.92,True
34723,207666380,BUY,2026-06-02,13.35,True
34723,207666380,BUY,2026-06-09,13.48,True
34723,207666380,BUY,2026-06-16,13.19,True
34723,207666380,BUY,2026-06-23,13.29,True
34723,207666380,BUY,2026-06-30,13.07,True
34723,207666380,BUY,2026-07-07,13.1,True
34723,207666380,BUY,2026-07-14,13.55,True
34723,207666380,BUY,2026-07-21,13.37,True
34723,207666380,BUY,2026-07-28,13.4,True
34723,207666380,BUY,2026-08-04,13.34,True
34723,207666380,BUY,2026-08-11,11.51,True
34725,207666381,ABT,2026-06-02,26.7,True
34725,207666381,ABT,2026-06-09,27.71,True
34725,207666381,ABT,2026-06-16,27.63,True
34725,207666381,ABT,2026-06-23,26.86,True
34725,207666381,ABT,2026-06-30,26.73,True
34725,207666381,ABT,2026-07-07,27.24,True
34725,207666381,ABT,2026-07-14,25.2,True
34725,207666381,ABT,2026-07-21,25.53,True
34725,207666381,ABT,2026-07-28,25.4,True
34725,207666381,ABT,2026-08-04,25.14,True
34725,207666381,ABT,2026-08-11,25.65,True
34725,207666381,BUY,2026-06-02,26.81,True
34725,207666381,BUY,2026-06-09,26.12,True
34725,207666381,BUY,2026-06-16,26.56,True
34725,207666381,BUY,2026-06-23,26.43,True
34725,207666381,BUY,2026-06-30,25.89,True
34725,207666381,BUY,2026-07-07,26.43,True
34725,207666381,BUY,2026-07-14,23.86,True
34725,207666381,BUY,2026-07-21,23.41,True
34725,207666381,BUY,2026-07-28,22.09,True
34725,207666381,BUY,2026-08-04,22.06,True
34725,207666381,BUY,2026-08-11,22.36,True
34724,207666382,ABT,2026-06-16,16.02,True
34724,207666382,ABT,2026-06-23,15.86,True
34724,207666382,ABT,2026-06-30,15.84,True
34724,207666382,ABT,2026-07-07,15.93,True
34724,207666382,ABT,2026-07-14,16.15,True
34724,207666382,ABT,2026-07-21,16.18,True
34724,207666382,ABT,2026-07-28,16.2,True
34724,207666382,ABT,2026-08-04,16.34,True
34724,207666382,ABT,2026-08-11,14.98,True
34724,207666382,BUY,2026-06-16,16.0,True
34724,207666382,BUY,2026-06-23,16.06,True
34724,207666382,BUY,2026-06-30,16.24,True
34724,207666382,BUY,2026-07-07,15.91,True
34724,207666382,BUY,2026-07-14,14.63,True
34724,207666382,BUY,2026-07-21,12.64,True
34724,207666382,BUY,2026-07-28,11.78,True
34724,207666382,BUY,2026-08-04,10.67,True
34724,207666382,BUY,2026-08-11,10.64,True
33452,207667994,ABT,2026-05-26,489.66,True
33452,207667994,ABT,2026-06-02,495.19,True
33452,207667994,ABT,2026-06-09,491.01,True
33452,207667994,ABT,2026-06-16,491.41,True
33452,207667994,ABT,2026-06-23,530.99,True
33452,207667994,ABT,2026-06-30,534.52,True
33452,207667994,ABT,2026-07-07,501.51,True
33452,207667994,ABT,2026-07-14,449.69,True
33452,207667994,ABT,2026-07-21,352.67,True
33452,207667994,ABT,2026-07-28,351.06,True
33452,207667994,ABT,2026-08-04,351.44,True
33452,207667994,ABT,2026-08-11,349.37,True
33452,207667994,BUY,2026-05-26,512.09,True
33452,207667994,BUY,2026-06-02,437.6,True
33452,207667994,BUY,2026-06-09,435.35,True
33452,207667994,BUY,2026-06-16,415.01,True
33452,207667994,BUY,2026-06-23,415.79,True
33452,207667994,BUY,2026-06-30,408.39,True
33452,207667994,BUY,2026-07-07,351.84,True
33452,207667994,BUY,2026-07-14,352.1,True
33452,207667994,BUY,2026-07-21,350.75,True
33452,207667994,BUY,2026-07-28,294.9,True
33452,207667994,BUY,2026-08-04,298.43,True
33452,207667994,BUY,2026-08-11,294.2,True
33444,207667995,ABT,2026-06-16,788.36,True
33444,207667995,ABT,2026-06-23,796.92,True
33444,207667995,ABT,2026-06-30,792.08,True
33444,207667995,ABT,2026-07-07,810.33,True
33444,207667995,ABT,2026-07-14,932.97,True
33444,207667995,ABT,2026-07-21,932.47,True
33444,207667995,ABT,2026-07-28,866.6,True
33444,207667995,ABT,2026-08-04,816.75,True
33444,207667995,ABT,2026-08-11,746.95,True
33444,207667995,BUY,2026-06-16,682.33,True
33444,207667995,BUY,2026-06-23,680.08,True
33444,207667995,BUY,2026-06-30,679.2,True
33444,207667995,BUY,2026-07-07,692.17,True
33444,207667995,BUY,2026-07-14,692.45,True
33444,207667995,BUY,2026-07-21,691.61,True
33444,207667995,BUY,2026-07-28,679.53,True
33444,207667995,BUY,2026-08-04,593.08,True
33444,207667995,BUY,2026-08-11,585.91,True
34092,207679756,ABT,2026-06-02,566.02,True
34092,207679756,ABT,2026-06-09,579.92,True
34092,207679756,ABT,2026-06-16,573.0,True
34092,207679756,ABT,2026-06-23,575.81,True
34092,207679756,ABT,2026-06-30,589.5,True
34092,207679756,ABT,2026-07-07,587.16,True
34092,207679756,ABT,2026-07-14,496.25,True
34092,207679756,ABT,2026-07-21,494.45,True
34092,207679756,ABT,2026-07-28,506.2,True
34092,207679756,ABT,2026-08-04,517.57,True
34092,207679756,ABT,2026-08-11,515.46,True
34092,207679756,BUY,2026-06-02,572.38,True
34092,207679756,BUY,2026-06-09,569.0,True
34092,207679756,BUY,2026-06-16,554.63,True
34092,207679756,BUY,2026-06-23,565.43,True
34092,207679756,BUY,2026-06-30,515.25,True
34092,207679756,BUY,2026-07-07,451.04,True
34092,207679756,BUY,2026-07-14,397.95,True
34092,207679756,BUY,2026-07-21,346.14,True
34092,207679756,BUY,2026-07-28,305.01,True
34092,207679756,BUY,2026-08-04,271.5,True
34092,207679756,BUY,2026-08-11,275.06,True
37807,207682397,ABT,2026-06-16,49.29,True
37807,207682397,ABT,2026-06-23,49.68,True
37807,207682397,ABT,2026-06-30,49.82,True
37807,207682397,ABT,2026-07-07,51.7,True
37807,207682397,ABT,2026-07-14,51.49,True
37807,207682397,ABT,2026-07-21,50.6,True
37807,207682397,ABT,2026-07-28,44.8,True
37807,207682397,ABT,2026-08-04,44.16,True
37807,207682397,ABT,2026-08-11,43.9,True
37807,207682397,BUY,2026-06-16,50.47,True
37807,207682397,BUY,2026-06-23,50.58,True
37807,207682397,BUY,2026-06-30,50.95,True
37807,207682397,BUY,2026-07-07,50.54,True
37807,207682397,BUY,2026-07-14,49.59,True
37807,207682397,BUY,2026-07-21,48.4,True
37807,207682397,BUY,2026-07-28,48.35,True
37807,207682397,BUY,2026-08-04,48.65,True
37807,207682397,BUY,2026-08-11,46.94,True
35237,207686035,ABT,2026-06-09,12.5,True
35237,207686035,ABT,2026-06-16,12.54,True
35237,207686035,ABT,2026-06-23,12.49,True
35237,207686035,ABT,2026-06-30,12.62,True
35237,207686035,ABT,2026-07-07,12.54,True
35237,207686035,ABT,2026-07-14,12.53,True
35237,207686035,ABT,2026-07-21,12.36,True
35237,207686035,ABT,2026-07-28,12.48,True
35237,207686035,ABT,2026-08-04,12.37,True
35237,207686035,ABT,2026-08-11,12.21,True
35237,207686035,BUY,2026-06-09,14.5,True
35237,207686035,BUY,2026-06-16,14.23,True
35237,207686035,BUY,2026-06-23,14.09,True
35237,207686035,BUY,2026-06-30,14.05,True
35237,207686035,BUY,2026-07-07,14.21,True
35237,207686035,BUY,2026-07-14,13.92,True
35237,207686035,BUY,2026-07-21,14.07,True
35237,207686035,BUY,2026-07-28,13.9,True
35237,207686035,BUY,2026-08-04,13.92,True
35237,207686035,BUY,2026-08-11,14.1,True
34091,207686156,ABT,2026-06-09,547.36,True
34091,207686156,ABT,2026-06-16,550.51,True
34091,207686156,ABT,2026-06-23,562.32,True
34091,207686156,ABT,2026-06-30,558.59,True
34091,207686156,ABT,2026-07-07,547.9,True
34091,207686156,ABT,2026-07-14,544.33,True
34091,207686156,ABT,2026-07-21,548.61,True
34091,207686156,ABT,2026-07-28,550.01,True
34091,207686156,ABT,2026-08-04,548.4,True
34091,207686156,ABT,2026-08-11,542.93,True
34091,207686156,BUY,2026-06-09,469.78,True
34091,207686156,BUY,2026-06-16,469.18,True
34091,207686156,BUY,2026-06-23,478.2,True
34091,207686156,BUY,2026-06-30,473.38,True
34091,207686156,BUY,2026-07-07,449.84,True
34091,207686156,BUY,2026-07-14,453.67,True
34091,207686156,BUY,2026-07-21,458.98,True
34091,207686156,BUY,2026-07-28,454.21,True
34091,207686156,BUY,2026-08-04,448.96,True
34091,207686156,BUY,2026-08-11,456.97,True
37331,207686317,ABT,2026-06-16,124.38,True
37331,207686317,ABT,2026-06-23,124.2,True
37331,207686317,ABT,2026-06-30,124.9,True
37331,207686317,ABT,2026-07-07,124.12,True
37331,207686317,ABT,2026-07-14,123.28,True
37331,207686317,ABT,2026-07-21,121.89,True
37331,207686317,ABT,2026-07-28,123.52,True
37331,207686317,ABT,2026-08-04,114.77,True
37331,207686317,ABT,2026-08-11,115.09,True
37331,207686317,BUY,2026-06-16,108.44,True
37331,207686317,BUY,2026-06-23,97.0,True
37331,207686317,BUY,2026-06-30,85.01,True
37331,207686317,BUY,2026-07-07,76.04,True
37331,207686317,BUY,2026-07-14,75.86,True
37331,207686317,BUY,2026-07-21,74.57,True
37331,207686317,BUY,2026-07-28,75.75,True
37331,207686317,BUY,2026-08-04,76.27,True
37331,207686317,BUY,2026-08-11,83.79,True
37803,207875395,ABT,2026-06-02,47.78,True
37803,207875395,ABT,2026-06-09,47.35,True
37803,207875395,ABT,2026-06-16,49.18,True
37803,207875395,ABT,2026-06-23,49.49,True
37803,207875395,ABT,2026-06-30,49.2,True
37803,207875395,ABT,2026-07-07,45.47,True
37803,207875395,ABT,2026-07-14,45.75,True
37803,207875395,ABT,2026-07-21,45.0,True
37803,207875395,ABT,2026-07-28,45.0,True
37803,207875395,ABT,2026-08-04,45.01,True
37803,207875395,ABT,2026-08-11,44.93,True
37803,207875395,BUY,2026-06-02,47.98,True
37803,207875395,BUY,2026-06-09,44.94,True
37803,207875395,BUY,2026-06-16,45.72,True
37803,207875395,BUY,2026-06-23,45.59,True
37803,207875395,BUY,2026-06-30,44.78,True
37803,207875395,BUY,2026-07-07,45.43,True
37803,207875395,BUY,2026-07-14,44.43,True
37803,207875395,BUY,2026-07-21,44.05,True
37803,207875395,BUY,2026-07-28,44.41,True
37803,207875395,BUY,2026-08-04,45.62,True
37803,207875395,BUY,2026-08-11,45.55,True
34666,207876534,ABT,2026-05-26,1687.47,True
34666,207876534,ABT,2026-06-02,1676.36,True
34666,207876534,ABT,2026-06-09,1680.13,True
34666,207876534,ABT,2026-06-16,1433.15,True
34666,207876534,ABT,2026-06-23,1312.19,True
34666,207876534,ABT,2026-06-30,1292.18,True
34666,207876534,ABT,2026-07-07,1295.37,True
34666,207876534,ABT,2026-07-14,1343.3,True
34666,207876534,ABT,2026-07-21,1387.85,True
34666,207876534,ABT,2026-07-28,1399.29,True
34666,207876534,ABT,2026-08-04,1363.19,True
34666,207876534,ABT,2026-08-11,1373.92,True
34666,207876534,BUY,2026-05-26,1721.85,True
34666,207876534,BUY,2026-06-02,1742.81,True
34666,207876534,BUY,2026-06-09,1853.36,True
34666,207876534,BUY,2026-06-16,1726.37,True
34666,207876534,BUY,2026-06-23,1744.54,True
34666,207876534,BUY,2026-06-30,1749.85,True
34666,207876534,BUY,2026-07-07,1473.16,True
34666,207876534,BUY,2026-07-14,1473.7,True
34666,207876534,BUY,2026-07-21,1499.17,True
34666,207876534,BUY,2026-07-28,1503.89,True
34666,207876534,BUY,2026-08-04,1383.34,True
34666,207876534,BUY,2026-08-11,1395.88,True
33453,207876535,ABT,2026-06-23,592.91,True
33453,207876535,ABT,2026-06-30,598.31,True
33453,207876535,ABT,2026-07-07,564.49,True
33453,207876535,ABT,2026-07-14,558.5,True
33453,207876535,ABT,2026-07-21,560.5,True
33453,207876535,ABT,2026-07-28,519.91,True
33453,207876535,ABT,2026-08-04,511.84,True
33453,207876535,ABT,2026-08-11,518.53,True
33453,207876535,BUY,2026-06-23,670.01,True
33453,207876535,BUY,2026-06-30,665.23,True
33453,207876535,BUY,2026-07-07,686.43,True
33453,207876535,BUY,2026-07-14,689.02,True
33453,207876535,BUY,2026-07-21,690.03,True
33453,207876535,BUY,2026-07-28,693.76,True
33453,207876535,BUY,2026-08-04,690.44,True
33453,207876535,BUY,2026-08-11,689.91,True
34878,207895085,ABT,2026-06-02,244.15,True
34878,207895085,ABT,2026-06-09,244.78,True
34878,207895085,ABT,2026-06-16,242.39,True
34878,207895085,ABT,2026-06-23,246.2,True
34878,207895085,ABT,2026-06-30,275.9,True
34878,207895085,ABT,2026-07-07,263.69,True
34878,207895085,ABT,2026-07-14,249.71,True
34878,207895085,ABT,2026-07-21,238.83,True
34878,207895085,ABT,2026-07-28,229.03,True
34878,207895085,ABT,2026-08-04,214.1,True
34878,207895085,ABT,2026-08-11,213.65,True
34878,207895085,BUY,2026-06-02,254.6,True
34878,207895085,BUY,2026-06-09,251.54,True
34878,207895085,BUY,2026-06-16,258.7,True
34878,207895085,BUY,2026-06-23,256.1,True
34878,207895085,BUY,2026-06-30,256.06,True
34878,207895085,BUY,2026-07-07,251.35,True
34878,207895085,BUY,2026-07-14,254.39,True
34878,207895085,BUY,2026-07-21,226.35,True
34878,207895085,BUY,2026-07-28,226.44,True
34878,207895085,BUY,2026-08-04,222.55,True
34878,207895085,BUY,2026-08-11,221.88,True
34263,207897315,ABT,2026-06-02,391.79,True
34263,207897315,ABT,2026-06-09,345.22,True
34263,207897315,ABT,2026-06-16,338.88,True
34263,207897315,ABT,2026-06-23,332.65,True
34263,207897315,ABT,2026-06-30,333.55,True
34263,207897315,ABT,2026-07-07,331.77,True
34263,207897315,ABT,2026-07-14,335.06,True
34263,207897315,ABT,2026-07-21,278.65,True
34263,207897315,ABT,2026-07-28,276.46,True
34263,207897315,ABT,2026-08-04,309.95,True
34263,207897315,ABT,2026-08-11,306.03,True
34263,207897315,BUY,2026-06-02,399.24,True
34263,207897315,BUY,2026-06-09,402.75,True
34263,207897315,BUY,2026-06-16,403.08,True
34263,207897315,BUY,2026-06-23,405.88,True
34263,207897315,BUY,2026-06-30,406.2,True
34263,207897315,BUY,2026-07-07,407.31,True
34263,207897315,BUY,2026-07-14,411.87,True
34263,207897315,BUY,2026-07-21,411.19,True
34263,207897315,BUY,2026-07-28,412.56,True
34263,207897315,BUY,2026-08-04,420.93,True
34263,207897315,BUY,2026-08-11,423.52,True
35052,207897840,ABT,2026-06-16,504.22,True
35052,207897840,ABT,2026-06-23,543.36,True
35052,207897840,ABT,2026-06-30,544.98,True
35052,207897840,ABT,2026-07-07,545.63,True
35052,207897840,ABT,2026-07-14,538.59,True
35052,207897840,ABT,2026-07-21,543.77,True
35052,207897840,ABT,2026-07-28,542.81,True
35052,207897840,ABT,2026-08-04,542.72,True
35052,207897840,ABT,2026-08-11,537.35,True
35052,207897840,BUY,2026-06-16,506.44,True
35052,207897840,BUY,2026-06-23,468.51,True
35052,207897840,BUY,2026-06-30,420.2,True
35052,207897840,BUY,2026-07-07,381.3,True
35052,207897840,BUY,2026-07-14,343.71,True
35052,207897840,BUY,2026-07-21,308.0,True
35052,207897840,BUY,2026-07-28,313.77,True
35052,207897840,BUY,2026-08-04,307.21,True
35052,207897840,BUY,2026-08-11,313.56,True
37716,207899810,ABT,2026-05-26,195.64,True
37716,207899810,ABT,2026-06-02,195.89,True
37716,207899810,ABT,2026-06-09,196.1,True
37716,207899810,ABT,2026-06-16,200.19,True
37716,207899810,ABT,2026-06-23,201.87,True
37716,207899810,ABT,2026-06-30,223.98,True
37716,207899810,ABT,2026-07-07,221.81,True
37716,207899810,ABT,2026-07-14,221.03,True
37716,207899810,ABT,2026-07-21,223.35,True
37716,207899810,ABT,2026-07-28,199.05,True
37716,207899810,ABT,2026-08-04,192.36,True
37716,207899810,ABT,2026-08-11,190.56,True
37716,207899810,BUY,2026-05-26,184.83,True
37716,207899810,BUY,2026-06-02,171.72,True
37716,207899810,BUY,2026-06-09,176.49,True
37716,207899810,BUY,2026-06-16,173.61,True
37716,207899810,BUY,2026-06-23,168.85,True
37716,207899810,BUY,2026-06-30,170.26,True
37716,207899810,BUY,2026-07-07,172.32,True
37716,207899810,BUY,2026-07-14,157.24,True
37716,207899810,BUY,2026-07-21,159.72,True
37716,207899810,BUY,2026-07-28,161.32,True
37716,207899810,BUY,2026-08-04,164.16,True
37716,207899810,BUY,2026-08-11,160.74,True
36962,207899814,ABT,2026-06-16,15.87,True
36962,207899814,ABT,2026-06-23,15.9,True
36962,207899814,ABT,2026-06-30,13.29,True
36962,207899814,ABT,2026-07-07,13.62,True
36962,207899814,ABT,2026-07-14,13.56,True
36962,207899814,ABT,2026-07-21,12.05,True
36962,207899814,ABT,2026-07-28,11.88,True
36962,207899814,ABT,2026-08-04,11.9,True
36962,207899814,ABT,2026-08-11,11.66,True
36962,207899814,BUY,2026-06-16,15.48,True
36962,207899814,BUY,2026-06-23,15.58,True
36962,207899814,BUY,2026-06-30,15.91,True
36962,207899814,BUY,2026-07-07,15.83,True
36962,207899814,BUY,2026-07-14,15.71,True
36962,207899814,BUY,2026-07-21,15.9,True
36962,207899814,BUY,2026-07-28,16.01,True
36962,207899814,BUY,2026-08-04,15.82,True
36962,207899814,BUY,2026-08-11,15.91,True
34135,207900170,ABT,2026-06-16,1096.7,True
34135,207900170,ABT,2026-06-23,1077.86,True
34135,207900170,ABT,2026-06-30,1093.87,True
34135,207900170,ABT,2026-07-07,1079.49,True
34135,207900170,ABT,2026-07-14,1072.26,True
34135,207900170,ABT,2026-07-21,1086.46,True
34135,207900170,ABT,2026-07-28,1088.14,True
34135,207900170,ABT,2026-08-04,1111.61,True
34135,207900170,ABT,2026-08-11,1144.59,True
34135,207900170,BUY,2026-06-16,1070.1,True
34135,207900170,BUY,2026-06-23,1044.36,True
34135,207900170,BUY,2026-06-30,1028.78,True
34135,207900170,BUY,2026-07-07,1011.52,True
34135,207900170,BUY,2026-07-14,990.1,True
34135,207900170,BUY,2026-07-21,991.02,True
34135,207900170,BUY,2026-07-28,1000.9,True
34135,207900170,BUY,2026-08-04,1001.16,True
34135,207900170,BUY,2026-08-11,988.85,True
34136,207900171,ABT,2026-06-23,1085.3,True
34136,207900171,ABT,2026-06-30,1080.64,True
34136,207900171,ABT,2026-07-07,1082.13,True
34136,207900171,ABT,2026-07-14,1077.05,True
34136,207900171,ABT,2026-07-21,952.0,True
34136,207900171,ABT,2026-07-28,959.41,True
34136,207900171,ABT,2026-08-04,950.36,True
34136,207900171,ABT,2026-08-11,951.2,True
34136,207900171,BUY,2026-06-23,1078.88,True
34136,207900171,BUY,2026-06-30,1086.56,True
34136,207900171,BUY,2026-07-07,1105.96,True
34136,207900171,BUY,2026-07-14,1105.35,True
34136,207900171,BUY,2026-07-21,999.66,True
34136,207900171,BUY,2026-07-28,993.72,True
34136,207900171,BUY,2026-08-04,1000.81,True
34136,207900171,BUY,2026-08-11,1016.27,True
34130,207900174,ABT,2026-06-09,278.68,True
34130,207900174,ABT,2026-06-16,281.95,True
34130,207900174,ABT,2026-06-23,288.81,True
34130,207900174,ABT,2026-06-30,263.0,True
34130,207900174,ABT,2026-07-07,262.17,True
34130,207900174,ABT,2026-07-14,267.09,True
34130,207900174,ABT,2026-07-21,265.86,True
34130,207900174,ABT,2026-07-28,265.67,True
34130,207900174,ABT,2026-08-04,271.49,True
34130,207900174,ABT,2026-08-11,273.93,True
34130,207900174,BUY,2026-06-09,283.16,True
34130,207900174,BUY,2026-06-16,256.52,True
34130,207900174,BUY,2026-06-23,254.33,True
34130,207900174,BUY,2026-06-30,254.44,True
34130,207900174,BUY,2026-07-07,253.98,True
34130,207900174,BUY,2026-07-14,248.47,True
34130,207900174,BUY,2026-07-21,253.12,True
34130,207900174,BUY,2026-07-28,246.61,True
34130,207900174,BUY,2026-08-04,247.9,True
34130,207900174,BUY,2026-08-11,251.8,True
34089,207900175,ABT,2026-06-02,321.13,True
34089,207900175,ABT,2026-06-09,314.89,True
34089,207900175,ABT,2026-06-16,242.59,True
34089,207900175,ABT,2026-06-23,218.45,True
34089,207900175,ABT,2026-06-30,220.96,True
34089,207900175,ABT,2026-07-07,224.21,True
34089,207900175,ABT,2026-07-14,219.87,True
34089,207900175,ABT,2026-07-21,216.76,True
34089,207900175,ABT,2026-07-28,220.8,True
34089,207900175,ABT,2026-08-04,222.47,True
34089,207900175,ABT,2026-08-11,255.59,True
34089,207900175,BUY,2026-06-02,390.77,True
34089,207900175,BUY,2026-06-09,393.04,True
34089,207900175,BUY,2026-06-16,389.43,True
34089,207900175,BUY,2026-06-23,400.94,True
34089,207900175,BUY,2026-06-30,402.94,True
34089,207900175,BUY,2026-07-07,398.46,True
34089,207900175,BUY,2026-07-14,403.97,True
34089,207900175,BUY,2026-07-21,402.15,True
34089,207900175,BUY,2026-07-28,393.91,True
34089,207900175,BUY,2026-08-04,402.26,True
34089,207900175,BUY,2026-08-11,399.46,True
36077,207900176,ABT,2026-06-16,356.99,True
36077,207900176,ABT,2026-06-23,362.19,True
36077,207900176,ABT,2026-06-30,390.08,True
36077,207900176,ABT,2026-07-07,388.05,True
36077,207900176,ABT,2026-07-14,375.91,True
36077,207900176,ABT,2026-07-21,373.06,True
36077,207900176,ABT,2026-07-28,377.17,True
36077,207900176,ABT,2026-08-04,392.05,True
36077,207900176,ABT,2026-08-11,386.52,True
36077,207900176,BUY,2026-06-16,371.34,True
36077,207900176,BUY,2026-06-23,372.88,True
36077,207900176,BUY,2026-06-30,381.23,True
36077,207900176,BUY,2026-07-07,378.47,True
36077,207900176,BUY,2026-07-14,379.3,True
36077,207900176,BUY,2026-07-21,383.6,True
36077,207900176,BUY,2026-07-28,382.02,True
36077,207900176,BUY,2026-08-04,382.73,True
36077,207900176,BUY,2026-08-11,370.2,True
34280,207900177,ABT,2026-06-23,396.58,True
34280,207900177,ABT,2026-06-30,365.14,True
34280,207900177,ABT,2026-07-07,371.26,True
34280,207900177,ABT,2026-07-14,359.88,True
34280,207900177,ABT,2026-07-21,362.94,True
34280,207900177,ABT,2026-07-28,361.04,True
34280,207900177,ABT,2026-08-04,363.3,True
34280,207900177,ABT,2026-08-11,361.36,True
34280,207900177,BUY,2026-06-23,436.76,True
34280,207900177,BUY,2026-06-30,441.55,True
34280,207900177,BUY,2026-07-07,435.71,True
34280,207900177,BUY,2026-07-14,434.07,True
34280,207900177,BUY,2026-07-21,436.59,True
34280,207900177,BUY,2026-07-28,428.03,True
34280,207900177,BUY,2026-08-04,423.83,True
34280,207900177,BUY,2026-08-11,387.15,True
36080,207900178,ABT,2026-06-02,495.52,True
36080,207900178,ABT,2026-06-09,428.29,True
36080,207900178,ABT,2026-06-16,370.3,True
36080,207900178,ABT,2026-06-23,364.47,True
36080,207900178,ABT,2026-06-30,355.26,True
36080,207900178,ABT,2026-07-07,355.33,True
36080,207900178,ABT,2026-07-14,352.2,True
36080,207900178,ABT,2026-07-21,352.33,True
36080,207900178,ABT,2026-07-28,355.05,True
36080,207900178,ABT,2026-08-04,345.93,True
36080,207900178,ABT,2026-08-11,384.42,True
36080,207900178,BUY,2026-06-02,457.77,True
36080,207900178,BUY,2026-06-09,471.61,True
36080,207900178,BUY,2026-06-16,462.68,True
36080,207900178,BUY,2026-06-23,481.17,True
36080,207900178,BUY,2026-06-30,480.85,True
36080,207900178,BUY,2026-07-07,464.99,True
36080,207900178,BUY,2026-07-14,469.68,True
36080,207900178,BUY,2026-07-21,476.65,True
36080,207900178,BUY,2026-07-28,458.05,True
36080,207900178,BUY,2026-08-04,459.89,True
36080,207900178,BUY,2026-08-11,471.93,True
34303,207900179,ABT,2026-06-23,866.37,True
34303,207900179,ABT,2026-06-30,862.98,True
34303,207900179,ABT,2026-07-07,876.68,True
34303,207900179,ABT,2026-07-14,882.72,True
34303,207900179,ABT,2026-07-21,894.19,True
34303,207900179,ABT,2026-07-28,908.76,True
34303,207900179,ABT,2026-08-04,1009.7,True
34303,207900179,ABT,2026-08-11,992.39,True
34303,207900179,BUY,2026-06-23,870.04,True
34303,207900179,BUY,2026-06-30,895.24,True
34303,207900179,BUY,2026-07-07,914.82,True
34303,207900179,BUY,2026-07-14,824.09,True
34303,207900179,BUY,2026-07-21,828.04,True
34303,207900179,BUY,2026-07-28,752.92,True
34303,207900179,BUY,2026-08-04,758.42,True
34303,207900179,BUY,2026-08-11,757.92,True
34266,207900180,ABT,2026-06-02,902.73,True
34266,207900180,ABT,2026-06-09,904.59,True
34266,207900180,ABT,2026-06-16,902.0,True
34266,207900180,ABT,2026-06-23,901.8,True
34266,207900180,ABT,2026-06-30,890.8,True
34266,207900180,ABT,2026-07-07,894.51,True
34266,207900180,ABT,2026-07-14,889.95,True
34266,207900180,ABT,2026-07-21,880.42,True
34266,207900180,ABT,2026-07-28,863.65,True
34266,207900180,ABT,2026-08-04,860.63,True
34266,207900180,ABT,2026-08-11,860.53,True
34266,207900180,BUY,2026-06-02,895.43,True
34266,207900180,BUY,2026-06-09,902.52,True
34266,207900180,BUY,2026-06-16,906.37,True
34266,207900180,BUY,2026-06-23,895.39,True
34266,207900180,BUY,2026-06-30,885.05,True
34266,207900180,BUY,2026-07-07,855.12,True
34266,207900180,BUY,2026-07-14,852.53,True
34266,207900180,BUY,2026-07-21,840.65,True
34266,207900180,BUY,2026-07-28,859.18,True
34266,207900180,BUY,2026-08-04,854.41,True
34266,207900180,BUY,2026-08-11,848.39,True
35018,207900343,ABT,2026-06-09,79.83,True
35018,207900343,ABT,2026-06-16,73.59,True
35018,207900343,ABT,2026-06-23,73.87,True
35018,207900343,ABT,2026-06-30,72.6,True
35018,207900343,ABT,2026-07-07,72.04,True
35018,207900343,ABT,2026-07-14,71.4,True
35018,207900343,ABT,2026-07-21,73.36,True
35018,207900343,ABT,2026-07-28,72.19,True
35018,207900343,ABT,2026-08-04,70.84,True
35018,207900343,ABT,2026-08-11,71.49,True
35018,207900343,BUY,2026-06-09,81.8,True
35018,207900343,BUY,2026-06-16,81.51,True
35018,207900343,BUY,2026-06-23,79.5,True
35018,207900343,BUY,2026-06-30,81.72,True
35018,207900343,BUY,2026-07-07,81.61,True
35018,207900343,BUY,2026-07-14,81.21,True
35018,207900343,BUY,2026-07-21,83.0,True
35018,207900343,BUY,2026-07-28,82.06,True
35018,207900343,BUY,2026-08-04,74.51,True
35018,207900343,BUY,2026-08-11,75.54,True
30734,207907430,ABT,2026-06-16,404.25,True
30734,207907430,ABT,2026-06-23,349.92,True
30734,207907430,ABT,2026-06-30,361.82,True
30734,207907430,ABT,2026-07-07,366.73,True
30734,207907430,ABT,2026-07-14,368.27,True
30734,207907430,ABT,2026-07-21,403.37,True
30734,207907430,ABT,2026-07-28,404.39,True
30734,207907430,ABT,2026-08-04,405.42,True
30734,207907430,ABT,2026-08-11,385.18,True
30734,207907430,BUY,2026-06-16,401.69,True
30734,207907430,BUY,2026-06-23,399.96,True
30734,207907430,BUY,2026-06-30,393.48,True
30734,207907430,BUY,2026-07-07,394.02,True
30734,207907430,BUY,2026-07-14,386.27,True
30734,207907430,BUY,2026-07-21,355.68,True
30734,207907430,BUY,2026-07-28,321.65,True
30734,207907430,BUY,2026-08-04,281.31,True
30734,207907430,BUY,2026-08-11,286.12,True
36172,207907535,ABT,2026-06-02,32.44,True
36172,207907535,ABT,2026-06-09,32.1,True
36172,207907535,ABT,2026-06-16,31.76,True
36172,207907535,ABT,2026-06-23,32.46,True
36172,207907535,ABT,2026-06-30,32.75,True
36172,207907535,ABT,2026-07-07,33.25,True
36172,207907535,ABT,2026-07-14,33.09,True
36172,207907535,ABT,2026-07-21,32.22,True
36172,207907535,ABT,2026-07-28,31.23,True
36172,207907535,ABT,2026-08-04,31.39,True
36172,207907535,ABT,2026-08-11,30.96,True
36172,207907535,BUY,2026-06-02,28.17,True
36172,207907535,BUY,2026-06-09,26.76,True
36172,207907535,BUY,2026-06-16,25.18,True
36172,207907535,BUY,2026-06-23,23.53,True
36172,207907535,BUY,2026-06-30,23.79,True
36172,207907535,BUY,2026-07-07,23.61,True
36172,207907535,BUY,2026-07-14,23.79,True
36172,207907535,BUY,2026-07-21,23.49,True
36172,207907535,BUY,2026-07-28,22.93,True
36172,207907535,BUY,2026-08-04,23.08,True
36172,207907535,BUY,2026-08-11,23.11,True
36142,207907548,ABT,2026-06-23,12.25,True
36142,207907548,ABT,2026-06-30,12.06,True
36142,207907548,ABT,2026-07-07,11.83,True
36142,207907548,ABT,2026-07-14,11.78,True
36142,207907548,ABT,2026-07-21,10.82,True
36142,207907548,ABT,2026-07-28,10.02,True
36142,207907548,ABT,2026-08-04,9.75,True
36142,207907548,ABT,2026-08-11,9.55,True
36142,207907548,BUY,2026-06-23,10.96,True
36142,207907548,BUY,2026-06-30,10.97,True
36142,207907548,BUY,2026-07-07,11.14,True
36142,207907548,BUY,2026-07-14,11.06,True
36142,207907548,BUY,2026-07-21,11.2,True
36142,207907548,BUY,2026-07-28,11.58,True
36142,207907548,BUY,2026-08-04,11.75,True
36142,207907548,BUY,2026-08-11,11.96,True
36149,207907550,ABT,2026-05-26,15.88,True
36149,207907550,ABT,2026-06-02,16.97,True
36149,207907550,ABT,2026-06-09,19.01,True
36149,207907550,ABT,2026-06-16,21.2,True
36149,207907550,ABT,2026-06-23,21.25,True
36149,207907550,ABT,2026-06-30,20.56,True
36149,207907550,ABT,2026-07-07,20.56,True
36149,207907550,ABT,2026-07-14,18.81,True
36149,207907550,ABT,2026-07-21,18.68,True
36149,207907550,ABT,2026-07-28,18.79,True
36149,207907550,ABT,2026-08-04,19.87,True
36149,207907550,ABT,2026-08-11,18.06,True
36149,207907550,BUY,2026-05-26,16.02,True
36149,207907550,BUY,2026-06-02,16.14,True
36149,207907550,BUY,2026-06-09,17.78,True
36149,207907550,BUY,2026-06-16,17.42,True
36149,207907550,BUY,2026-06-23,17.47,True
36149,207907550,BUY,2026-06-30,15.47,True
36149,207907550,BUY,2026-07-07,15.24,True
36149,207907550,BUY,2026-07-14,15.41,True
36149,207907550,BUY,2026-07-21,15.42,True
36149,207907550,BUY,2026-07-28,15.33,True
36149,207907550,BUY,2026-08-04,15.23,True
36149,207907550,BUY,2026-08-11,15.03,True
36143,207907552,ABT,2026-06-23,10.9,True
36143,207907552,ABT,2026-06-30,10.91,True
36143,207907552,ABT,2026-07-07,10.3,True
36143,207907552,ABT,2026-07-14,10.07,True
36143,207907552,ABT,2026-07-21,9.91,True
36143,207907552,ABT,2026-07-28,9.79,True
36143,207907552,ABT,2026-08-04,9.25,True
36143,207907552,ABT,2026-08-11,9.59,True
36143,207907552,BUY,2026-06-23,11.08,True
36143,207907552,BUY,2026-06-30,11.09,True
36143,207907552,BUY,2026-07-07,9.69,True
36143,207907552,BUY,2026-07-14,8.74,True
36143,207907552,BUY,2026-07-21,8.65,True
36143,207907552,BUY,2026-07-28,8.45,True
36143,207907552,BUY,2026-08-04,8.55,True
36143,207907552,BUY,2026-08-11,8.56,True
34548,207907555,ABT,2026-06-02,26.34,True
34548,207907555,ABT,2026-06-09,26.62,True
34548,207907555,ABT,2026-06-16,26.28,True
34548,207907555,ABT,2026-06-23,25.69,True
34548,207907555,ABT,2026-06-30,25.83,True
34548,207907555,ABT,2026-07-07,26.0,True
34548,207907555,ABT,2026-07-14,25.94,True
34548,207907555,ABT,2026-07-21,25.8,True
34548,207907555,ABT,2026-07-28,26.27,True
34548,207907555,ABT,2026-08-04,25.91,True
34548,207907555,ABT,2026-08-11,25.72,True
34548,207907555,BUY,2026-06-02,25.64,True
34548,207907555,BUY,2026-06-09,25.36,True
34548,207907555,BUY,2026-06-16,25.06,True
34548,207907555,BUY,2026-06-23,25.71,True
34548,207907555,BUY,2026-06-30,25.88,True
34548,207907555,BUY,2026-07-07,24.18,True
34548,207907555,BUY,2026-07-14,23.49,True
34548,207907555,BUY,2026-07-21,23.32,True
34548,207907555,BUY,2026-07-28,23.63,True
34548,207907555,BUY,2026-08-04,23.42,True
34548,207907555,BUY,2026-08-11,24.49,True
34559,207907557,ABT,2026-06-09,23.9,True
34559,207907557,ABT,2026-06-16,23.57,True
34559,207907557,ABT,2026-06-23,23.34,True
34559,207907557,ABT,2026-06-30,23.74,True
34559,207907557,ABT,2026-07-07,21.84,True
34559,207907557,ABT,2026-07-14,21.35,True
34559,207907557,ABT,2026-07-21,21.38,True
34559,207907557,ABT,2026-07-28,21.72,True
34559,207907557,ABT,2026-08-04,21.08,True
34559,207907557,ABT,2026-08-11,20.76,True
34559,207907557,BUY,2026-06-09,20.4,True
34559,207907557,BUY,2026-06-16,21.31,True
34559,207907557,BUY,2026-06-23,20.14,True
34559,207907557,BUY,2026-06-30,20.46,True
34559,207907557,BUY,2026-07-07,20.46,True
34559,207907557,BUY,2026-07-14,20.32,True
34559,207907557,BUY,2026-07-21,18.54,True
34559,207907557,BUY,2026-07-28,16.56,True
34559,207907557,BUY,2026-08-04,15.13,True
34559,207907557,BUY,2026-08-11,13.83,True
36151,207907558,ABT,2026-06-16,17.05,True
36151,207907558,ABT,2026-06-23,16.89,True
36151,207907558,ABT,2026-06-30,17.15,True
36151,207907558,ABT,2026-07-07,17.73,True
36151,207907558,ABT,2026-07-14,17.44,True
36151,207907558,ABT,2026-07-21,17.71,True
36151,207907558,ABT,2026-07-28,20.53,True
36151,207907558,ABT,2026-08-04,20.57,True
36151,207907558,ABT,2026-08-11,20.37,True
36151,207907558,BUY,2026-06-16,17.12,True
36151,207907558,BUY,2026-06-23,17.23,True
36151,207907558,BUY,2026-06-30,17.49,True
36151,207907558,BUY,2026-07-07,17.55,True
36151,207907558,BUY,2026-07-14,17.6,True
36151,207907558,BUY,2026-07-21,17.19,True
36151,207907558,BUY,2026-07-28,17.05,True
36151,207907558,BUY,2026-08-04,16.6,True
36151,207907558,BUY,2026-08-11,16.49,True
34557,207907559,ABT,2026-05-26,22.25,True
34557,207907559,ABT,2026-06-02,22.08,True
34557,207907559,ABT,2026-06-09,22.55,True
34557,207907559,ABT,2026-06-16,22.64,True
34557,207907559,ABT,2026-06-23,20.66,True
34557,207907559,ABT,2026-06-30,17.47,True
34557,207907559,ABT,2026-07-07,15.26,True
34557,207907559,ABT,2026-07-14,13.22,True
34557,207907559,ABT,2026-07-21,10.27,True
34557,207907559,ABT,2026-07-28,10.34,True
34557,207907559,ABT,2026-08-04,10.41,True
34557,207907559,ABT,2026-08-11,10.37,True
34557,207907559,BUY,2026-05-26,22.41,True
34557,207907559,BUY,2026-06-02,22.31,True
34557,207907559,BUY,2026-06-09,22.3,True
34557,207907559,BUY,2026-06-16,19.05,True
34557,207907559,BUY,2026-06-23,19.71,True
34557,207907559,BUY,2026-06-30,20.22,True
34557,207907559,BUY,2026-07-07,17.72,True
34557,207907559,BUY,2026-07-14,17.57,True
34557,207907559,BUY,2026-07-21,17.81,True
34557,207907559,BUY,2026-07-28,17.7,True
34557,207907559,BUY,2026-08-04,17.89,True
34557,207907559,BUY,2026-08-11,17.83,True
33758,207910212,ABT,2026-06-02,159.32,True
33758,207910212,ABT,2026-06-09,168.65,True
33758,207910212,ABT,2026-06-16,171.36,True
33758,207910212,ABT,2026-06-23,175.01,True
33758,207910212,ABT,2026-06-30,175.94,True
33758,207910212,ABT,2026-07-07,177.19,True
33758,207910212,ABT,2026-07-14,196.45,True
33758,207910212,ABT,2026-07-21,195.56,True
33758,207910212,ABT,2026-07-28,190.23,True
33758,207910212,ABT,2026-08-04,194.8,True
33758,207910212,ABT,2026-08-11,194.28,True
33758,207910212,BUY,2026-06-02,160.78,True
33758,207910212,BUY,2026-06-09,156.22,True
33758,207910212,BUY,2026-06-16,154.98,True
33758,207910212,BUY,2026-06-23,152.07,True
33758,207910212,BUY,2026-06-30,153.38,True
33758,207910212,BUY,2026-07-07,151.7,True
33758,207910212,BUY,2026-07-14,149.91,True
33758,207910212,BUY,2026-07-21,152.31,True
33758,207910212,BUY,2026-07-28,131.56,True
33758,207910212,BUY,2026-08-04,141.32,True
33758,207910212,BUY,2026-08-11,123.99,True
34031,207910213,ABT,2026-05-26,119.88,True
34031,207910213,ABT,2026-06-02,120.23,True
34031,207910213,ABT,2026-06-09,121.85,True
34031,207910213,ABT,2026-06-16,119.95,True
34031,207910213,ABT,2026-06-23,120.46,True
34031,207910213,ABT,2026-06-30,121.7,True
34031,207910213,ABT,2026-07-07,109.73,True
34031,207910213,ABT,2026-07-14,115.92,True
34031,207910213,ABT,2026-07-21,115.79,True
34031,207910213,ABT,2026-07-28,119.05,True
34031,207910213,ABT,2026-08-04,118.68,True
34031,207910213,ABT,2026-08-11,117.35,True
34031,207910213,BUY,2026-05-26,120.49,True
34031,207910213,BUY,2026-06-02,119.88,True
34031,207910213,BUY,2026-06-09,119.92,True
34031,207910213,BUY,2026-06-16,111.99,True
34031,207910213,BUY,2026-06-23,105.86,True
34031,207910213,BUY,2026-06-30,104.49,True
34031,207910213,BUY,2026-07-07,106.15,True
34031,207910213,BUY,2026-07-14,108.14,True
34031,207910213,BUY,2026-07-21,93.35,True
34031,207910213,BUY,2026-07-28,92.89,True
34031,207910213,BUY,2026-08-04,92.04,True
34031,207910213,BUY,2026-08-11,95.66,True
33382,207910214,ABT,2026-06-02,201.25,True
33382,207910214,ABT,2026-06-09,200.89,True
33382,207910214,ABT,2026-06-16,201.89,True
33382,207910214,ABT,2026-06-23,217.92,True
33382,207910214,ABT,2026-06-30,214.45,True
33382,207910214,ABT,2026-07-07,191.81,True
33382,207910214,ABT,2026-07-14,192.39,True
33382,207910214,ABT,2026-07-21,197.84,True
33382,207910214,ABT,2026-07-28,197.5,True
33382,207910214,ABT,2026-08-04,199.72,True
33382,207910214,ABT,2026-08-11,193.17,True
33382,207910214,BUY,2026-06-02,215.7,True
33382,207910214,BUY,2026-06-09,216.41,True
33382,207910214,BUY,2026-06-16,218.1,True
33382,207910214,BUY,2026-06-23,238.38,True
33382,207910214,BUY,2026-06-30,206.03,True
33382,207910214,BUY,2026-07-07,197.94,True
33382,207910214,BUY,2026-07-14,195.3,True
33382,207910214,BUY,2026-07-21,198.91,True
33382,207910214,BUY,2026-07-28,198.51,True
33382,207910214,BUY,2026-08-04,201.65,True
33382,207910214,BUY,2026-08-11,197.06,True
30219,207910337,ABT,2026-06-16,66.05,True
30219,207910337,ABT,2026-06-23,66.1,True
30219,207910337,ABT,2026-06-30,66.49,True
30219,207910337,ABT,2026-07-07,66.75,True
30219,207910337,ABT,2026-07-14,67.84,True
30219,207910337,ABT,2026-07-21,66.95,True
30219,207910337,ABT,2026-07-28,67.02,True
30219,207910337,ABT,2026-08-04,65.71,True
30219,207910337,ABT,2026-08-11,65.94,True
30219,207910337,BUY,2026-06-16,67.66,True
30219,207910337,BUY,2026-06-23,70.1,True
30219,207910337,BUY,2026-06-30,70.97,True
30219,207910337,BUY,2026-07-07,60.43,True
30219,207910337,BUY,2026-07-14,61.6,True
30219,207910337,BUY,2026-07-21,61.62,True
30219,207910337,BUY,2026-07-28,61.03,True
30219,207910337,BUY,2026-08-04,60.76,True
30219,207910337,BUY,2026-08-11,59.47,True
25113,207910387,ABT,2026-05-26,247.51,True
25113,207910387,ABT,2026-06-02,215.93,True
25113,207910387,ABT,2026-06-09,210.02,True
25113,207910387,ABT,2026-06-16,211.62,True
25113,207910387,ABT,2026-06-23,215.03,True
25113,207910387,ABT,2026-06-30,217.06,True
25113,207910387,ABT,2026-07-07,211.45,True
25113,207910387,ABT,2026-07-14,209.57,True
25113,207910387,ABT,2026-07-21,216.96,True
25113,207910387,ABT,2026-07-28,219.78,True
25113,207910387,ABT,2026-08-04,223.33,True
25113,207910387,ABT,2026-08-11,221.18,True
25113,207910387,BUY,2026-05-26,244.12,True
25113,207910387,BUY,2026-06-02,252.02,True
25113,207910387,BUY,2026-06-09,216.2,True
25113,207910387,BUY,2026-06-16,216.9,True
25113,207910387,BUY,2026-06-23,216.81,True
25113,207910387,BUY,2026-06-30,218.31,True
25113,207910387,BUY,2026-07-07,219.64,True
25113,207910387,BUY,2026-07-14,223.68,True
25113,207910387,BUY,2026-07-21,221.76,True
25113,207910387,BUY,2026-07-28,210.1,True
25113,207910387,BUY,2026-08-04,191.43,True
25113,207910387,BUY,2026-08-11,194.22,True
34648,207919773,ABT,2026-05-26,1486.09,True
34648,207919773,ABT,2026-06-02,1447.63,True
34648,207919773,ABT,2026-06-09,1556.83,True
34648,207919773,ABT,2026-06-16,1558.25,True
34648,207919773,ABT,2026-06-23,1574.07,True
34648,207919773,ABT,2026-06-30,1598.1,True
34648,207919773,ABT,2026-07-07,1550.27,True
34648,207919773,ABT,2026-07-14,1558.77,True
34648,207919773,ABT,2026-07-21,1437.89,True
34648,207919773,ABT,2026-07-28,1416.88,True
34648,207919773,ABT,2026-08-04,1413.32,True
34648,207919773,ABT,2026-08-11,1453.08,True
34648,207919773,BUY,2026-05-26,1582.86,True
34648,207919773,BUY,2026-06-02,1615.48,True
34648,207919773,BUY,2026-06-09,1664.08,True
34648,207919773,BUY,2026-06-16,1642.42,True
34648,207919773,BUY,2026-06-23,1712.16,True
34648,207919773,BUY,2026-06-30,1682.92,True
34648,207919773,BUY,2026-07-07,1659.25,True
34648,207919773,BUY,2026-07-14,1679.83,True
34648,207919773,BUY,2026-07-21,1606.49,True
34648,207919773,BUY,2026-07-28,1632.99,True
34648,207919773,BUY,2026-08-04,1646.3,True
34648,207919773,BUY,2026-08-11,1629.67,True
38781,207920831,ABT,2026-06-16,19.42,True
38781,207920831,ABT,2026-06-23,18.83,True
38781,207920831,ABT,2026-06-30,16.4,True
38781,207920831,ABT,2026-07-07,16.28,True
38781,207920831,ABT,2026-07-14,15.92,True
38781,207920831,ABT,2026-07-21,16.1,True
38781,207920831,ABT,2026-07-28,16.09,True
38781,207920831,ABT,2026-08-04,16.13,True
38781,207920831,ABT,2026-08-11,16.27,True
38781,207920831,BUY,2026-06-16,19.58,True
38781,207920831,BUY,2026-06-23,19.65,True
38781,207920831,BUY,2026-06-30,19.9,True
38781,207920831,BUY,2026-07-07,20.08,True
38781,207920831,BUY,2026-07-14,19.93,True
38781,207920831,BUY,2026-07-21,19.51,True
38781,207920831,BUY,2026-07-28,17.09,True
38781,207920831,BUY,2026-08-04,17.23,True
38781,207920831,BUY,2026-08-11,17.16,True
33921,207925431,ABT,2026-06-02,293.21,True
33921,207925431,ABT,2026-06-09,292.9,True
33921,207925431,ABT,2026-06-16,290.55,True
33921,207925431,ABT,2026-06-23,287.8,True
33921,207925431,ABT,2026-06-30,292.41,True
33921,207925431,ABT,2026-07-07,291.24,True
33921,207925431,ABT,2026-07-14,288.35,True
33921,207925431,ABT,2026-07-21,283.2,True
33921,207925431,ABT,2026-07-28,280.68,True
33921,207925431,ABT,2026-08-04,266.31,True
33921,207925431,ABT,2026-08-11,273.1,True
33921,207925431,BUY,2026-06-02,288.1,True
33921,207925431,BUY,2026-06-09,287.37,True
33921,207925431,BUY,2026-06-16,281.23,True
33921,207925431,BUY,2026-06-23,322.85,True
33921,207925431,BUY,2026-06-30,322.54,True
33921,207925431,BUY,2026-07-07,329.22,True
33921,207925431,BUY,2026-07-14,361.14,True
33921,207925431,BUY,2026-07-21,357.92,True
33921,207925431,BUY,2026-07-28,366.43,True
33921,207925431,BUY,2026-08-04,340.58,True
33921,207925431,BUY,2026-08-11,345.79,True
33922,207925432,ABT,2026-06-02,305.9,True
33922,207925432,ABT,2026-06-09,305.16,True
33922,207925432,ABT,2026-06-16,341.0,True
33922,207925432,ABT,2026-06-23,341.42,True
33922,207925432,ABT,2026-06-30,348.23,True
33922,207925432,ABT,2026-07-07,354.34,True
33922,207925432,ABT,2026-07-14,352.88,True
33922,207925432,ABT,2026-07-21,354.12,True
33922,207925432,ABT,2026-07-28,353.13,True
33922,207925432,ABT,2026-08-04,356.27,True
33922,207925432,ABT,2026-08-11,355.85,True
33922,207925432,BUY,2026-06-02,318.13,True
33922,207925432,BUY,2026-06-09,308.0,True
33922,207925432,BUY,2026-06-16,305.99,True
33922,207925432,BUY,2026-06-23,308.88,True
33922,207925432,BUY,2026-06-30,302.93,True
33922,207925432,BUY,2026-07-07,298.98,True
33922,207925432,BUY,2026-07-14,300.13,True
33922,207925432,BUY,2026-07-21,293.47,True
33922,207925432,BUY,2026-07-28,286.63,True
33922,207925432,BUY,2026-08-04,292.3,True
33922,207925432,BUY,2026-08-11,295.21,True
36197,207925440,ABT,2026-06-09,19.32,True
36197,207925440,ABT,2026-06-16,19.56,True
36197,207925440,ABT,2026-06-23,19.15,True
36197,207925440,ABT,2026-06-30,19.14,True
36197,207925440,ABT,2026-07-07,18.91,True
36197,207925440,ABT,2026-07-14,18.86,True
36197,207925440,ABT,2026-07-21,19.16,True
36197,207925440,ABT,2026-07-28,19.45,True
36197,207925440,ABT,2026-08-04,19.82,True
36197,207925440,ABT,2026-08-11,19.88,True
36197,207925440,BUY,2026-06-09,18.71,True
36197,207925440,BUY,2026-06-16,18.88,True
36197,207925440,BUY,2026-06-23,19.03,True
36197,207925440,BUY,2026-06-30,19.22,True
36197,207925440,BUY,2026-07-07,18.77,True
36197,207925440,BUY,2026-07-14,18.81,True
36197,207925440,BUY,2026-07-21,18.5,True
36197,207925440,BUY,2026-07-28,18.4,True
36197,207925440,BUY,2026-08-04,18.31,True
36197,207925440,BUY,2026-08-11,18.78,True
34304,207927557,ABT,2026-06-16,908.2,True
34304,207927557,ABT,2026-06-23,1010.46,True
34304,207927557,ABT,2026-06-30,1007.91,True
34304,207927557,ABT,2026-07-07,1012.12,True
34304,207927557,ABT,2026-07-14,942.68,True
34304,207927557,ABT,2026-07-21,935.59,True
34304,207927557,ABT,2026-07-28,922.08,True
34304,207927557,ABT,2026-08-04,904.45,True
34304,207927557,ABT,2026-08-11,896.25,True
34304,207927557,BUY,2026-06-16,909.56,True
34304,207927557,BUY,2026-06-23,918.29,True
34304,207927557,BUY,2026-06-30,890.97,True
34304,207927557,BUY,2026-07-07,906.52,True
34304,207927557,BUY,2026-07-14,906.25,True
34304,207927557,BUY,2026-07-21,886.08,True
34304,207927557,BUY,2026-07-28,775.34,True
34304,207927557,BUY,2026-08-04,744.72,True
34304,207927557,BUY,2026-08-11,768.12,True
34880,207929461,ABT,2026-06-09,250.16,True
34880,207929461,ABT,2026-06-16,220.04,True
34880,207929461,ABT,2026-06-23,219.66,True
34880,207929461,ABT,2026-06-30,212.08,True
34880,207929461,ABT,2026-07-07,200.64,True
34880,207929461,ABT,2026-07-14,195.65,True
34880,207929461,ABT,2026-07-21,165.57,True
34880,207929461,ABT,2026-07-28,166.36,True
34880,207929461,ABT,2026-08-04,161.95,True
34880,207929461,ABT,2026-08-11,159.18,True
34880,207929461,BUY,2026-06-09,246.65,True
34880,207929461,BUY,2026-06-16,251.33,True
34880,207929461,BUY,2026-06-23,219.26,True
34880,207929461,BUY,2026-06-30,195.17,True
34880,207929461,BUY,2026-07-07,175.99,True
34880,207929461,BUY,2026-07-14,160.84,True
34880,207929461,BUY,2026-07-21,144.54,True
34880,207929461,BUY,2026-07-28,145.13,True
34880,207929461,BUY,2026-08-04,145.26,True
34880,207929461,BUY,2026-08-11,145.97,True
34278,207934190,ABT,2026-05-26,166.81,True
34278,207934190,ABT,2026-06-02,167.18,True
34278,207934190,ABT,2026-06-09,164.32,True
34278,207934190,ABT,2026-06-16,166.93,True
34278,207934190,ABT,2026-06-23,166.59,True
34278,207934190,ABT,2026-06-30,166.52,True
34278,207934190,ABT,2026-07-07,172.03,True
34278,207934190,ABT,2026-07-14,172.62,True
34278,207934190,ABT,2026-07-21,176.0,True
34278,207934190,ABT,2026-07-28,176.48,True
34278,207934190,ABT,2026-08-04,177.99,True
34278,207934190,ABT,2026-08-11,177.31,True
34278,207934190,BUY,2026-05-26,165.9,True
34278,207934190,BUY,2026-06-02,166.92,True
34278,207934190,BUY,2026-06-09,164.56,True
34278,207934190,BUY,2026-06-16,165.89,True
34278,207934190,BUY,2026-06-23,165.2,True
34278,207934190,BUY,2026-06-30,183.56,True
34278,207934190,BUY,2026-07-07,188.96,True
34278,207934190,BUY,2026-07-14,189.87,True
34278,207934190,BUY,2026-07-21,192.96,True
34278,207934190,BUY,2026-07-28,192.8,True
34278,207934190,BUY,2026-08-04,191.01,True
34278,207934190,BUY,2026-08-11,190.26,True
34624,207934191,ABT,2026-06-16,229.71,True
34624,207934191,ABT,2026-06-23,228.31,True
34624,207934191,ABT,2026-06-30,207.21,True
34624,207934191,ABT,2026-07-07,202.65,True
34624,207934191,ABT,2026-07-14,204.98,True
34624,207934191,ABT,2026-07-21,207.8,True
34624,207934191,ABT,2026-07-28,207.3,True
34624,207934191,ABT,2026-08-04,205.84,True
34624,207934191,ABT,2026-08-11,204.1,True
34624,207934191,BUY,2026-06-16,222.35,True
34624,207934191,BUY,2026-06-23,220.54,True
34624,207934191,BUY,2026-06-30,221.05,True
34624,207934191,BUY,2026-07-07,220.03,True
34624,207934191,BUY,2026-07-14,223.82,True
34624,207934191,BUY,2026-07-21,229.19,True
34624,207934191,BUY,2026-07-28,222.11,True
34624,207934191,BUY,2026-08-04,224.06,True
34624,207934191,BUY,2026-08-11,224.97,True
34000,207934192,ABT,2026-06-02,66.84,True
34000,207934192,ABT,2026-06-09,65.6,True
34000,207934192,ABT,2026-06-16,66.44,True
34000,207934192,ABT,2026-06-23,66.77,True
34000,207934192,ABT,2026-06-30,67.11,True
34000,207934192,ABT,2026-07-07,57.61,True
34000,207934192,ABT,2026-07-14,57.75,True
34000,207934192,ABT,2026-07-21,58.71,True
34000,207934192,ABT,2026-07-28,58.0,True
34000,207934192,ABT,2026-08-04,59.17,True
34000,207934192,ABT,2026-08-11,54.53,True
34000,207934192,BUY,2026-06-02,70.06,True
34000,207934192,BUY,2026-06-09,70.52,True
34000,207934192,BUY,2026-06-16,70.67,True
34000,207934192,BUY,2026-06-23,71.13,True
34000,207934192,BUY,2026-06-30,70.64,True
34000,207934192,BUY,2026-07-07,60.95,True
34000,207934192,BUY,2026-07-14,61.11,True
34000,207934192,BUY,2026-07-21,60.11,True
34000,207934192,BUY,2026-07-28,59.7,True
34000,207934192,BUY,2026-08-04,59.78,True
34000,207934192,BUY,2026-08-11,57.77,True
38343,207935920,ABT,2026-05-26,69.74,True
38343,207935920,ABT,2026-06-02,69.46,True
38343,207935920,ABT,2026-06-09,69.43,True
38343,207935920,ABT,2026-06-16,68.84,True
38343,207935920,ABT,2026-06-23,69.64,True
38343,207935920,ABT,2026-06-30,70.31,True
38343,207935920,ABT,2026-07-07,68.49,True
38343,207935920,ABT,2026-07-14,65.31,True
38343,207935920,ABT,2026-07-21,60.39,True
38343,207935920,ABT,2026-07-28,60.01,True
38343,207935920,ABT,2026-08-04,60.62,True
38343,207935920,ABT,2026-08-11,60.87,True
38343,207935920,BUY,2026-05-26,67.93,True
38343,207935920,BUY,2026-06-02,67.25,True
38343,207935920,BUY,2026-06-09,65.5,True
38343,207935920,BUY,2026-06-16,58.02,True
38343,207935920,BUY,2026-06-23,58.39,True
38343,207935920,BUY,2026-06-30,57.57,True
38343,207935920,BUY,2026-07-07,56.4,True
38343,207935920,BUY,2026-07-14,55.71,True
38343,207935920,BUY,2026-07-21,49.22,True
38343,207935920,BUY,2026-07-28,48.35,True
38343,207935920,BUY,2026-08-04,47.85,True
38343,207935920,BUY,2026-08-11,48.52,True
35872,207937885,ABT,2026-05-26,25.47,True
35872,207937885,ABT,2026-06-02,26.0,True
35872,207937885,ABT,2026-06-09,26.11,True
35872,207937885,ABT,2026-06-16,25.52,True
35872,207937885,ABT,2026-06-23,25.96,True
35872,207937885,ABT,2026-06-30,26.32,True
35872,207937885,ABT,2026-07-07,26.25,True
35872,207937885,ABT,2026-07-14,26.06,True
35872,207937885,ABT,2026-07-21,26.57,True
35872,207937885,ABT,2026-07-28,26.78,True
35872,207937885,ABT,2026-08-04,27.2,True
35872,207937885,ABT,2026-08-11,27.02,True
35872,207937885,BUY,2026-05-26,21.57,True
35872,207937885,BUY,2026-06-02,21.16,True
35872,207937885,BUY,2026-06-09,20.85,True
35872,207937885,BUY,2026-06-16,20.64,True
35872,207937885,BUY,2026-06-23,20.73,True
35872,207937885,BUY,2026-06-30,20.48,True
35872,207937885,BUY,2026-07-07,20.33,True
35872,207937885,BUY,2026-07-14,19.92,True
35872,207937885,BUY,2026-07-21,19.95,True
35872,207937885,BUY,2026-07-28,18.41,True
35872,207937885,BUY,2026-08-04,18.82,True
35872,207937885,BUY,2026-08-11,18.86,True
35282,207937987,ABT,2026-05-26,274.15,True
35282,207937987,ABT,2026-06-02,275.76,True
35282,207937987,ABT,2026-06-09,280.15,True
35282,207937987,ABT,2026-06-16,285.97,True
35282,207937987,ABT,2026-06-23,293.34,True
35282,207937987,ABT,2026-06-30,291.68,True
35282,207937987,ABT,2026-07-07,267.28,True
35282,207937987,ABT,2026-07-14,263.98,True
35282,207937987,ABT,2026-07-21,269.6,True
35282,207937987,ABT,2026-07-28,272.02,True
35282,207937987,ABT,2026-08-04,273.04,True
35282,207937987,ABT,2026-08-11,279.27,True
35282,207937987,BUY,2026-05-26,232.02,True
35282,207937987,BUY,2026-06-02,232.01,True
35282,207937987,BUY,2026-06-09,237.37,True
35282,207937987,BUY,2026-06-16,233.15,True
35282,207937987,BUY,2026-06-23,232.04,True
35282,207937987,BUY,2026-06-30,236.14,True
35282,207937987,BUY,2026-07-07,238.37,True
35282,207937987,BUY,2026-07-14,237.17,True
35282,207937987,BUY,2026-07-21,238.13,True
35282,207937987,BUY,2026-07-28,242.33,True
35282,207937987,BUY,2026-08-04,264.23,True
35282,207937987,BUY,2026-08-11,269.66,True
34657,207938488,ABT,2026-06-09,1337.98,True
34657,207938488,ABT,2026-06-16,1378.91,True
34657,207938488,ABT,2026-06-23,1382.53,True
34657,207938488,ABT,2026-06-30,1272.93,True
34657,207938488,ABT,2026-07-07,1296.46,True
34657,207938488,ABT,2026-07-14,1303.64,True
34657,207938488,ABT,2026-07-21,1303.86,True
34657,207938488,ABT,2026-07-28,1102.94,True
34657,207938488,ABT,2026-08-04,1255.56,True
34657,207938488,ABT,2026-08-11,1278.05,True
34657,207938488,BUY,2026-06-09,1349.42,True
34657,207938488,BUY,2026-06-16,1413.4,True
34657,207938488,BUY,2026-06-23,1433.97,True
34657,207938488,BUY,2026-06-30,1435.18,True
34657,207938488,BUY,2026-07-07,1438.7,True
34657,207938488,BUY,2026-07-14,1320.5,True
34657,207938488,BUY,2026-07-21,1223.74,True
34657,207938488,BUY,2026-07-28,983.19,True
34657,207938488,BUY,2026-08-04,897.03,True
34657,207938488,BUY,2026-08-11,828.28,True
34286,207945552,ABT,2026-06-09,44.41,True
34286,207945552,ABT,2026-06-16,45.42,True
34286,207945552,ABT,2026-06-23,45.97,True
34286,207945552,ABT,2026-06-30,46.14,True
34286,207945552,ABT,2026-07-07,45.79,True
34286,207945552,ABT,2026-07-14,45.15,True
34286,207945552,ABT,2026-07-21,45.24,True
34286,207945552,ABT,2026-07-28,44.41,True
34286,207945552,ABT,2026-08-04,43.73,True
34286,207945552,ABT,2026-08-11,44.48,True
34286,207945552,BUY,2026-06-09,44.06,True
34286,207945552,BUY,2026-06-16,44.11,True
34286,207945552,BUY,2026-06-23,39.2,True
34286,207945552,BUY,2026-06-30,38.21,True
34286,207945552,BUY,2026-07-07,37.43,True
34286,207945552,BUY,2026-07-14,34.45,True
34286,207945552,BUY,2026-07-21,34.41,True
34286,207945552,BUY,2026-07-28,33.97,True
34286,207945552,BUY,2026-08-04,33.34,True
34286,207945552,BUY,2026-08-11,33.28,True
34076,207959750,ABT,2026-06-23,204.6,True
34076,207959750,ABT,2026-06-30,227.81,True
34076,207959750,ABT,2026-07-07,225.16,True
34076,207959750,ABT,2026-07-14,224.01,True
34076,207959750,ABT,2026-07-21,227.95,True
34076,207959750,ABT,2026-07-28,225.19,True
34076,207959750,ABT,2026-08-04,224.86,True
34076,207959750,ABT,2026-08-11,222.95,True
34076,207959750,BUY,2026-06-23,257.23,True
34076,207959750,BUY,2026-06-30,254.25,True
34076,207959750,BUY,2026-07-07,251.88,True
34076,207959750,BUY,2026-07-14,248.84,True
34076,207959750,BUY,2026-07-21,252.73,True
34076,207959750,BUY,2026-07-28,223.87,True
34076,207959750,BUY,2026-08-04,196.02,True
34076,207959750,BUY,2026-08-11,193.46,True
34770,207959798,ABT,2026-06-09,2130.71,True
34770,207959798,ABT,2026-06-16,2111.66,True
34770,207959798,ABT,2026-06-23,2074.2,True
34770,207959798,ABT,2026-06-30,2116.03,True
34770,207959798,ABT,2026-07-07,1840.96,True
34770,207959798,ABT,2026-07-14,1810.56,True
34770,207959798,ABT,2026-07-21,1803.59,True
34770,207959798,ABT,2026-07-28,1825.74,True
34770,207959798,ABT,2026-08-04,1791.04,True
34770,207959798,ABT,2026-08-11,1769.27,True
34770,207959798,BUY,2026-06-09,2140.86,True
34770,207959798,BUY,2026-06-16,2160.45,True
34770,207959798,BUY,2026-06-23,2178.06,True
34770,207959798,BUY,2026-06-30,2132.24,True
34770,207959798,BUY,2026-07-07,2124.75,True
34770,207959798,BUY,2026-07-14,2118.9,True
34770,207959798,BUY,2026-07-21,2120.62,True
34770,207959798,BUY,2026-07-28,2152.43,True
34770,207959798,BUY,2026-08-04,2155.82,True
34770,207959798,BUY,2026-08-11,2444.77,True
34899,207959814,ABT,2026-06-02,324.2,True
34899,207959814,ABT,2026-06-09,327.83,True
34899,207959814,ABT,2026-06-16,354.85,True
34899,207959814,ABT,2026-06-23,310.08,True
34899,207959814,ABT,2026-06-30,317.16,True
34899,207959814,ABT,2026-07-07,315.81,True
34899,207959814,ABT,2026-07-14,312.53,True
34899,207959814,ABT,2026-07-21,315.42,True
34899,207959814,ABT,2026-07-28,316.62,True
34899,207959814,ABT,2026-08-04,320.79,True
34899,207959814,ABT,2026-08-11,321.98,True
34899,207959814,BUY,2026-06-02,330.81,True
34899,207959814,BUY,2026-06-09,331.54,True
34899,207959814,BUY,2026-06-16,328.86,True
34899,207959814,BUY,2026-06-23,328.76,True
34899,207959814,BUY,2026-06-30,296.65,True
34899,207959814,BUY,2026-07-07,247.95,True
34899,207959814,BUY,2026-07-14,246.94,True
34899,207959814,BUY,2026-07-21,247.3,True
34899,207959814,BUY,2026-07-28,247.62,True
34899,207959814,BUY,2026-08-04,243.31,True
34899,207959814,BUY,2026-08-11,239.65,True
34966,207965387,ABT,2026-06-02,126.54,True
34966,207965387,ABT,2026-06-09,122.87,True
34966,207965387,ABT,2026-06-16,122.68,True
34966,207965387,ABT,2026-06-23,122.55,True
34966,207965387,ABT,2026-06-30,106.42,True
34966,207965387,ABT,2026-07-07,106.01,True
34966,207965387,ABT,2026-07-14,104.51,True
34966,207965387,ABT,2026-07-21,102.84,True
34966,207965387,ABT,2026-07-28,97.56,True
34966,207965387,ABT,2026-08-04,92.37,True
34966,207965387,ABT,2026-08-11,91.59,True
34966,207965387,BUY,2026-06-02,128.12,True
34966,207965387,BUY,2026-06-09,126.55,True
34966,207965387,BUY,2026-06-16,122.74,True
34966,207965387,BUY,2026-06-23,116.21,True
34966,207965387,BUY,2026-06-30,117.8,True
34966,207965387,BUY,2026-07-07,119.81,True
34966,207965387,BUY,2026-07-14,119.07,True
34966,207965387,BUY,2026-07-21,117.53,True
34966,207965387,BUY,2026-07-28,121.15,True
34966,207965387,BUY,2026-08-04,110.03,True
34966,207965387,BUY,2026-08-11,110.81,True
34496,207978102,ABT,2026-06-09,575.13,True
34496,207978102,ABT,2026-06-16,577.04,True
34496,207978102,ABT,2026-06-23,578.04,True
34496,207978102,ABT,2026-06-30,572.25,True
34496,207978102,ABT,2026-07-07,567.54,True
34496,207978102,ABT,2026-07-14,621.22,True
34496,207978102,ABT,2026-07-21,628.46,True
34496,207978102,ABT,2026-07-28,596.0,True
34496,207978102,ABT,2026-08-04,593.94,True
34496,207978102,ABT,2026-08-11,589.41,True
34496,207978102,BUY,2026-06-09,580.96,True
34496,207978102,BUY,2026-06-16,594.16,True
34496,207978102,BUY,2026-06-23,595.31,True
34496,207978102,BUY,2026-06-30,600.68,True
34496,207978102,BUY,2026-07-07,599.12,True
34496,207978102,BUY,2026-07-14,615.51,True
34496,207978102,BUY,2026-07-21,593.12,True
34496,207978102,BUY,2026-07-28,606.04,True
34496,207978102,BUY,2026-08-04,602.36,True
34496,207978102,BUY,2026-08-11,601.74,True
38733,207979206,ABT,2026-06-16,439.32,True
38733,207979206,ABT,2026-06-23,436.96,True
38733,207979206,ABT,2026-06-30,426.15,True
38733,207979206,ABT,2026-07-07,420.77,True
38733,207979206,ABT,2026-07-14,415.59,True
38733,207979206,ABT,2026-07-21,411.31,True
38733,207979206,ABT,2026-07-28,407.35,True
38733,207979206,ABT,2026-08-04,400.68,True
38733,207979206,ABT,2026-08-11,367.2,True
38733,207979206,BUY,2026-06-16,439.06,True
38733,207979206,BUY,2026-06-23,400.71,True
38733,207979206,BUY,2026-06-30,400.8,True
38733,207979206,BUY,2026-07-07,349.61,True
38733,207979206,BUY,2026-07-14,358.37,True
38733,207979206,BUY,2026-07-21,409.46,True
38733,207979206,BUY,2026-07-28,412.5,True
38733,207979206,BUY,2026-08-04,399.54,True
38733,207979206,BUY,2026-08-11,402.69,True
35045,207986331,ABT,2026-06-09,83.79,True
35045,207986331,ABT,2026-06-16,84.08,True
35045,207986331,ABT,2026-06-23,83.05,True
35045,207986331,ABT,2026-06-30,82.04,True
35045,207986331,ABT,2026-07-07,82.33,True
35045,207986331,ABT,2026-07-14,83.36,True
35045,207986331,ABT,2026-07-21,85.59,True
35045,207986331,ABT,2026-07-28,86.87,True
35045,207986331,ABT,2026-08-04,86.88,True
35045,207986331,ABT,2026-08-11,87.18,True
35045,207986331,BUY,2026-06-09,86.54,True
35045,207986331,BUY,2026-06-16,86.47,True
35045,207986331,BUY,2026-06-23,85.77,True
35045,207986331,BUY,2026-06-30,85.69,True
35045,207986331,BUY,2026-07-07,87.44,True
35045,207986331,BUY,2026-07-14,87.62,True
35045,207986331,BUY,2026-07-21,89.53,True
35045,207986331,BUY,2026-07-28,90.26,True
35045,207986331,BUY,2026-08-04,90.17,True
35045,207986331,BUY,2026-08-11,89.47,True
33726,207993409,ABT,2026-05-26,92.72,True
33726,207993409,ABT,2026-06-02,91.76,True
33726,207993409,ABT,2026-06-09,91.68,True
33726,207993409,ABT,2026-06-16,91.87,True
33726,207993409,ABT,2026-06-23,92.83,True
33726,207993409,ABT,2026-06-30,92.81,True
33726,207993409,ABT,2026-07-07,91.22,True
33726,207993409,ABT,2026-07-14,88.96,True
33726,207993409,ABT,2026-07-21,89.11,True
33726,207993409,ABT,2026-07-28,86.52,True
33726,207993409,ABT,2026-08-04,86.82,True
33726,207993409,ABT,2026-08-11,85.36,True
33726,207993409,BUY,2026-05-26,100.81,True
33726,207993409,BUY,2026-06-02,100.75,True
33726,207993409,BUY,2026-06-09,101.78,True
33726,207993409,BUY,2026-06-16,104.4,True
33726,207993409,BUY,2026-06-23,103.69,True
33726,207993409,BUY,2026-06-30,104.92,True
33726,207993409,BUY,2026-07-07,105.56,True
33726,207993409,BUY,2026-07-14,103.16,True
33726,207993409,BUY,2026-07-21,102.71,True
33726,207993409,BUY,2026-07-28,101.45,True
33726,207993409,BUY,2026-08-04,102.04,True
33726,207993409,BUY,2026-08-11,103.51,True
30159,208033486,ABT,2026-06-09,299.18,True
30159,208033486,ABT,2026-06-16,298.0,True
30159,208033486,ABT,2026-06-23,300.81,True
30159,208033486,ABT,2026-06-30,303.35,True
30159,208033486,ABT,2026-07-07,280.32,True
30159,208033486,ABT,2026-07-14,276.01,True
30159,208033486,ABT,2026-07-21,276.12,True
30159,208033486,ABT,2026-07-28,273.14,True
30159,208033486,ABT,2026-08-04,273.19,True
30159,208033486,ABT,2026-08-11,267.67,True
30159,208033486,BUY,2026-06-09,302.35,True
30159,208033486,BUY,2026-06-16,300.5,True
30159,208033486,BUY,2026-06-23,306.16,True
30159,208033486,BUY,2026-06-30,302.78,True
30159,208033486,BUY,2026-07-07,300.7,True
30159,208033486,BUY,2026-07-14,299.18,True
30159,208033486,BUY,2026-07-21,299.77,True
30159,208033486,BUY,2026-07-28,311.81,True
30159,208033486,BUY,2026-08-04,311.57,True
30159,208033486,BUY,2026-08-11,301.65,True
34815,208033806,ABT,2026-06-09,135.23,True
34815,208033806,ABT,2026-06-16,124.36,True
34815,208033806,ABT,2026-06-23,116.36,True
34815,208033806,ABT,2026-06-30,115.68,True
34815,208033806,ABT,2026-07-07,114.95,True
34815,208033806,ABT,2026-07-14,114.27,True
34815,208033806,ABT,2026-07-21,107.36,True
34815,208033806,ABT,2026-07-28,110.98,True
34815,208033806,ABT,2026-08-04,111.94,True
34815,208033806,ABT,2026-08-11,110.09,True
34815,208033806,BUY,2026-06-09,135.61,True
34815,208033806,BUY,2026-06-16,134.74,True
34815,208033806,BUY,2026-06-23,134.22,True
34815,208033806,BUY,2026-06-30,134.83,True
34815,208033806,BUY,2026-07-07,134.71,True
34815,208033806,BUY,2026-07-14,133.45,True
34815,208033806,BUY,2026-07-21,135.21,True
34815,208033806,BUY,2026-07-28,136.16,True
34815,208033806,BUY,2026-08-04,133.63,True
34815,208033806,BUY,2026-08-11,133.42,True
33057,208033806,ABT,2026-06-16,131.77,True
33057,208033806,ABT,2026-06-23,121.34,True
33057,208033806,ABT,2026-06-30,111.5,True
33057,208033806,ABT,2026-07-07,101.47,True
33057,208033806,ABT,2026-07-14,102.88,True
33057,208033806,ABT,2026-07-21,90.84,True
33057,208033806,ABT,2026-07-28,84.7,True
33057,208033806,ABT,2026-08-04,85.23,True
33057,208033806,ABT,2026-08-11,82.11,True
33057,208033806,BUY,2026-06-16,135.89,True
33057,208033806,BUY,2026-06-23,134.84,True
33057,208033806,BUY,2026-06-30,133.4,True
33057,208033806,BUY,2026-07-07,133.74,True
33057,208033806,BUY,2026-07-14,133.34,True
33057,208033806,BUY,2026-07-21,131.78,True
33057,208033806,BUY,2026-07-28,131.47,True
33057,208033806,BUY,2026-08-04,132.31,True
33057,208033806,BUY,2026-08-11,132.27,True
32688,208033808,ABT,2026-06-09,89.53,True
32688,208033808,ABT,2026-06-16,89.52,True
32688,208033808,ABT,2026-06-23,88.14,True
32688,208033808,ABT,2026-06-30,88.0,True
32688,208033808,ABT,2026-07-07,87.83,True
32688,208033808,ABT,2026-07-14,88.2,True
32688,208033808,ABT,2026-07-21,88.14,True
32688,208033808,ABT,2026-07-28,89.28,True
32688,208033808,ABT,2026-08-04,87.68,True
32688,208033808,ABT,2026-08-11,89.98,True
32688,208033808,BUY,2026-06-09,92.29,True
32688,208033808,BUY,2026-06-16,90.48,True
32688,208033808,BUY,2026-06-23,93.05,True
32688,208033808,BUY,2026-06-30,91.58,True
32688,208033808,BUY,2026-07-07,91.23,True
32688,208033808,BUY,2026-07-14,91.5,True
32688,208033808,BUY,2026-07-21,90.48,True
32688,208033808,BUY,2026-07-28,91.6,True
32688,208033808,BUY,2026-08-04,92.2,True
32688,208033808,BUY,2026-08-11,90.45,True
33455,208033955,ABT,2026-06-16,316.38,True
33455,208033955,ABT,2026-06-23,318.73,True
33455,208033955,ABT,2026-06-30,320.56,True
33455,208033955,ABT,2026-07-07,318.0,True
33455,208033955,ABT,2026-07-14,316.48,True
33455,208033955,ABT,2026-07-21,314.42,True
33455,208033955,ABT,2026-07-28,332.24,True
33455,208033955,ABT,2026-08-04,338.89,True
33455,208033955,ABT,2026-08-11,329.09,True
33455,208033955,BUY,2026-06-16,316.61,True
33455,208033955,BUY,2026-06-23,277.3,True
33455,208033955,BUY,2026-06-30,257.79,True
33455,208033955,BUY,2026-07-07,231.31,True
33455,208033955,BUY,2026-07-14,220.63,True
33455,208033955,BUY,2026-07-21,219.82,True
33455,208033955,BUY,2026-07-28,212.8,True
33455,208033955,BUY,2026-08-04,215.43,True
33455,208033955,BUY,2026-08-11,188.84,True
34944,208042977,ABT,2026-05-26,1708.99,True
34944,208042977,ABT,2026-06-02,1689.13,True
34944,208042977,ABT,2026-06-09,1571.08,True
34944,208042977,ABT,2026-06-16,1382.56,True
34944,208042977,ABT,2026-06-23,1380.64,True
34944,208042977,ABT,2026-06-30,1413.2,True
34944,208042977,ABT,2026-07-07,1397.95,True
34944,208042977,ABT,2026-07-14,1502.16,True
34944,208042977,ABT,2026-07-21,1493.98,True
34944,208042977,ABT,2026-07-28,1483.35,True
34944,208042977,ABT,2026-08-04,1490.65,True
34944,208042977,ABT,2026-08-11,1489.72,True
34944,208042977,BUY,2026-05-26,1718.38,True
34944,208042977,BUY,2026-06-02,1754.41,True
34944,208042977,BUY,2026-06-09,1752.24,True
34944,208042977,BUY,2026-06-16,1733.24,True
34944,208042977,BUY,2026-06-23,1750.49,True
34944,208042977,BUY,2026-06-30,1761.93,True
34944,208042977,BUY,2026-07-07,1737.05,True
34944,208042977,BUY,2026-07-14,1729.22,True
34944,208042977,BUY,2026-07-21,1511.5,True
34944,208042977,BUY,2026-07-28,1523.66,True
34944,208042977,BUY,2026-08-04,1537.19,True
34944,208042977,BUY,2026-08-11,1492.43,True
37499,208043057,ABT,2026-06-16,137.22,True
37499,208043057,ABT,2026-06-23,135.63,True
37499,208043057,ABT,2026-06-30,139.09,True
37499,208043057,ABT,2026-07-07,138.96,True
37499,208043057,ABT,2026-07-14,141.07,True
37499,208043057,ABT,2026-07-21,139.44,True
37499,208043057,ABT,2026-07-28,140.31,True
37499,208043057,ABT,2026-08-04,140.44,True
37499,208043057,ABT,2026-08-11,120.85,True
37499,208043057,BUY,2026-06-16,137.33,True
37499,208043057,BUY,2026-06-23,140.94,True
37499,208043057,BUY,2026-06-30,138.55,True
37499,208043057,BUY,2026-07-07,139.33,True
37499,208043057,BUY,2026-07-14,142.11,True
37499,208043057,BUY,2026-07-21,143.91,True
37499,208043057,BUY,2026-07-28,140.85,True
37499,208043057,BUY,2026-08-04,141.49,True
37499,208043057,BUY,2026-08-11,141.16,True
34998,208079230,ABT,2026-06-02,1709.16,True
34998,208079230,ABT,2026-06-09,1696.68,True
34998,208079230,ABT,2026-06-16,1684.42,True
34998,208079230,ABT,2026-06-23,1710.21,True
34998,208079230,ABT,2026-06-30,1698.53,True
34998,208079230,ABT,2026-07-07,1556.02,True
34998,208079230,ABT,2026-07-14,1513.57,True
34998,208079230,ABT,2026-07-21,1476.25,True
34998,208079230,ABT,2026-07-28,1493.31,True
34998,208079230,ABT,2026-08-04,1506.89,True
34998,208079230,ABT,2026-08-11,1390.07,True
34998,208079230,BUY,2026-06-02,1672.05,True
34998,208079230,BUY,2026-06-09,1643.31,True
34998,208079230,BUY,2026-06-16,1603.63,True
34998,208079230,BUY,2026-06-23,1573.62,True
34998,208079230,BUY,2026-06-30,1592.41,True
34998,208079230,BUY,2026-07-07,1610.67,True
34998,208079230,BUY,2026-07-14,1625.45,True
34998,208079230,BUY,2026-07-21,1622.71,True
34998,208079230,BUY,2026-07-28,1616.32,True
34998,208079230,BUY,2026-08-04,1560.7,True
34998,208079230,BUY,2026-08-11,1529.63,True
35276,208084021,ABT,2026-06-02,2240.88,True
35276,208084021,ABT,2026-06-09,2290.05,True
35276,208084021,ABT,2026-06-16,2321.93,True
35276,208084021,ABT,2026-06-23,2306.74,True
35276,208084021,ABT,2026-06-30,2371.55,True
35276,208084021,ABT,2026-07-07,2358.52,True
35276,208084021,ABT,2026-07-14,2303.27,True
35276,208084021,ABT,2026-07-21,2307.54,True
35276,208084021,ABT,2026-07-28,2311.84,True
35276,208084021,ABT,2026-08-04,2330.33,True
35276,208084021,ABT,2026-08-11,2305.97,True
35276,208084021,BUY,2026-06-02,2191.3,True
35276,208084021,BUY,2026-06-09,2153.13,True
35276,208084021,BUY,2026-06-16,2177.8,True
35276,208084021,BUY,2026-06-23,2201.62,True
35276,208084021,BUY,2026-06-30,2173.45,True
35276,208084021,BUY,2026-07-07,2116.74,True
35276,208084021,BUY,2026-07-14,2138.75,True
35276,208084021,BUY,2026-07-21,2118.43,True
35276,208084021,BUY,2026-07-28,2119.66,True
35276,208084021,BUY,2026-08-04,2069.9,True
35276,208084021,BUY,2026-08-11,2114.5,True
35853,208085175,ABT,2026-06-09,41.14,True
35853,208085175,ABT,2026-06-16,36.0,True
35853,208085175,ABT,2026-06-23,31.92,True
35853,208085175,ABT,2026-06-30,27.48,True
35853,208085175,ABT,2026-07-07,21.38,True
35853,208085175,ABT,2026-07-14,18.74,True
35853,208085175,ABT,2026-07-21,18.71,True
35853,208085175,ABT,2026-07-28,18.76,True
35853,208085175,ABT,2026-08-04,16.53,True
35853,208085175,ABT,2026-08-11,16.32,True
35853,208085175,BUY,2026-06-09,41.58,True
35853,208085175,BUY,2026-06-16,40.84,True
35853,208085175,BUY,2026-06-23,40.46,True
35853,208085175,BUY,2026-06-30,40.79,True
35853,208085175,BUY,2026-07-07,41.92,True
35853,208085175,BUY,2026-07-14,41.32,True
35853,208085175,BUY,2026-07-21,41.69,True
35853,208085175,BUY,2026-07-28,40.06,True
35853,208085175,BUY,2026-08-04,46.57,True
35853,208085175,BUY,2026-08-11,47.7,True
32889,208085178,ABT,2026-06-16,67.78,True
32889,208085178,ABT,2026-06-23,69.12,True
32889,208085178,ABT,2026-06-30,68.16,True
32889,208085178,ABT,2026-07-07,66.59,True
32889,208085178,ABT,2026-07-14,65.42,True
32889,208085178,ABT,2026-07-21,64.19,True
32889,208085178,ABT,2026-07-28,63.61,True
32889,208085178,ABT,2026-08-04,64.28,True
32889,208085178,ABT,2026-08-11,63.63,True
32889,208085178,BUY,2026-06-16,68.26,True
32889,208085178,BUY,2026-06-23,68.6,True
32889,208085178,BUY,2026-06-30,68.42,True
32889,208085178,BUY,2026-07-07,68.9,True
32889,208085178,BUY,2026-07-14,68.32,True
32889,208085178,BUY,2026-07-21,63.66,True
32889,208085178,BUY,2026-07-28,64.25,True
32889,208085178,BUY,2026-08-04,63.15,True
32889,208085178,BUY,2026-08-11,63.71,True
33081,208085180,ABT,2026-06-02,83.07,True
33081,208085180,ABT,2026-06-09,91.38,True
33081,208085180,ABT,2026-06-16,99.56,True
33081,208085180,ABT,2026-06-23,92.94,True
33081,208085180,ABT,2026-06-30,103.25,True
33081,208085180,ABT,2026-07-07,102.33,True
33081,208085180,ABT,2026-07-14,102.4,True
33081,208085180,ABT,2026-07-21,101.28,True
33081,208085180,ABT,2026-07-28,101.3,True
33081,208085180,ABT,2026-08-04,103.47,True
33081,208085180,ABT,2026-08-11,103.63,True
33081,208085180,BUY,2026-06-02,82.82,True
33081,208085180,BUY,2026-06-09,81.67,True
33081,208085180,BUY,2026-06-16,83.23,True
33081,208085180,BUY,2026-06-23,82.63,True
33081,208085180,BUY,2026-06-30,83.13,True
33081,208085180,BUY,2026-07-07,81.25,True
33081,208085180,BUY,2026-07-14,84.02,True
33081,208085180,BUY,2026-07-21,84.38,True
33081,208085180,BUY,2026-07-28,85.46,True
33081,208085180,BUY,2026-08-04,83.51,True
33081,208085180,BUY,2026-08-11,82.54,True
32893,208085182,ABT,2026-06-02,99.67,True
32893,208085182,ABT,2026-06-09,99.95,True
32893,208085182,ABT,2026-06-16,99.07,True
32893,208085182,ABT,2026-06-23,93.24,True
32893,208085182,ABT,2026-06-30,92.05,True
32893,208085182,ABT,2026-07-07,93.93,True
32893,208085182,ABT,2026-07-14,93.31,True
32893,208085182,ABT,2026-07-21,94.79,True
32893,208085182,ABT,2026-07-28,95.56,True
32893,208085182,ABT,2026-08-04,95.96,True
32893,208085182,ABT,2026-08-11,94.93,True
32893,208085182,BUY,2026-06-02,99.92,True
32893,208085182,BUY,2026-06-09,86.54,True
32893,208085182,BUY,2026-06-16,85.66,True
32893,208085182,BUY,2026-06-23,85.06,True
32893,208085182,BUY,2026-06-30,86.76,True
32893,208085182,BUY,2026-07-07,87.77,True
32893,208085182,BUY,2026-07-14,78.45,True
32893,208085182,BUY,2026-07-21,77.52,True
32893,208085182,BUY,2026-07-28,77.07,True
32893,208085182,BUY,2026-08-04,78.6,True
32893,208085182,BUY,2026-08-11,78.98,True
35277,208085253,ABT,2026-06-16,196.35,True
35277,208085253,ABT,2026-06-23,192.68,True
35277,208085253,ABT,2026-06-30,194.5,True
35277,208085253,ABT,2026-07-07,191.03,True
35277,208085253,ABT,2026-07-14,189.89,True
35277,208085253,ABT,2026-07-21,188.91,True
35277,208085253,ABT,2026-07-28,193.96,True
35277,208085253,ABT,2026-08-04,198.86,True
35277,208085253,ABT,2026-08-11,202.12,True
35277,208085253,BUY,2026-06-16,199.01,True
35277,208085253,BUY,2026-06-23,198.33,True
35277,208085253,BUY,2026-06-30,193.04,True
35277,208085253,BUY,2026-07-07,190.65,True
35277,208085253,BUY,2026-07-14,211.24,True
35277,208085253,BUY,2026-07-21,214.57,True
35277,208085253,BUY,2026-07-28,223.03,True
35277,208085253,BUY,2026-08-04,224.12,True
35277,208085253,BUY,2026-08-11,226.04,True
34002,208105467,ABT,2026-06-09,255.72,True
34002,208105467,ABT,2026-06-16,263.08,True
34002,208105467,ABT,2026-06-23,262.77,True
34002,208105467,ABT,2026-06-30,268.65,True
34002,208105467,ABT,2026-07-07,268.29,True
34002,208105467,ABT,2026-07-14,269.03,True
34002,208105467,ABT,2026-07-21,266.77,True
34002,208105467,ABT,2026-07-28,261.53,True
34002,208105467,ABT,2026-08-04,264.22,True
34002,208105467,ABT,2026-08-11,267.71,True
34002,208105467,BUY,2026-06-09,244.77,True
34002,208105467,BUY,2026-06-16,249.93,True
34002,208105467,BUY,2026-06-23,249.29,True
34002,208105467,BUY,2026-06-30,250.19,True
34002,208105467,BUY,2026-07-07,223.05,True
34002,208105467,BUY,2026-07-14,194.37,True
34002,208105467,BUY,2026-07-21,193.57,True
34002,208105467,BUY,2026-07-28,193.9,True
34002,208105467,BUY,2026-08-04,164.46,True
34002,208105467,BUY,2026-08-11,166.6,True
33263,208105573,ABT,2026-05-26,286.55,True
33263,208105573,ABT,2026-06-02,311.75,True
33263,208105573,ABT,2026-06-09,294.02,True
33263,208105573,ABT,2026-06-16,260.58,True
33263,208105573,ABT,2026-06-23,237.43,True
33263,208105573,ABT,2026-06-30,232.97,True
33263,208105573,ABT,2026-07-07,238.08,True
33263,208105573,ABT,2026-07-14,236.26,True
33263,208105573,ABT,2026-07-21,241.47,True
33263,208105573,ABT,2026-07-28,244.79,True
33263,208105573,ABT,2026-08-04,241.17,True
33263,208105573,ABT,2026-08-11,241.54,True
33263,208105573,BUY,2026-05-26,293.46,True
33263,208105573,BUY,2026-06-02,294.5,True
33263,208105573,BUY,2026-06-09,300.9,True
33263,208105573,BUY,2026-06-16,291.18,True
33263,208105573,BUY,2026-06-23,292.95,True
33263,208105573,BUY,2026-06-30,299.03,True
33263,208105573,BUY,2026-07-07,303.81,True
33263,208105573,BUY,2026-07-14,280.81,True
33263,208105573,BUY,2026-07-21,287.55,True
33263,208105573,BUY,2026-07-28,282.83,True
33263,208105573,BUY,2026-08-04,281.02,True
33263,208105573,BUY,2026-08-11,282.11,True
33150,208105630,ABT,2026-06-23,147.81,True
33150,208105630,ABT,2026-06-30,149.64,True
33150,208105630,ABT,2026-07-07,152.07,True
33150,208105630,ABT,2026-07-14,152.18,True
33150,208105630,ABT,2026-07-21,148.46,True
33150,208105630,ABT,2026-07-28,147.43,True
33150,208105630,ABT,2026-08-04,159.03,True
33150,208105630,ABT,2026-08-11,158.45,True
33150,208105630,BUY,2026-06-23,155.37,True
33150,208105630,BUY,2026-06-30,152.31,True
33150,208105630,BUY,2026-07-07,167.53,True
33150,208105630,BUY,2026-07-14,168.57,True
33150,208105630,BUY,2026-07-21,163.92,True
33150,208105630,BUY,2026-07-28,152.58,True
33150,208105630,BUY,2026-08-04,150.89,True
33150,208105630,BUY,2026-08-11,152.35,True
30602,208111280,ABT,2026-06-02,1552.56,True
30602,208111280,ABT,2026-06-09,1567.61,True
30602,208111280,ABT,2026-06-16,1480.1,True
30602,208111280,ABT,2026-06-23,1481.26,True
30602,208111280,ABT,2026-06-30,1472.52,True
30602,208111280,ABT,2026-07-07,1446.85,True
30602,208111280,ABT,2026-07-14,1406.74,True
30602,208111280,ABT,2026-07-21,1381.54,True
30602,208111280,ABT,2026-07-28,1296.41,True
30602,208111280,ABT,2026-08-04,1440.2,True
30602,208111280,ABT,2026-08-11,1431.81,True
30602,208111280,BUY,2026-06-02,1543.05,True
30602,208111280,BUY,2026-06-09,1566.62,True
30602,208111280,BUY,2026-06-16,1557.6,True
30602,208111280,BUY,2026-06-23,1559.12,True
30602,208111280,BUY,2026-06-30,1709.61,True
30602,208111280,BUY,2026-07-07,1702.04,True
30602,208111280,BUY,2026-07-14,1727.87,True
30602,208111280,BUY,2026-07-21,1730.45,True
30602,208111280,BUY,2026-07-28,1760.12,True
30602,208111280,BUY,2026-08-04,1546.04,True
30602,208111280,BUY,2026-08-11,1576.89,True
33908,208111903,ABT,2026-06-02,177.19,True
33908,208111903,ABT,2026-06-09,167.17,True
33908,208111903,ABT,2026-06-16,172.88,True
33908,208111903,ABT,2026-06-23,188.63,True
33908,208111903,ABT,2026-06-30,193.88,True
33908,208111903,ABT,2026-07-07,193.08,True
33908,208111903,ABT,2026-07-14,193.46,True
33908,208111903,ABT,2026-07-21,193.31,True
33908,208111903,ABT,2026-07-28,194.93,True
33908,208111903,ABT,2026-08-04,196.18,True
33908,208111903,ABT,2026-08-11,199.21,True
33908,208111903,BUY,2026-06-02,169.69,True
33908,208111903,BUY,2026-06-09,171.97,True
33908,208111903,BUY,2026-06-16,146.74,True
33908,208111903,BUY,2026-06-23,126.5,True
33908,208111903,BUY,2026-06-30,102.49,True
33908,208111903,BUY,2026-07-07,102.15,True
33908,208111903,BUY,2026-07-14,102.86,True
33908,208111903,BUY,2026-07-21,102.88,True
33908,208111903,BUY,2026-07-28,106.65,True
33908,208111903,BUY,2026-08-04,110.34,True
33908,208111903,BUY,2026-08-11,112.03,True
33924,208111904,ABT,2026-06-16,348.51,True
33924,208111904,ABT,2026-06-23,346.6,True
33924,208111904,ABT,2026-06-30,339.93,True
33924,208111904,ABT,2026-07-07,339.45,True
33924,208111904,ABT,2026-07-14,342.36,True
33924,208111904,ABT,2026-07-21,337.07,True
33924,208111904,ABT,2026-07-28,328.79,True
33924,208111904,ABT,2026-08-04,325.25,True
33924,208111904,ABT,2026-08-11,326.31,True
33924,208111904,BUY,2026-06-16,346.14,True
33924,208111904,BUY,2026-06-23,350.03,True
33924,208111904,BUY,2026-06-30,316.12,True
33924,208111904,BUY,2026-07-07,314.43,True
33924,208111904,BUY,2026-07-14,311.22,True
33924,208111904,BUY,2026-07-21,288.41,True
33924,208111904,BUY,2026-07-28,257.8,True
33924,208111904,BUY,2026-08-04,257.65,True
33924,208111904,BUY,2026-08-11,255.03,True
33998,208112354,ABT,2026-06-02,36.43,True
33998,208112354,ABT,2026-06-09,35.61,True
33998,208112354,ABT,2026-06-16,35.63,True
33998,208112354,ABT,2026-06-23,34.87,True
33998,208112354,ABT,2026-06-30,34.46,True
33998,208112354,ABT,2026-07-07,32.08,True
33998,208112354,ABT,2026-07-14,33.17,True
33998,208112354,ABT,2026-07-21,35.29,True
33998,208112354,ABT,2026-07-28,35.6,True
33998,208112354,ABT,2026-08-04,31.66,True
33998,208112354,ABT,2026-08-11,31.59,True
33998,208112354,BUY,2026-06-02,36.72,True
33998,208112354,BUY,2026-06-09,37.87,True
33998,208112354,BUY,2026-06-16,37.34,True
33998,208112354,BUY,2026-06-23,37.78,True
33998,208112354,BUY,2026-06-30,37.28,True
33998,208112354,BUY,2026-07-07,37.73,True
33998,208112354,BUY,2026-07-14,37.56,True
33998,208112354,BUY,2026-07-21,37.53,True
33998,208112354,BUY,2026-07-28,37.27,True
33998,208112354,BUY,2026-08-04,35.92,True
33998,208112354,BUY,2026-08-11,35.88,True
34379,208112355,ABT,2026-06-09,313.17,True
34379,208112355,ABT,2026-06-16,310.5,True
34379,208112355,ABT,2026-06-23,311.37,True
34379,208112355,ABT,2026-06-30,278.2,True
34379,208112355,ABT,2026-07-07,280.86,True
34379,208112355,ABT,2026-07-14,285.83,True
34379,208112355,ABT,2026-07-21,287.88,True
34379,208112355,ABT,2026-07-28,277.39,True
34379,208112355,ABT,2026-08-04,304.99,True
34379,208112355,ABT,2026-08-11,313.7,True
34379,208112355,BUY,2026-06-09,291.31,True
34379,208112355,BUY,2026-06-16,283.65,True
34379,208112355,BUY,2026-06-23,293.76,True
34379,208112355,BUY,2026-06-30,289.28,True
34379,208112355,BUY,2026-07-07,283.7,True
34379,208112355,BUY,2026-07-14,261.69,True
34379,208112355,BUY,2026-07-21,272.1,True
34379,208112355,BUY,2026-07-28,244.89,True
34379,208112355,BUY,2026-08-04,240.11,True
34379,208112355,BUY,2026-08-11,217.95,True
33763,208112356,ABT,2026-05-26,131.71,True
33763,208112356,ABT,2026-06-02,131.37,True
33763,208112356,ABT,2026-06-09,124.3,True
33763,208112356,ABT,2026-06-16,126.39,True
33763,208112356,ABT,2026-06-23,126.25,True
33763,208112356,ABT,2026-06-30,131.29,True
33763,208112356,ABT,2026-07-07,127.66,True
33763,208112356,ABT,2026-07-14,116.13,True
33763,208112356,ABT,2026-07-21,117.78,True
33763,208112356,ABT,2026-07-28,117.12,True
33763,208112356,ABT,2026-08-04,118.94,True
33763,208112356,ABT,2026-08-11,119.72,True
33763,208112356,BUY,2026-05-26,132.39,True
33763,208112356,BUY,2026-06-02,147.1,True
33763,208112356,BUY,2026-06-09,126.12,True
33763,208112356,BUY,2026-06-16,105.35,True
33763,208112356,BUY,2026-06-23,106.68,True
33763,208112356,BUY,2026-06-30,108.48,True
33763,208112356,BUY,2026-07-07,109.97,True
33763,208112356,BUY,2026-07-14,110.68,True
33763,208112356,BUY,2026-07-21,112.21,True
33763,208112356,BUY,2026-07-28,114.37,True
33763,208112356,BUY,2026-08-04,114.28,True
33763,208112356,BUY,2026-08-11,124.94,True
33767,208112357,ABT,2026-06-02,161.22,True
33767,208112357,ABT,2026-06-09,160.21,True
33767,208112357,ABT,2026-06-16,156.26,True
33767,208112357,ABT,2026-06-23,154.42,True
33767,208112357,ABT,2026-06-30,158.78,True
33767,208112357,ABT,2026-07-07,161.16,True
33767,208112357,ABT,2026-07-14,159.84,True
33767,208112357,ABT,2026-07-21,159.85,True
33767,208112357,ABT,2026-07-28,162.02,True
33767,208112357,ABT,2026-08-04,159.3,True
33767,208112357,ABT,2026-08-11,159.82,True
33767,208112357,BUY,2026-06-02,160.72,True
33767,208112357,BUY,2026-06-09,160.84,True
33767,208112357,BUY,2026-06-16,159.2,True
33767,208112357,BUY,2026-06-23,158.66,True
33767,208112357,BUY,2026-06-30,163.27,True
33767,208112357,BUY,2026-07-07,165.05,True
33767,208112357,BUY,2026-07-14,161.18,True
33767,208112357,BUY,2026-07-21,161.71,True
33767,208112357,BUY,2026-07-28,156.59,True
33767,208112357,BUY,2026-08-04,154.02,True
33767,208112357,BUY,2026-08-11,153.51,True
33999,208112358,ABT,2026-06-09,126.43,True
33999,208112358,ABT,2026-06-16,126.26,True
33999,208112358,ABT,2026-06-23,124.76,True
33999,208112358,ABT,2026-06-30,125.75,True
33999,208112358,ABT,2026-07-07,105.48,True
33999,208112358,ABT,2026-07-14,89.3,True
33999,208112358,ABT,2026-07-21,77.19,True
33999,208112358,ABT,2026-07-28,63.93,True
33999,208112358,ABT,2026-08-04,63.67,True
33999,208112358,ABT,2026-08-11,62.17,True
33999,208112358,BUY,2026-06-09,111.9,True
33999,208112358,BUY,2026-06-16,112.98,True
33999,208112358,BUY,2026-06-23,110.93,True
33999,208112358,BUY,2026-06-30,113.3,True
33999,208112358,BUY,2026-07-07,113.75,True
33999,208112358,BUY,2026-07-14,102.37,True
33999,208112358,BUY,2026-07-21,102.94,True
33999,208112358,BUY,2026-07-28,102.62,True
33999,208112358,BUY,2026-08-04,99.01,True
33999,208112358,BUY,2026-08-11,101.57,True
34860,208114664,ABT,2026-05-26,42.85,True
34860,208114664,ABT,2026-06-02,42.87,True
34860,208114664,ABT,2026-06-09,42.93,True
34860,208114664,ABT,2026-06-16,38.21,True
34860,208114664,ABT,2026-06-23,38.52,True
34860,208114664,ABT,2026-06-30,39.31,True
34860,208114664,ABT,2026-07-07,35.67,True
34860,208114664,ABT,2026-07-14,34.98,True
34860,208114664,ABT,2026-07-21,34.8,True
34860,208114664,ABT,2026-07-28,34.77,True
34860,208114664,ABT,2026-08-04,35.13,True
34860,208114664,ABT,2026-08-11,35.35,True
34860,208114664,BUY,2026-05-26,44.36,True
34860,208114664,BUY,2026-06-02,44.76,True
34860,208114664,BUY,2026-06-09,45.0,True
34860,208114664,BUY,2026-06-16,44.5,True
34860,208114664,BUY,2026-06-23,42.94,True
34860,208114664,BUY,2026-06-30,40.53,True
34860,208114664,BUY,2026-07-07,38.69,True
34860,208114664,BUY,2026-07-14,38.57,True
34860,208114664,BUY,2026-07-21,38.19,True
34860,208114664,BUY,2026-07-28,37.55,True
34860,208114664,BUY,2026-08-04,37.51,True
34860,208114664,BUY,2026-08-11,36.58,True
34937,208114670,ABT,2026-06-16,70.63,True
34937,208114670,ABT,2026-06-23,72.66,True
34937,208114670,ABT,2026-06-30,72.52,True
34937,208114670,ABT,2026-07-07,62.18,True
34937,208114670,ABT,2026-07-14,52.48,True
34937,208114670,ABT,2026-07-21,45.23,True
34937,208114670,ABT,2026-07-28,42.07,True
34937,208114670,ABT,2026-08-04,41.06,True
34937,208114670,ABT,2026-08-11,41.47,True
34937,208114670,BUY,2026-06-16,67.03,True
34937,208114670,BUY,2026-06-23,65.9,True
34937,208114670,BUY,2026-06-30,66.06,True
34937,208114670,BUY,2026-07-07,64.01,True
34937,208114670,BUY,2026-07-14,62.9,True
34937,208114670,BUY,2026-07-21,50.78,True
34937,208114670,BUY,2026-07-28,50.07,True
34937,208114670,BUY,2026-08-04,46.42,True
34937,208114670,BUY,2026-08-11,41.19,True
34946,208114672,ABT,2026-06-02,171.0,True
34946,208114672,ABT,2026-06-09,173.4,True
34946,208114672,ABT,2026-06-16,172.99,True
34946,208114672,ABT,2026-06-23,171.78,True
34946,208114672,ABT,2026-06-30,169.52,True
34946,208114672,ABT,2026-07-07,157.97,True
34946,208114672,ABT,2026-07-14,151.78,True
34946,208114672,ABT,2026-07-21,148.23,True
34946,208114672,ABT,2026-07-28,149.05,True
34946,208114672,ABT,2026-08-04,141.36,True
34946,208114672,ABT,2026-08-11,140.97,True
34946,208114672,BUY,2026-06-02,168.41,True
34946,208114672,BUY,2026-06-09,185.3,True
34946,208114672,BUY,2026-06-16,183.04,True
34946,208114672,BUY,2026-06-23,178.98,True
34946,208114672,BUY,2026-06-30,180.74,True
34946,208114672,BUY,2026-07-07,179.43,True
34946,208114672,BUY,2026-07-14,173.39,True
34946,208114672,BUY,2026-07-21,173.93,True
34946,208114672,BUY,2026-07-28,149.82,True
34946,208114672,BUY,2026-08-04,151.95,True
34946,208114672,BUY,2026-08-11,151.75,True
34947,208114673,ABT,2026-06-02,219.08,True
34947,208114673,ABT,2026-06-09,216.78,True
34947,208114673,ABT,2026-06-16,214.94,True
34947,208114673,ABT,2026-06-23,213.7,True
34947,208114673,ABT,2026-06-30,215.4,True
34947,208114673,ABT,2026-07-07,208.47,True
34947,208114673,ABT,2026-07-14,205.76,True
34947,208114673,ABT,2026-07-21,204.55,True
34947,208114673,ABT,2026-07-28,211.65,True
34947,208114673,ABT,2026-08-04,209.39,True
34947,208114673,ABT,2026-08-11,204.4,True
34947,208114673,BUY,2026-06-02,243.77,True
34947,208114673,BUY,2026-06-09,241.04,True
34947,208114673,BUY,2026-06-16,244.18,True
34947,208114673,BUY,2026-06-23,243.09,True
34947,208114673,BUY,2026-06-30,242.0,True
34947,208114673,BUY,2026-07-07,263.83,True
34947,208114673,BUY,2026-07-14,266.11,True
34947,208114673,BUY,2026-07-21,265.52,True
34947,208114673,BUY,2026-07-28,261.54,True
34947,208114673,BUY,2026-08-04,259.81,True
34947,208114673,BUY,2026-08-11,258.21,True
34945,208114674,ABT,2026-06-16,78.76,True
34945,208114674,ABT,2026-06-23,89.51,True
34945,208114674,ABT,2026-06-30,91.89,True
34945,208114674,ABT,2026-07-07,92.0,True
34945,208114674,ABT,2026-07-14,91.82,True
34945,208114674,ABT,2026-07-21,85.28,True
34945,208114674,ABT,2026-07-28,76.75,True
34945,208114674,ABT,2026-08-04,70.39,True
34945,208114674,ABT,2026-08-11,70.34,True
34945,208114674,BUY,2026-06-16,79.63,True
34945,208114674,BUY,2026-06-23,89.72,True
34945,208114674,BUY,2026-06-30,89.13,True
34945,208114674,BUY,2026-07-07,91.26,True
34945,208114674,BUY,2026-07-14,97.89,True
34945,208114674,BUY,2026-07-21,98.2,True
34945,208114674,BUY,2026-07-28,97.48,True
34945,208114674,BUY,2026-08-04,83.24,True
34945,208114674,BUY,2026-08-11,82.86,True
34948,208114675,ABT,2026-06-09,202.65,True
34948,208114675,ABT,2026-06-16,200.83,True
34948,208114675,ABT,2026-06-23,204.16,True
34948,208114675,ABT,2026-06-30,197.92,True
34948,208114675,ABT,2026-07-07,198.35,True
34948,208114675,ABT,2026-07-14,195.71,True
34948,208114675,ABT,2026-07-21,193.79,True
34948,208114675,ABT,2026-07-28,191.64,True
34948,208114675,ABT,2026-08-04,192.9,True
34948,208114675,ABT,2026-08-11,195.04,True
34948,208114675,BUY,2026-06-09,197.6,True
34948,208114675,BUY,2026-06-16,197.66,True
34948,208114675,BUY,2026-06-23,204.27,True
34948,208114675,BUY,2026-06-30,203.59,True
34948,208114675,BUY,2026-07-07,199.81,True
34948,208114675,BUY,2026-07-14,182.9,True
34948,208114675,BUY,2026-07-21,163.51,True
34948,208114675,BUY,2026-07-28,157.58,True
34948,208114675,BUY,2026-08-04,157.97,True
34948,208114675,BUY,2026-08-11,160.42,True
34962,208114681,ABT,2026-05-26,38.59,True
34962,208114681,ABT,2026-06-02,38.95,True
34962,208114681,ABT,2026-06-09,37.88,True
34962,208114681,ABT,2026-06-16,37.93,True
34962,208114681,ABT,2026-06-23,37.12,True
34962,208114681,ABT,2026-06-30,37.97,True
34962,208114681,ABT,2026-07-07,38.7,True
34962,208114681,ABT,2026-07-14,38.26,True
34962,208114681,ABT,2026-07-21,36.97,True
34962,208114681,ABT,2026-07-28,36.48,True
34962,208114681,ABT,2026-08-04,33.32,True
34962,208114681,ABT,2026-08-11,33.44,True
34962,208114681,BUY,2026-05-26,39.1,True
34962,208114681,BUY,2026-06-02,38.68,True
34962,208114681,BUY,2026-06-09,38.57,True
34962,208114681,BUY,2026-06-16,36.21,True
34962,208114681,BUY,2026-06-23,36.53,True
34962,208114681,BUY,2026-06-30,36.73,True
34962,208114681,BUY,2026-07-07,36.01,True
34962,208114681,BUY,2026-07-14,39.92,True
34962,208114681,BUY,2026-07-21,38.87,True
34962,208114681,BUY,2026-07-28,39.07,True
34962,208114681,BUY,2026-08-04,37.81,True
34962,208114681,BUY,2026-08-11,38.23,True
34963,208114682,ABT,2026-06-16,1948.21,True
34963,208114682,ABT,2026-06-23,1940.89,True
34963,208114682,ABT,2026-06-30,1921.96,True
34963,208114682,ABT,2026-07-07,1952.41,True
34963,208114682,ABT,2026-07-14,1955.45,True
34963,208114682,ABT,2026-07-21,2017.72,True
34963,208114682,ABT,2026-07-28,2021.43,True
34963,208114682,ABT,2026-08-04,2046.89,True
34963,208114682,ABT,2026-08-11,2058.29,True
34963,208114682,BUY,2026-06-16,1993.96,True
34963,208114682,BUY,2026-06-23,1989.9,True
34963,208114682,BUY,2026-06-30,2009.23,True
34963,208114682,BUY,2026-07-07,2020.97,True
34963,208114682,BUY,2026-07-14,2012.72,True
34963,208114682,BUY,2026-07-21,1827.13,True
34963,208114682,BUY,2026-07-28,1442.92,True
34963,208114682,BUY,2026-08-04,1280.59,True
34963,208114682,BUY,2026-08-11,1298.33,True
34961,208114683,ABT,2026-06-23,80.68,True
34961,208114683,ABT,2026-06-30,82.11,True
34961,208114683,ABT,2026-07-07,69.5,True
34961,208114683,ABT,2026-07-14,71.39,True
34961,208114683,ABT,2026-07-21,62.6,True
34961,208114683,ABT,2026-07-28,64.41,True
34961,208114683,ABT,2026-08-04,64.33,True
34961,208114683,ABT,2026-08-11,63.39,True
34961,208114683,BUY,2026-06-23,71.39,True
34961,208114683,BUY,2026-06-30,71.02,True
34961,208114683,BUY,2026-07-07,72.63,True
34961,208114683,BUY,2026-07-14,73.68,True
34961,208114683,BUY,2026-07-21,74.1,True
34961,208114683,BUY,2026-07-28,70.75,True
34961,208114683,BUY,2026-08-04,70.05,True
34961,208114683,BUY,2026-08-11,69.23,True
35231,208114686,ABT,2026-06-02,223.04,True
35231,208114686,ABT,2026-06-09,191.96,True
35231,208114686,ABT,2026-06-16,188.98,True
35231,208114686,ABT,2026-06-23,183.08,True
35231,208114686,ABT,2026-06-30,186.57,True
35231,208114686,ABT,2026-07-07,172.77,True
35231,208114686,ABT,2026-07-14,151.03,True
35231,208114686,ABT,2026-07-21,148.43,True
35231,208114686,ABT,2026-07-28,127.78,True
35231,208114686,ABT,2026-08-04,126.21,True
35231,208114686,ABT,2026-08-11,123.18,True
35231,208114686,BUY,2026-06-02,229.15,True
35231,208114686,BUY,2026-06-09,228.93,True
35231,208114686,BUY,2026-06-16,228.3,True
35231,208114686,BUY,2026-06-23,232.21,True
35231,208114686,BUY,2026-06-30,233.39,True
35231,208114686,BUY,2026-07-07,229.29,True
35231,208114686,BUY,2026-07-14,226.32,True
35231,208114686,BUY,2026-07-21,229.15,True
35231,208114686,BUY,2026-07-28,230.91,True
35231,208114686,BUY,2026-08-04,227.45,True
35231,208114686,BUY,2026-08-11,228.96,True
35190,208117918,ABT,2026-05-26,892.46,True
35190,208117918,ABT,2026-06-02,883.74,True
35190,208117918,ABT,2026-06-09,893.9,True
35190,208117918,ABT,2026-06-16,884.9,True
35190,208117918,ABT,2026-06-23,874.42,True
35190,208117918,ABT,2026-06-30,850.81,True
35190,208117918,ABT,2026-07-07,854.32,True
35190,208117918,ABT,2026-07-14,736.98,True
35190,208117918,ABT,2026-07-21,675.75,True
35190,208117918,ABT,2026-07-28,676.86,True
35190,208117918,ABT,2026-08-04,656.25,True
35190,208117918,ABT,2026-08-11,665.64,True
35190,208117918,BUY,2026-05-26,888.73,True
35190,208117918,BUY,2026-06-02,890.49,True
35190,208117918,BUY,2026-06-09,755.04,True
35190,208117918,BUY,2026-06-16,649.11,True
35190,208117918,BUY,2026-06-23,544.89,True
35190,208117918,BUY,2026-06-30,465.57,True
35190,208117918,BUY,2026-07-07,394.56,True
35190,208117918,BUY,2026-07-14,325.72,True
35190,208117918,BUY,2026-07-21,328.88,True
35190,208117918,BUY,2026-07-28,333.44,True
35190,208117918,BUY,2026-08-04,334.74,True
35190,208117918,BUY,2026-08-11,328.39,True
35186,208117919,ABT,2026-06-09,184.06,True
35186,208117919,ABT,2026-06-16,182.23,True
35186,208117919,ABT,2026-06-23,171.62,True
35186,208117919,ABT,2026-06-30,169.99,True
35186,208117919,ABT,2026-07-07,170.74,True
35186,208117919,ABT,2026-07-14,148.24,True
35186,208117919,ABT,2026-07-21,118.23,True
35186,208117919,ABT,2026-07-28,104.72,True
35186,208117919,ABT,2026-08-04,92.86,True
35186,208117919,ABT,2026-08-11,81.24,True
35186,208117919,BUY,2026-06-09,185.36,True
35186,208117919,BUY,2026-06-16,186.13,True
35186,208117919,BUY,2026-06-23,187.02,True
35186,208117919,BUY,2026-06-30,185.33,True
35186,208117919,BUY,2026-07-07,190.38,True
35186,208117919,BUY,2026-07-14,192.57,True
35186,208117919,BUY,2026-07-21,193.79,True
35186,208117919,BUY,2026-07-28,194.57,True
35186,208117919,BUY,2026-08-04,195.3,True
35186,208117919,BUY,2026-08-11,195.49,True
35183,208117920,ABT,2026-05-26,1423.57,True
35183,208117920,ABT,2026-06-02,1299.24,True
35183,208117920,ABT,2026-06-09,1314.79,True
35183,208117920,ABT,2026-06-16,1324.36,True
35183,208117920,ABT,2026-06-23,1340.7,True
35183,208117920,ABT,2026-06-30,1398.28,True
35183,208117920,ABT,2026-07-07,1391.65,True
35183,208117920,ABT,2026-07-14,1396.27,True
35183,208117920,ABT,2026-07-21,1411.67,True
35183,208117920,ABT,2026-07-28,1439.6,True
35183,208117920,ABT,2026-08-04,1468.41,True
35183,208117920,ABT,2026-08-11,1314.46,True
35183,208117920,BUY,2026-05-26,1456.02,True
35183,208117920,BUY,2026-06-02,1439.14,True
35183,208117920,BUY,2026-06-09,1438.37,True
35183,208117920,BUY,2026-06-16,1433.14,True
35183,208117920,BUY,2026-06-23,1469.55,True
35183,208117920,BUY,2026-06-30,1440.85,True
35183,208117920,BUY,2026-07-07,1419.08,True
35183,208117920,BUY,2026-07-14,1449.45,True
35183,208117920,BUY,2026-07-21,1431.18,True
35183,208117920,BUY,2026-07-28,1454.79,True
35183,208117920,BUY,2026-08-04,1461.7,True
35183,208117920,BUY,2026-08-11,1471.88,True
35175,208117922,ABT,2026-06-16,132.58,True
35175,208117922,ABT,2026-06-23,125.1,True
35175,208117922,ABT,2026-06-30,129.43,True
35175,208117922,ABT,2026-07-07,129.28,True
35175,208117922,ABT,2026-07-14,128.44,True
35175,208117922,ABT,2026-07-21,127.13,True
35175,208117922,ABT,2026-07-28,128.9,True
35175,208117922,ABT,2026-08-04,115.2,True
35175,208117922,ABT,2026-08-11,114.09,True
35175,208117922,BUY,2026-06-16,138.79,True
35175,208117922,BUY,2026-06-23,136.0,True
35175,208117922,BUY,2026-06-30,137.9,True
35175,208117922,BUY,2026-07-07,135.02,True
35175,208117922,BUY,2026-07-14,118.9,True
35175,208117922,BUY,2026-07-21,119.01,True
35175,208117922,BUY,2026-07-28,110.24,True
35175,208117922,BUY,2026-08-04,108.74,True
35175,208117922,BUY,2026-08-11,109.65,True
35165,208117924,ABT,2026-06-23,908.99,True
35165,208117924,ABT,2026-06-30,909.43,True
35165,208117924,ABT,2026-07-07,920.26,True
35165,208117924,ABT,2026-07-14,907.58,True
35165,208117924,ABT,2026-07-21,911.67,True
35165,208117924,ABT,2026-07-28,910.62,True
35165,208117924,ABT,2026-08-04,903.61,True
35165,208117924,ABT,2026-08-11,1018.13,True
35165,208117924,BUY,2026-06-23,920.7,True
35165,208117924,BUY,2026-06-30,904.35,True
35165,208117924,BUY,2026-07-07,907.61,True
35165,208117924,BUY,2026-07-14,910.29,True
35165,208117924,BUY,2026-07-21,923.85,True
35165,208117924,BUY,2026-07-28,920.54,True
35165,208117924,BUY,2026-08-04,913.9,True
35165,208117924,BUY,2026-08-11,930.84,True
35022,208117925,ABT,2026-06-16,133.77,True
35022,208117925,ABT,2026-06-23,131.31,True
35022,208117925,ABT,2026-06-30,151.83,True
35022,208117925,ABT,2026-07-07,164.4,True
35022,208117925,ABT,2026-07-14,162.4,True
35022,208117925,ABT,2026-07-21,162.23,True
35022,208117925,ABT,2026-07-28,163.14,True
35022,208117925,ABT,2026-08-04,157.31,True
35022,208117925,ABT,2026-08-11,156.16,True
35022,208117925,BUY,2026-06-16,133.36,True
35022,208117925,BUY,2026-06-23,134.93,True
35022,208117925,BUY,2026-06-30,137.01,True
35022,208117925,BUY,2026-07-07,148.29,True
35022,208117925,BUY,2026-07-14,167.2,True
35022,208117925,BUY,2026-07-21,151.69,True
35022,208117925,BUY,2026-07-28,152.17,True
35022,208117925,BUY,2026-08-04,152.8,True
35022,208117925,BUY,2026-08-11,151.71,True
35019,208117926,ABT,2026-05-26,21.81,True
35019,208117926,ABT,2026-06-02,21.86,True
35019,208117926,ABT,2026-06-09,21.95,True
35019,208117926,ABT,2026-06-16,19.73,True
35019,208117926,ABT,2026-06-23,19.4,True
35019,208117926,ABT,2026-06-30,19.29,True
35019,208117926,ABT,2026-07-07,19.12,True
35019,208117926,ABT,2026-07-14,19.45,True
35019,208117926,ABT,2026-07-21,19.58,True
35019,208117926,ABT,2026-07-28,19.27,True
35019,208117926,ABT,2026-08-04,19.38,True
35019,208117926,ABT,2026-08-11,21.14,True
35019,208117926,BUY,2026-05-26,21.74,True
35019,208117926,BUY,2026-06-02,21.73,True
35019,208117926,BUY,2026-06-09,21.94,True
35019,208117926,BUY,2026-06-16,21.53,True
35019,208117926,BUY,2026-06-23,22.24,True
35019,208117926,BUY,2026-06-30,21.71,True
35019,208117926,BUY,2026-07-07,22.09,True
35019,208117926,BUY,2026-07-14,21.74,True
35019,208117926,BUY,2026-07-21,21.36,True
35019,208117926,BUY,2026-07-28,21.46,True
35019,208117926,BUY,2026-08-04,21.68,True
35019,208117926,BUY,2026-08-11,21.96,True
34934,208117929,ABT,2026-06-23,59.1,True
34934,208117929,ABT,2026-06-30,59.38,True
34934,208117929,ABT,2026-07-07,60.59,True
34934,208117929,ABT,2026-07-14,51.95,True
34934,208117929,ABT,2026-07-21,51.9,True
34934,208117929,ABT,2026-07-28,53.22,True
34934,208117929,ABT,2026-08-04,53.58,True
34934,208117929,ABT,2026-08-11,53.46,True
34934,208117929,BUY,2026-06-23,58.58,True
34934,208117929,BUY,2026-06-30,55.59,True
34934,208117929,BUY,2026-07-07,56.22,True
34934,208117929,BUY,2026-07-14,55.57,True
34934,208117929,BUY,2026-07-21,55.09,True
34934,208117929,BUY,2026-07-28,56.36,True
34934,208117929,BUY,2026-08-04,52.52,True
34934,208117929,BUY,2026-08-11,52.57,True
34848,208117930,ABT,2026-06-09,303.31,True
34848,208117930,ABT,2026-06-16,309.41,True
34848,208117930,ABT,2026-06-23,264.05,True
34848,208117930,ABT,2026-06-30,264.27,True
34848,208117930,ABT,2026-07-07,264.95,True
34848,208117930,ABT,2026-07-14,265.05,True
34848,208117930,ABT,2026-07-21,275.6,True
34848,208117930,ABT,2026-07-28,275.22,True
34848,208117930,ABT,2026-08-04,270.01,True
34848,208117930,ABT,2026-08-11,266.18,True
34848,208117930,BUY,2026-06-09,292.17,True
34848,208117930,BUY,2026-06-16,295.15,True
34848,208117930,BUY,2026-06-23,271.38,True
34848,208117930,BUY,2026-06-30,275.11,True
34848,208117930,BUY,2026-07-07,274.43,True
34848,208117930,BUY,2026-07-14,268.47,True
34848,208117930,BUY,2026-07-21,252.04,True
34848,208117930,BUY,2026-07-28,254.46,True
34848,208117930,BUY,2026-08-04,256.85,True
34848,208117930,BUY,2026-08-11,248.72,True
34928,208117931,ABT,2026-06-02,444.59,True
34928,208117931,ABT,2026-06-09,431.55,True
34928,208117931,ABT,2026-06-16,441.27,True
34928,208117931,ABT,2026-06-23,446.48,True
34928,208117931,ABT,2026-06-30,437.25,True
34928,208117931,ABT,2026-07-07,435.77,True
34928,208117931,ABT,2026-07-14,438.39,True
34928,208117931,ABT,2026-07-21,443.22,True
34928,208117931,ABT,2026-07-28,437.62,True
34928,208117931,ABT,2026-08-04,438.28,True
34928,208117931,ABT,2026-08-11,437.11,True
34928,208117931,BUY,2026-06-02,492.6,True
34928,208117931,BUY,2026-06-09,491.85,True
34928,208117931,BUY,2026-06-16,487.73,True
34928,208117931,BUY,2026-06-23,482.61,True
34928,208117931,BUY,2026-06-30,486.92,True
34928,208117931,BUY,2026-07-07,487.86,True
34928,208117931,BUY,2026-07-14,481.14,True
34928,208117931,BUY,2026-07-21,473.67,True
34928,208117931,BUY,2026-07-28,473.35,True
34928,208117931,BUY,2026-08-04,478.78,True
34928,208117931,BUY,2026-08-11,479.64,True
34926,208117932,ABT,2026-06-02,301.17,True
34926,208117932,ABT,2026-06-09,296.45,True
34926,208117932,ABT,2026-06-16,298.04,True
34926,208117932,ABT,2026-06-23,327.58,True
34926,208117932,ABT,2026-06-30,311.45,True
34926,208117932,ABT,2026-07-07,317.75,True
34926,208117932,ABT,2026-07-14,320.71,True
34926,208117932,ABT,2026-07-21,289.36,True
34926,208117932,ABT,2026-07-28,292.18,True
34926,208117932,ABT,2026-08-04,292.17,True
34926,208117932,ABT,2026-08-11,293.64,True
34926,208117932,BUY,2026-06-02,333.31,True
34926,208117932,BUY,2026-06-09,336.52,True
34926,208117932,BUY,2026-06-16,340.86,True
34926,208117932,BUY,2026-06-23,287.3,True
34926,208117932,BUY,2026-06-30,289.01,True
34926,208117932,BUY,2026-07-07,260.08,True
34926,208117932,BUY,2026-07-14,236.92,True
34926,208117932,BUY,2026-07-21,239.76,True
34926,208117932,BUY,2026-07-28,266.98,True
34926,208117932,BUY,2026-08-04,276.93,True
34926,208117932,BUY,2026-08-11,280.47,True
34927,208117933,ABT,2026-06-09,635.23,True
34927,208117933,ABT,2026-06-16,624.02,True
34927,208117933,ABT,2026-06-23,574.22,True
34927,208117933,ABT,2026-06-30,648.08,True
34927,208117933,ABT,2026-07-07,642.52,True
34927,208117933,ABT,2026-07-14,603.07,True
34927,208117933,ABT,2026-07-21,613.65,True
34927,208117933,ABT,2026-07-28,601.67,True
34927,208117933,ABT,2026-08-04,605.11,True
34927,208117933,ABT,2026-08-11,599.48,True
34927,208117933,BUY,2026-06-09,656.74,True
34927,208117933,BUY,2026-06-16,663.57,True
34927,208117933,BUY,2026-06-23,664.46,True
34927,208117933,BUY,2026-06-30,661.78,True
34927,208117933,BUY,2026-07-07,679.74,True
34927,208117933,BUY,2026-07-14,675.37,True
34927,208117933,BUY,2026-07-21,665.75,True
34927,208117933,BUY,2026-07-28,659.59,True
34927,208117933,BUY,2026-08-04,678.17,True
34927,208117933,BUY,2026-08-11,703.3,True
35011,208117936,ABT,2026-05-26,252.78,True
35011,208117936,ABT,2026-06-02,254.87,True
35011,208117936,ABT,2026-06-09,259.0,True
35011,208117936,ABT,2026-06-16,298.56,True
35011,208117936,ABT,2026-06-23,293.58,True
35011,208117936,ABT,2026-06-30,298.72,True
35011,208117936,ABT,2026-07-07,298.5,True
35011,208117936,ABT,2026-07-14,299.38,True
35011,208117936,ABT,2026-07-21,307.44,True
35011,208117936,ABT,2026-07-28,301.53,True
35011,208117936,ABT,2026-08-04,301.08,True
35011,208117936,ABT,2026-08-11,340.41,True
35011,208117936,BUY,2026-05-26,248.38,True
35011,208117936,BUY,2026-06-02,248.21,True
35011,208117936,BUY,2026-06-09,266.66,True
35011,208117936,BUY,2026-06-16,268.22,True
35011,208117936,BUY,2026-06-23,273.84,True
35011,208117936,BUY,2026-06-30,267.59,True
35011,208117936,BUY,2026-07-07,269.3,True
35011,208117936,BUY,2026-07-14,267.11,True
35011,208117936,BUY,2026-07-21,265.36,True
35011,208117936,BUY,2026-07-28,259.73,True
35011,208117936,BUY,2026-08-04,286.76,True
35011,208117936,BUY,2026-08-11,293.61,True
35014,208117937,ABT,2026-06-23,35.88,True
35014,208117937,ABT,2026-06-30,39.11,True
35014,208117937,ABT,2026-07-07,39.92,True
35014,208117937,ABT,2026-07-14,37.39,True
35014,208117937,ABT,2026-07-21,37.61,True
35014,208117937,ABT,2026-07-28,37.17,True
35014,208117937,ABT,2026-08-04,37.61,True
35014,208117937,ABT,2026-08-11,37.21,True
35014,208117937,BUY,2026-06-23,29.63,True
35014,208117937,BUY,2026-06-30,29.22,True
35014,208117937,BUY,2026-07-07,29.78,True
35014,208117937,BUY,2026-07-14,30.2,True
35014,208117937,BUY,2026-07-21,29.78,True
35014,208117937,BUY,2026-07-28,32.48,True
35014,208117937,BUY,2026-08-04,32.75,True
35014,208117937,BUY,2026-08-11,28.25,True
35010,208117938,ABT,2026-06-16,398.03,True
35010,208117938,ABT,2026-06-23,393.38,True
35010,208117938,ABT,2026-06-30,400.57,True
35010,208117938,ABT,2026-07-07,350.97,True
35010,208117938,ABT,2026-07-14,345.89,True
35010,208117938,ABT,2026-07-21,346.81,True
35010,208117938,ABT,2026-07-28,339.34,True
35010,208117938,ABT,2026-08-04,324.39,True
35010,208117938,ABT,2026-08-11,354.92,True
35010,208117938,BUY,2026-06-16,396.08,True
35010,208117938,BUY,2026-06-23,398.03,True
35010,208117938,BUY,2026-06-30,402.37,True
35010,208117938,BUY,2026-07-07,380.98,True
35010,208117938,BUY,2026-07-14,388.04,True
35010,208117938,BUY,2026-07-21,380.7,True
35010,208117938,BUY,2026-07-28,415.33,True
35010,208117938,BUY,2026-08-04,424.25,True
35010,208117938,BUY,2026-08-11,390.65,True
33478,208154550,ABT,2026-06-23,133.08,True
33478,208154550,ABT,2026-06-30,135.5,True
33478,208154550,ABT,2026-07-07,134.09,True
33478,208154550,ABT,2026-07-14,131.6,True
33478,208154550,ABT,2026-07-21,130.71,True
33478,208154550,ABT,2026-07-28,130.18,True
33478,208154550,ABT,2026-08-04,133.05,True
33478,208154550,ABT,2026-08-11,143.47,True
33478,208154550,BUY,2026-06-23,120.12,True
33478,208154550,BUY,2026-06-30,120.43,True
33478,208154550,BUY,2026-07-07,120.75,True
33478,208154550,BUY,2026-07-14,120.38,True
33478,208154550,BUY,2026-07-21,119.52,True
33478,208154550,BUY,2026-07-28,119.68,True
33478,208154550,BUY,2026-08-04,117.96,True
33478,208154550,BUY,2026-08-11,117.92,True
33477,208154551,ABT,2026-06-23,136.85,True
33477,208154551,ABT,2026-06-30,133.54,True
33477,208154551,ABT,2026-07-07,133.7,True
33477,208154551,ABT,2026-07-14,133.6,True
33477,208154551,ABT,2026-07-21,123.15,True
33477,208154551,ABT,2026-07-28,122.5,True
33477,208154551,ABT,2026-08-04,124.61,True
33477,208154551,ABT,2026-08-11,126.08,True
33477,208154551,BUY,2026-06-23,137.16,True
33477,208154551,BUY,2026-06-30,138.29,True
33477,208154551,BUY,2026-07-07,140.1,True
33477,208154551,BUY,2026-07-14,137.59,True
33477,208154551,BUY,2026-07-21,133.75,True
33477,208154551,BUY,2026-07-28,123.09,True
33477,208154551,BUY,2026-08-04,108.44,True
33477,208154551,BUY,2026-08-11,106.02,True
33488,208154765,ABT,2026-05-26,177.58,True
33488,208154765,ABT,2026-06-02,184.05,True
33488,208154765,ABT,2026-06-09,204.9,True
33488,208154765,ABT,2026-06-16,209.16,True
33488,208154765,ABT,2026-06-23,210.64,True
33488,208154765,ABT,2026-06-30,205.25,True
33488,208154765,ABT,2026-07-07,203.56,True
33488,208154765,ABT,2026-07-14,204.06,True
33488,208154765,ABT,2026-07-21,174.18,True
33488,208154765,ABT,2026-07-28,196.39,True
33488,208154765,ABT,2026-08-04,197.98,True
33488,208154765,ABT,2026-08-11,198.75,True
33488,208154765,BUY,2026-05-26,165.94,True
33488,208154765,BUY,2026-06-02,169.69,True
33488,208154765,BUY,2026-06-09,170.27,True
33488,208154765,BUY,2026-06-16,168.88,True
33488,208154765,BUY,2026-06-23,168.15,True
33488,208154765,BUY,2026-06-30,155.67,True
33488,208154765,BUY,2026-07-07,147.19,True
33488,208154765,BUY,2026-07-14,141.72,True
33488,208154765,BUY,2026-07-21,130.36,True
33488,208154765,BUY,2026-07-28,122.15,True
33488,208154765,BUY,2026-08-04,112.01,True
33488,208154765,BUY,2026-08-11,115.73,True
36796,208154853,ABT,2026-06-16,7.26,True
36796,208154853,ABT,2026-06-23,7.16,True
36796,208154853,ABT,2026-06-30,7.23,True
36796,208154853,ABT,2026-07-07,7.11,True
36796,208154853,ABT,2026-07-14,6.61,True
36796,208154853,ABT,2026-07-21,7.46,True
36796,208154853,ABT,2026-07-28,7.39,True
36796,208154853,ABT,2026-08-04,7.48,True
36796,208154853,ABT,2026-08-11,6.86,True
36796,208154853,BUY,2026-06-16,7.29,True
36796,208154853,BUY,2026-06-23,7.4,True
36796,208154853,BUY,2026-06-30,7.29,True
36796,208154853,BUY,2026-07-07,7.32,True
36796,208154853,BUY,2026-07-14,7.29,True
36796,208154853,BUY,2026-07-21,7.23,True
36796,208154853,BUY,2026-07-28,7.36,True
36796,208154853,BUY,2026-08-04,7.24,True
36796,208154853,BUY,2026-08-11,7.35,True
36789,208154854,ABT,2026-06-09,60.68,True
36789,208154854,ABT,2026-06-16,60.5,True
36789,208154854,ABT,2026-06-23,60.46,True
36789,208154854,ABT,2026-06-30,60.78,True
36789,208154854,ABT,2026-07-07,61.19,True
36789,208154854,ABT,2026-07-14,60.48,True
36789,208154854,ABT,2026-07-21,60.46,True
36789,208154854,ABT,2026-07-28,60.23,True
36789,208154854,ABT,2026-08-04,60.93,True
36789,208154854,ABT,2026-08-11,61.69,True
36789,208154854,BUY,2026-06-09,59.37,True
36789,208154854,BUY,2026-06-16,61.04,True
36789,208154854,BUY,2026-06-23,60.96,True
36789,208154854,BUY,2026-06-30,52.48,True
36789,208154854,BUY,2026-07-07,52.62,True
36789,208154854,BUY,2026-07-14,52.1,True
36789,208154854,BUY,2026-07-21,52.04,True
36789,208154854,BUY,2026-07-28,51.84,True
36789,208154854,BUY,2026-08-04,53.34,True
36789,208154854,BUY,2026-08-11,53.29,True
30203,208156275,ABT,2026-06-16,1185.4,True
30203,208156275,ABT,2026-06-23,1193.62,True
30203,208156275,ABT,2026-06-30,1219.54,True
30203,208156275,ABT,2026-07-07,1230.32,True
30203,208156275,ABT,2026-07-14,1372.76,True
30203,208156275,ABT,2026-07-21,1391.74,True
30203,208156275,ABT,2026-07-28,1430.34,True
30203,208156275,ABT,2026-08-04,1441.35,True
30203,208156275,ABT,2026-08-11,1318.89,True
30203,208156275,BUY,2026-06-16,1192.78,True
30203,208156275,BUY,2026-06-23,1183.23,True
30203,208156275,BUY,2026-06-30,1122.48,True
30203,208156275,BUY,2026-07-07,1104.76,True
30203,208156275,BUY,2026-07-14,1119.59,True
30203,208156275,BUY,2026-07-21,1102.22,True
30203,208156275,BUY,2026-07-28,1113.98,True
30203,208156275,BUY,2026-08-04,1110.99,True
30203,208156275,BUY,2026-08-11,1102.62,True
35024,208156876,ABT,2026-06-02,400.97,True
35024,208156876,ABT,2026-06-09,355.06,True
35024,208156876,ABT,2026-06-16,307.27,True
35024,208156876,ABT,2026-06-23,267.95,True
35024,208156876,ABT,2026-06-30,229.45,True
35024,208156876,ABT,2026-07-07,200.41,True
35024,208156876,ABT,2026-07-14,200.34,True
35024,208156876,ABT,2026-07-21,199.14,True
35024,208156876,ABT,2026-07-28,200.84,True
35024,208156876,ABT,2026-08-04,198.53,True
35024,208156876,ABT,2026-08-11,201.05,True
35024,208156876,BUY,2026-06-02,390.92,True
35024,208156876,BUY,2026-06-09,394.91,True
35024,208156876,BUY,2026-06-16,396.26,True
35024,208156876,BUY,2026-06-23,403.95,True
35024,208156876,BUY,2026-06-30,400.83,True
35024,208156876,BUY,2026-07-07,355.94,True
35024,208156876,BUY,2026-07-14,349.01,True
35024,208156876,BUY,2026-07-21,354.21,True
35024,208156876,BUY,2026-07-28,349.5,True
35024,208156876,BUY,2026-08-04,350.44,True
35024,208156876,BUY,2026-08-11,351.24,True
35033,208156877,ABT,2026-06-16,531.12,True
35033,208156877,ABT,2026-06-23,529.65,True
35033,208156877,ABT,2026-06-30,540.22,True
35033,208156877,ABT,2026-07-07,543.33,True
35033,208156877,ABT,2026-07-14,545.48,True
35033,208156877,ABT,2026-07-21,540.52,True
35033,208156877,ABT,2026-07-28,548.11,True
35033,208156877,ABT,2026-08-04,480.85,True
35033,208156877,ABT,2026-08-11,479.47,True
35033,208156877,BUY,2026-06-16,498.39,True
35033,208156877,BUY,2026-06-23,487.64,True
35033,208156877,BUY,2026-06-30,477.72,True
35033,208156877,BUY,2026-07-07,479.24,True
35033,208156877,BUY,2026-07-14,478.19,True
35033,208156877,BUY,2026-07-21,485.59,True
35033,208156877,BUY,2026-07-28,482.19,True
35033,208156877,BUY,2026-08-04,481.71,True
35033,208156877,BUY,2026-08-11,493.13,True
35031,208156878,ABT,2026-06-09,91.86,True
35031,208156878,ABT,2026-06-16,92.19,True
35031,208156878,ABT,2026-06-23,86.43,True
35031,208156878,ABT,2026-06-30,80.12,True
35031,208156878,ABT,2026-07-07,74.78,True
35031,208156878,ABT,2026-07-14,73.82,True
35031,208156878,ABT,2026-07-21,72.87,True
35031,208156878,ABT,2026-07-28,72.11,True
35031,208156878,ABT,2026-08-04,70.69,True
35031,208156878,ABT,2026-08-11,62.03,True
35031,208156878,BUY,2026-06-09,98.91,True
35031,208156878,BUY,2026-06-16,100.75,True
35031,208156878,BUY,2026-06-23,101.33,True
35031,208156878,BUY,2026-06-30,105.08,True
35031,208156878,BUY,2026-07-07,96.47,True
35031,208156878,BUY,2026-07-14,97.2,True
35031,208156878,BUY,2026-07-21,87.27,True
35031,208156878,BUY,2026-07-28,77.88,True
35031,208156878,BUY,2026-08-04,71.16,True
35031,208156878,BUY,2026-08-11,72.98,True
35035,208156879,ABT,2026-05-26,13.97,True
35035,208156879,ABT,2026-06-02,14.21,True
35035,208156879,ABT,2026-06-09,14.19,True
35035,208156879,ABT,2026-06-16,14.24,True
35035,208156879,ABT,2026-06-23,14.07,True
35035,208156879,ABT,2026-06-30,14.1,True
35035,208156879,ABT,2026-07-07,14.54,True
35035,208156879,ABT,2026-07-14,14.37,True
35035,208156879,ABT,2026-07-21,14.35,True
35035,208156879,ABT,2026-07-28,12.9,True
35035,208156879,ABT,2026-08-04,13.09,True
35035,208156879,ABT,2026-08-11,13.28,True
35035,208156879,BUY,2026-05-26,14.08,True
35035,208156879,BUY,2026-06-02,14.04,True
35035,208156879,BUY,2026-06-09,14.18,True
35035,208156879,BUY,2026-06-16,14.01,True
35035,208156879,BUY,2026-06-23,14.31,True
35035,208156879,BUY,2026-06-30,14.06,True
35035,208156879,BUY,2026-07-07,16.42,True
35035,208156879,BUY,2026-07-14,16.37,True
35035,208156879,BUY,2026-07-21,15.92,True
35035,208156879,BUY,2026-07-28,17.95,True
35035,208156879,BUY,2026-08-04,18.06,True
35035,208156879,BUY,2026-08-11,18.09,True
38346,208167531,ABT,2026-05-26,124.6,True
38346,208167531,ABT,2026-06-02,122.67,True
38346,208167531,ABT,2026-06-09,109.44,True
38346,208167531,ABT,2026-06-16,107.37,True
38346,208167531,ABT,2026-06-23,91.34,True
38346,208167531,ABT,2026-06-30,92.32,True
38346,208167531,ABT,2026-07-07,92.99,True
38346,208167531,ABT,2026-07-14,93.84,True
38346,208167531,ABT,2026-07-21,94.23,True
38346,208167531,ABT,2026-07-28,95.79,True
38346,208167531,ABT,2026-08-04,95.64,True
38346,208167531,ABT,2026-08-11,84.92,True
38346,208167531,BUY,2026-05-26,128.55,True
38346,208167531,BUY,2026-06-02,127.77,True
38346,208167531,BUY,2026-06-09,127.11,True
38346,208167531,BUY,2026-06-16,126.06,True
38346,208167531,BUY,2026-06-23,126.46,True
38346,208167531,BUY,2026-06-30,109.76,True
38346,208167531,BUY,2026-07-07,92.82,True
38346,208167531,BUY,2026-07-14,94.27,True
38346,208167531,BUY,2026-07-21,94.39,True
38346,208167531,BUY,2026-07-28,95.39,True
38346,208167531,BUY,2026-08-04,94.9,True
38346,208167531,BUY,2026-08-11,94.01,True
36168,208171630,ABT,2026-06-16,4.73,True
36168,208171630,ABT,2026-06-23,4.75,True
36168,208171630,ABT,2026-06-30,4.69,True
36168,208171630,ABT,2026-07-07,4.76,True
36168,208171630,ABT,2026-07-14,4.67,True
36168,208171630,ABT,2026-07-21,4.74,True
36168,208171630,ABT,2026-07-28,4.78,True
36168,208171630,ABT,2026-08-04,4.85,True
36168,208171630,ABT,2026-08-11,4.87,True
36168,208171630,BUY,2026-06-16,4.65,True
36168,208171630,BUY,2026-06-23,4.56,True
36168,208171630,BUY,2026-06-30,4.6,True
36168,208171630,BUY,2026-07-07,4.63,True
36168,208171630,BUY,2026-07-14,4.08,True
36168,208171630,BUY,2026-07-21,4.15,True
36168,208171630,BUY,2026-07-28,4.17,True
36168,208171630,BUY,2026-08-04,4.21,True
36168,208171630,BUY,2026-08-11,4.29,True
36161,208171631,ABT,2026-06-16,45.19,True
36161,208171631,ABT,2026-06-23,38.42,True
36161,208171631,ABT,2026-06-30,38.4,True
36161,208171631,ABT,2026-07-07,38.57,True
36161,208171631,ABT,2026-07-14,38.32,True
36161,208171631,ABT,2026-07-21,38.67,True
36161,208171631,ABT,2026-07-28,38.28,True
36161,208171631,ABT,2026-08-04,38.26,True
36161,208171631,ABT,2026-08-11,36.66,True
36161,208171631,BUY,2026-06-16,45.23,True
36161,208171631,BUY,2026-06-23,42.6,True
36161,208171631,BUY,2026-06-30,40.45,True
36161,208171631,BUY,2026-07-07,38.54,True
36161,208171631,BUY,2026-07-14,36.74,True
36161,208171631,BUY,2026-07-21,36.79,True
36161,208171631,BUY,2026-07-28,36.5,True
36161,208171631,BUY,2026-08-04,31.28,True
36161,208171631,BUY,2026-08-11,30.94,True
35591,208171946,ABT,2026-06-09,2223.86,True
35591,208171946,ABT,2026-06-16,2231.87,True
35591,208171946,ABT,2026-06-23,2267.15,True
35591,208171946,ABT,2026-06-30,2305.54,True
35591,208171946,ABT,2026-07-07,2288.79,True
35591,208171946,ABT,2026-07-14,2300.56,True
35591,208171946,ABT,2026-07-21,2183.0,True
35591,208171946,ABT,2026-07-28,2179.22,True
35591,208171946,ABT,2026-08-04,2151.01,True
35591,208171946,ABT,2026-08-11,2135.63,True
35591,208171946,BUY,2026-06-09,2159.59,True
35591,208171946,BUY,2026-06-16,2156.85,True
35591,208171946,BUY,2026-06-23,2139.33,True
35591,208171946,BUY,2026-06-30,2142.48,True
35591,208171946,BUY,2026-07-07,2116.86,True
35591,208171946,BUY,2026-07-14,2120.39,True
35591,208171946,BUY,2026-07-21,2122.95,True
35591,208171946,BUY,2026-07-28,2110.1,True
35591,208171946,BUY,2026-08-04,2101.32,True
35591,208171946,BUY,2026-08-11,2138.41,True
33883,208177785,ABT,2026-06-23,135.42,True
33883,208177785,ABT,2026-06-30,136.68,True
33883,208177785,ABT,2026-07-07,137.45,True
33883,208177785,ABT,2026-07-14,120.65,True
33883,208177785,ABT,2026-07-21,122.93,True
33883,208177785,ABT,2026-07-28,122.14,True
33883,208177785,ABT,2026-08-04,121.59,True
33883,208177785,ABT,2026-08-11,118.71,True
33883,208177785,BUY,2026-06-23,133.66,True
33883,208177785,BUY,2026-06-30,130.72,True
33883,208177785,BUY,2026-07-07,127.99,True
33883,208177785,BUY,2026-07-14,126.96,True
33883,208177785,BUY,2026-07-21,126.56,True
33883,208177785,BUY,2026-07-28,126.66,True
33883,208177785,BUY,2026-08-04,125.53,True
33883,208177785,BUY,2026-08-11,108.06,True
35694,208184891,ABT,2026-06-09,25.5,True
35694,208184891,ABT,2026-06-16,25.5,True
35694,208184891,ABT,2026-06-23,23.05,True
35694,208184891,ABT,2026-06-30,23.15,True
35694,208184891,ABT,2026-07-07,23.23,True
35694,208184891,ABT,2026-07-14,23.75,True
35694,208184891,ABT,2026-07-21,21.47,True
35694,208184891,ABT,2026-07-28,21.47,True
35694,208184891,ABT,2026-08-04,21.89,True
35694,208184891,ABT,2026-08-11,22.41,True
35694,208184891,BUY,2026-06-09,29.85,True
35694,208184891,BUY,2026-06-16,29.52,True
35694,208184891,BUY,2026-06-23,28.92,True
35694,208184891,BUY,2026-06-30,28.37,True
35694,208184891,BUY,2026-07-07,28.63,True
35694,208184891,BUY,2026-07-14,28.98,True
35694,208184891,BUY,2026-07-21,29.57,True
35694,208184891,BUY,2026-07-28,30.07,True
35694,208184891,BUY,2026-08-04,29.87,True
35694,208184891,BUY,2026-08-11,30.0,True
34708,208186248,ABT,2026-06-16,234.21,True
34708,208186248,ABT,2026-06-23,233.87,True
34708,208186248,ABT,2026-06-30,216.14,True
34708,208186248,ABT,2026-07-07,216.67,True
34708,208186248,ABT,2026-07-14,219.88,True
34708,208186248,ABT,2026-07-21,223.41,True
34708,208186248,ABT,2026-07-28,223.15,True
34708,208186248,ABT,2026-08-04,222.72,True
34708,208186248,ABT,2026-08-11,219.77,True
34708,208186248,BUY,2026-06-16,234.78,True
34708,208186248,BUY,2026-06-23,232.81,True
34708,208186248,BUY,2026-06-30,236.32,True
34708,208186248,BUY,2026-07-07,234.73,True
34708,208186248,BUY,2026-07-14,227.85,True
34708,208186248,BUY,2026-07-21,226.38,True
34708,208186248,BUY,2026-07-28,226.83,True
34708,208186248,BUY,2026-08-04,224.07,True
34708,208186248,BUY,2026-08-11,221.45,True
35900,208190046,ABT,2026-05-26,79.66,True
35900,208190046,ABT,2026-06-02,86.34,True
35900,208190046,ABT,2026-06-09,86.08,True
35900,208190046,ABT,2026-06-16,92.82,True
35900,208190046,ABT,2026-06-23,93.92,True
35900,208190046,ABT,2026-06-30,97.35,True
35900,208190046,ABT,2026-07-07,96.77,True
35900,208190046,ABT,2026-07-14,97.94,True
35900,208190046,ABT,2026-07-21,96.28,True
35900,208190046,ABT,2026-07-28,103.01,True
35900,208190046,ABT,2026-08-04,105.39,True
35900,208190046,ABT,2026-08-11,105.11,True
35900,208190046,BUY,2026-05-26,89.1,True
35900,208190046,BUY,2026-06-02,94.06,True
35900,208190046,BUY,2026-06-09,92.97,True
35900,208190046,BUY,2026-06-16,93.77,True
35900,208190046,BUY,2026-06-23,99.37,True
35900,208190046,BUY,2026-06-30,99.64,True
35900,208190046,BUY,2026-07-07,101.53,True
35900,208190046,BUY,2026-07-14,101.58,True
35900,208190046,BUY,2026-07-21,102.14,True
35900,208190046,BUY,2026-07-28,100.42,True
35900,208190046,BUY,2026-08-04,99.25,True
35900,208190046,BUY,2026-08-11,98.37,True
16000,208226457,ABT,2026-06-02,482.48,True
16000,208226457,ABT,2026-06-09,477.49,True
16000,208226457,ABT,2026-06-16,477.41,True
16000,208226457,ABT,2026-06-23,476.49,True
16000,208226457,ABT,2026-06-30,481.43,True
16000,208226457,ABT,2026-07-07,446.2,True
16000,208226457,ABT,2026-07-14,437.93,True
16000,208226457,ABT,2026-07-21,436.85,True
16000,208226457,ABT,2026-07-28,439.79,True
16000,208226457,ABT,2026-08-04,436.43,True
16000,208226457,ABT,2026-08-11,380.1,True
16000,208226457,BUY,2026-06-02,524.85,True
16000,208226457,BUY,2026-06-09,529.4,True
16000,208226457,BUY,2026-06-16,529.29,True
16000,208226457,BUY,2026-06-23,536.53,True
16000,208226457,BUY,2026-06-30,549.26,True
16000,208226457,BUY,2026-07-07,558.7,True
16000,208226457,BUY,2026-07-14,552.04,True
16000,208226457,BUY,2026-07-21,559.01,True
16000,208226457,BUY,2026-07-28,563.53,True
16000,208226457,BUY,2026-08-04,570.37,True
16000,208226457,BUY,2026-08-11,569.55,True
16003,208226458,ABT,2026-05-26,161.47,True
16003,208226458,ABT,2026-06-02,151.74,True
16003,208226458,ABT,2026-06-09,145.36,True
16003,208226458,ABT,2026-06-16,138.24,True
16003,208226458,ABT,2026-06-23,131.6,True
16003,208226458,ABT,2026-06-30,125.45,True
16003,208226458,ABT,2026-07-07,119.19,True
16003,208226458,ABT,2026-07-14,116.12,True
16003,208226458,ABT,2026-07-21,115.57,True
16003,208226458,ABT,2026-07-28,115.52,True
16003,208226458,ABT,2026-08-04,113.33,True
16003,208226458,ABT,2026-08-11,113.2,True
16003,208226458,BUY,2026-05-26,184.05,True
16003,208226458,BUY,2026-06-02,186.79,True
16003,208226458,BUY,2026-06-09,188.5,True
16003,208226458,BUY,2026-06-16,186.86,True
16003,208226458,BUY,2026-06-23,186.93,True
16003,208226458,BUY,2026-06-30,209.84,True
16003,208226458,BUY,2026-07-07,209.61,True
16003,208226458,BUY,2026-07-14,197.97,True
16003,208226458,BUY,2026-07-21,194.81,True
16003,208226458,BUY,2026-07-28,194.66,True
16003,208226458,BUY,2026-08-04,199.66,True
16003,208226458,BUY,2026-08-11,175.79,True
38452,208226470,ABT,2026-06-02,181.78,True
38452,208226470,ABT,2026-06-09,181.42,True
38452,208226470,ABT,2026-06-16,182.57,True
38452,208226470,ABT,2026-06-23,184.97,True
38452,208226470,ABT,2026-06-30,182.0,True
38452,208226470,ABT,2026-07-07,181.18,True
38452,208226470,ABT,2026-07-14,171.42,True
38452,208226470,ABT,2026-07-21,168.16,True
38452,208226470,ABT,2026-07-28,169.17,True
38452,208226470,ABT,2026-08-04,172.22,True
38452,208226470,ABT,2026-08-11,175.03,True
38452,208226470,BUY,2026-06-02,179.39,True
38452,208226470,BUY,2026-06-09,174.62,True
38452,208226470,BUY,2026-06-16,178.35,True
38452,208226470,BUY,2026-06-23,180.9,True
38452,208226470,BUY,2026-06-30,180.25,True
38452,208226470,BUY,2026-07-07,180.14,True
38452,208226470,BUY,2026-07-14,177.13,True
38452,208226470,BUY,2026-07-21,178.12,True
38452,208226470,BUY,2026-07-28,176.56,True
38452,208226470,BUY,2026-08-04,173.73,True
38452,208226470,BUY,2026-08-11,176.14,True
36361,208226689,ABT,2026-06-16,603.32,True
36361,208226689,ABT,2026-06-23,604.55,True
36361,208226689,ABT,2026-06-30,570.64,True
36361,208226689,ABT,2026-07-07,572.27,True
36361,208226689,ABT,2026-07-14,561.69,True
36361,208226689,ABT,2026-07-21,568.93,True
36361,208226689,ABT,2026-07-28,580.72,True
36361,208226689,ABT,2026-08-04,591.35,True
36361,208226689,ABT,2026-08-11,547.14,True
36361,208226689,BUY,2026-06-16,583.35,True
36361,208226689,BUY,2026-06-23,585.71,True
36361,208226689,BUY,2026-06-30,545.5,True
36361,208226689,BUY,2026-07-07,546.64,True
36361,208226689,BUY,2026-07-14,556.39,True
36361,208226689,BUY,2026-07-21,548.88,True
36361,208226689,BUY,2026-07-28,553.35,True
36361,208226689,BUY,2026-08-04,560.27,True
36361,208226689,BUY,2026-08-11,553.72,True
35308,208270234,ABT,2026-05-26,99.97,True
35308,208270234,ABT,2026-06-02,97.6,True
35308,208270234,ABT,2026-06-09,100.01,True
35308,208270234,ABT,2026-06-16,100.09,True
35308,208270234,ABT,2026-06-23,99.46,True
35308,208270234,ABT,2026-06-30,98.81,True
35308,208270234,ABT,2026-07-07,98.85,True
35308,208270234,ABT,2026-07-14,100.79,True
35308,208270234,ABT,2026-07-21,102.01,True
35308,208270234,ABT,2026-07-28,100.84,True
35308,208270234,ABT,2026-08-04,99.66,True
35308,208270234,ABT,2026-08-11,98.51,True
35308,208270234,BUY,2026-05-26,101.88,True
35308,208270234,BUY,2026-06-02,104.43,True
35308,208270234,BUY,2026-06-09,103.72,True
35308,208270234,BUY,2026-06-16,102.62,True
35308,208270234,BUY,2026-06-23,103.16,True
35308,208270234,BUY,2026-06-30,102.2,True
35308,208270234,BUY,2026-07-07,103.26,True
35308,208270234,BUY,2026-07-14,93.56,True
35308,208270234,BUY,2026-07-21,85.68,True
35308,208270234,BUY,2026-07-28,77.36,True
35308,208270234,BUY,2026-08-04,70.59,True
35308,208270234,BUY,2026-08-11,70.57,True
25532,208280406,ABT,2026-06-16,34.17,True
25532,208280406,ABT,2026-06-23,32.89,True
25532,208280406,ABT,2026-06-30,33.11,True
25532,208280406,ABT,2026-07-07,32.17,True
25532,208280406,ABT,2026-07-14,33.2,True
25532,208280406,ABT,2026-07-21,33.32,True
25532,208280406,ABT,2026-07-28,33.12,True
25532,208280406,ABT,2026-08-04,33.41,True
25532,208280406,ABT,2026-08-11,34.38,True
25532,208280406,BUY,2026-06-16,28.62,True
25532,208280406,BUY,2026-06-23,28.87,True
25532,208280406,BUY,2026-06-30,28.73,True
25532,208280406,BUY,2026-07-07,28.93,True
25532,208280406,BUY,2026-07-14,29.3,True
25532,208280406,BUY,2026-07-21,28.79,True
25532,208280406,BUY,2026-07-28,28.88,True
25532,208280406,BUY,2026-08-04,28.47,True
25532,208280406,BUY,2026-08-11,29.17,True
35519,208289950,ABT,2026-06-16,61.23,True
35519,208289950,ABT,2026-06-23,61.51,True
35519,208289950,ABT,2026-06-30,63.53,True
35519,208289950,ABT,2026-07-07,63.38,True
35519,208289950,ABT,2026-07-14,63.14,True
35519,208289950,ABT,2026-07-21,55.17,True
35519,208289950,ABT,2026-07-28,55.48,True
35519,208289950,ABT,2026-08-04,56.16,True
35519,208289950,ABT,2026-08-11,55.7,True
35519,208289950,BUY,2026-06-16,60.04,True
35519,208289950,BUY,2026-06-23,59.3,True
35519,208289950,BUY,2026-06-30,60.11,True
35519,208289950,BUY,2026-07-07,61.57,True
35519,208289950,BUY,2026-07-14,65.27,True
35519,208289950,BUY,2026-07-21,64.81,True
35519,208289950,BUY,2026-07-28,66.06,True
35519,208289950,BUY,2026-08-04,66.26,True
35519,208289950,BUY,2026-08-11,67.16,True
35666,208289990,ABT,2026-06-02,204.25,True
35666,208289990,ABT,2026-06-09,198.04,True
35666,208289990,ABT,2026-06-16,193.25,True
35666,208289990,ABT,2026-06-23,190.75,True
35666,208289990,ABT,2026-06-30,190.35,True
35666,208289990,ABT,2026-07-07,188.56,True
35666,208289990,ABT,2026-07-14,186.08,True
35666,208289990,ABT,2026-07-21,182.26,True
35666,208289990,ABT,2026-07-28,177.0,True
35666,208289990,ABT,2026-08-04,179.81,True
35666,208289990,ABT,2026-08-11,178.09,True
35666,208289990,BUY,2026-06-02,200.21,True
35666,208289990,BUY,2026-06-09,197.32,True
35666,208289990,BUY,2026-06-16,200.66,True
35666,208289990,BUY,2026-06-23,203.51,True
35666,208289990,BUY,2026-06-30,201.17,True
35666,208289990,BUY,2026-07-07,199.31,True
35666,208289990,BUY,2026-07-14,198.96,True
35666,208289990,BUY,2026-07-21,196.65,True
35666,208289990,BUY,2026-07-28,195.82,True
35666,208289990,BUY,2026-08-04,194.26,True
35666,208289990,BUY,2026-08-11,165.56,True
34156,208289997,ABT,2026-06-16,6.69,True
34156,208289997,ABT,2026-06-23,6.73,True
34156,208289997,ABT,2026-06-30,6.85,True
34156,208289997,ABT,2026-07-07,6.72,True
34156,208289997,ABT,2026-07-14,6.76,True
34156,208289997,ABT,2026-07-21,6.73,True
34156,208289997,ABT,2026-07-28,6.73,True
34156,208289997,ABT,2026-08-04,6.65,True
34156,208289997,ABT,2026-08-11,6.71,True
34156,208289997,BUY,2026-06-16,6.85,True
34156,208289997,BUY,2026-06-23,6.88,True
34156,208289997,BUY,2026-06-30,6.85,True
34156,208289997,BUY,2026-07-07,6.86,True
34156,208289997,BUY,2026-07-14,6.92,True
34156,208289997,BUY,2026-07-21,6.98,True
34156,208289997,BUY,2026-07-28,6.93,True
34156,208289997,BUY,2026-08-04,7.09,True
34156,208289997,BUY,2026-08-11,7.03,True
34858,208294698,ABT,2026-06-23,534.95,True
34858,208294698,ABT,2026-06-30,597.52,True
34858,208294698,ABT,2026-07-07,594.45,True
34858,208294698,ABT,2026-07-14,600.2,True
34858,208294698,ABT,2026-07-21,604.58,True
34858,208294698,ABT,2026-07-28,597.61,True
34858,208294698,ABT,2026-08-04,575.21,True
34858,208294698,ABT,2026-08-11,578.92,True
34858,208294698,BUY,2026-06-23,544.81,True
34858,208294698,BUY,2026-06-30,537.46,True
34858,208294698,BUY,2026-07-07,532.24,True
34858,208294698,BUY,2026-07-14,527.88,True
34858,208294698,BUY,2026-07-21,518.91,True
34858,208294698,BUY,2026-07-28,512.54,True
34858,208294698,BUY,2026-08-04,510.46,True
34858,208294698,BUY,2026-08-11,509.71,True
35216,208294701,ABT,2026-06-09,216.81,True
35216,208294701,ABT,2026-06-16,219.16,True
35216,208294701,ABT,2026-06-23,219.52,True
35216,208294701,ABT,2026-06-30,228.49,True
35216,208294701,ABT,2026-07-07,223.19,True
35216,208294701,ABT,2026-07-14,223.24,True
35216,208294701,ABT,2026-07-21,203.19,True
35216,208294701,ABT,2026-07-28,204.82,True
35216,208294701,ABT,2026-08-04,204.71,True
35216,208294701,ABT,2026-08-11,209.74,True
35216,208294701,BUY,2026-06-09,220.56,True
35216,208294701,BUY,2026-06-16,220.7,True
35216,208294701,BUY,2026-06-23,223.73,True
35216,208294701,BUY,2026-06-30,200.51,True
35216,208294701,BUY,2026-07-07,174.33,True
35216,208294701,BUY,2026-07-14,152.98,True
35216,208294701,BUY,2026-07-21,134.45,True
35216,208294701,BUY,2026-07-28,119.56,True
35216,208294701,BUY,2026-08-04,118.32,True
35216,208294701,BUY,2026-08-11,118.81,True
34218,208294712,ABT,2026-06-02,47.3,True
34218,208294712,ABT,2026-06-09,47.54,True
34218,208294712,ABT,2026-06-16,46.39,True
34218,208294712,ABT,2026-06-23,45.83,True
34218,208294712,ABT,2026-06-30,46.57,True
34218,208294712,ABT,2026-07-07,46.16,True
34218,208294712,ABT,2026-07-14,43.16,True
34218,208294712,ABT,2026-07-21,42.98,True
34218,208294712,ABT,2026-07-28,41.83,True
34218,208294712,ABT,2026-08-04,41.62,True
34218,208294712,ABT,2026-08-11,41.95,True
34218,208294712,BUY,2026-06-02,47.02,True
34218,208294712,BUY,2026-06-09,46.53,True
34218,208294712,BUY,2026-06-16,46.47,True
34218,208294712,BUY,2026-06-23,46.34,True
34218,208294712,BUY,2026-06-30,45.86,True
34218,208294712,BUY,2026-07-07,45.63,True
34218,208294712,BUY,2026-07-14,45.06,True
34218,208294712,BUY,2026-07-21,44.27,True
34218,208294712,BUY,2026-07-28,44.08,True
34218,208294712,BUY,2026-08-04,43.27,True
34218,208294712,BUY,2026-08-11,43.14,True
34901,208294715,ABT,2026-05-26,402.35,True
34901,208294715,ABT,2026-06-02,407.16,True
34901,208294715,ABT,2026-06-09,409.33,True
34901,208294715,ABT,2026-06-16,464.06,True
34901,208294715,ABT,2026-06-23,458.12,True
34901,208294715,ABT,2026-06-30,454.55,True
34901,208294715,ABT,2026-07-07,447.81,True
34901,208294715,ABT,2026-07-14,454.17,True
34901,208294715,ABT,2026-07-21,454.82,True
34901,208294715,ABT,2026-07-28,455.82,True
34901,208294715,ABT,2026-08-04,447.29,True
34901,208294715,ABT,2026-08-11,446.93,True
34901,208294715,BUY,2026-05-26,396.58,True
34901,208294715,BUY,2026-06-02,401.41,True
34901,208294715,BUY,2026-06-09,398.52,True
34901,208294715,BUY,2026-06-16,390.03,True
34901,208294715,BUY,2026-06-23,393.12,True
34901,208294715,BUY,2026-06-30,390.08,True
34901,208294715,BUY,2026-07-07,392.4,True
34901,208294715,BUY,2026-07-14,392.56,True
34901,208294715,BUY,2026-07-21,389.6,True
34901,208294715,BUY,2026-07-28,386.99,True
34901,208294715,BUY,2026-08-04,401.87,True
34901,208294715,BUY,2026-08-11,396.36,True
34661,208294716,ABT,2026-05-26,1388.78,True
34661,208294716,ABT,2026-06-02,1412.5,True
34661,208294716,ABT,2026-06-09,1413.05,True
34661,208294716,ABT,2026-06-16,1376.17,True
34661,208294716,ABT,2026-06-23,1365.43,True
34661,208294716,ABT,2026-06-30,1376.43,True
34661,208294716,ABT,2026-07-07,1391.03,True
34661,208294716,ABT,2026-07-14,1415.42,True
34661,208294716,ABT,2026-07-21,1388.73,True
34661,208294716,ABT,2026-07-28,1381.7,True
34661,208294716,ABT,2026-08-04,1381.59,True
34661,208294716,ABT,2026-08-11,1347.11,True
34661,208294716,BUY,2026-05-26,1428.11,True
34661,208294716,BUY,2026-06-02,1449.51,True
34661,208294716,BUY,2026-06-09,1426.22,True
34661,208294716,BUY,2026-06-16,1434.73,True
34661,208294716,BUY,2026-06-23,1491.37,True
34661,208294716,BUY,2026-06-30,1475.38,True
34661,208294716,BUY,2026-07-07,1486.56,True
34661,208294716,BUY,2026-07-14,1500.37,True
34661,208294716,BUY,2026-07-21,1478.93,True
34661,208294716,BUY,2026-07-28,1440.93,True
34661,208294716,BUY,2026-08-04,1454.69,True
34661,208294716,BUY,2026-08-11,1429.23,True
34864,208294717,ABT,2026-06-02,1167.12,True
34864,208294717,ABT,2026-06-09,1160.03,True
34864,208294717,ABT,2026-06-16,998.98,True
34864,208294717,ABT,2026-06-23,866.68,True
34864,208294717,ABT,2026-06-30,760.09,True
34864,208294717,ABT,2026-07-07,655.61,True
34864,208294717,ABT,2026-07-14,555.04,True
34864,208294717,ABT,2026-07-21,535.85,True
34864,208294717,ABT,2026-07-28,603.36,True
34864,208294717,ABT,2026-08-04,612.78,True
34864,208294717,ABT,2026-08-11,614.58,True
34864,208294717,BUY,2026-06-02,1170.64,True
34864,208294717,BUY,2026-06-09,1182.52,True
34864,208294717,BUY,2026-06-16,1174.12,True
34864,208294717,BUY,2026-06-23,1170.12,True
34864,208294717,BUY,2026-06-30,1149.55,True
34864,208294717,BUY,2026-07-07,1169.21,True
34864,208294717,BUY,2026-07-14,1182.96,True
34864,208294717,BUY,2026-07-21,1176.81,True
34864,208294717,BUY,2026-07-28,1157.1,True
34864,208294717,BUY,2026-08-04,1163.17,True
34864,208294717,BUY,2026-08-11,1156.15,True
34881,208294718,ABT,2026-06-09,591.79,True
34881,208294718,ABT,2026-06-16,505.9,True
34881,208294718,ABT,2026-06-23,496.63,True
34881,208294718,ABT,2026-06-30,508.05,True
34881,208294718,ABT,2026-07-07,460.09,True
34881,208294718,ABT,2026-07-14,464.27,True
34881,208294718,ABT,2026-07-21,428.78,True
34881,208294718,ABT,2026-07-28,433.54,True
34881,208294718,ABT,2026-08-04,440.0,True
34881,208294718,ABT,2026-08-11,424.62,True
34881,208294718,BUY,2026-06-09,594.43,True
34881,208294718,BUY,2026-06-16,599.69,True
34881,208294718,BUY,2026-06-23,592.99,True
34881,208294718,BUY,2026-06-30,595.8,True
34881,208294718,BUY,2026-07-07,605.66,True
34881,208294718,BUY,2026-07-14,556.42,True
34881,208294718,BUY,2026-07-21,513.47,True
34881,208294718,BUY,2026-07-28,522.2,True
34881,208294718,BUY,2026-08-04,531.74,True
34881,208294718,BUY,2026-08-11,516.01,True
34969,208294720,ABT,2026-05-26,149.43,True
34969,208294720,ABT,2026-06-02,148.87,True
34969,208294720,ABT,2026-06-09,150.58,True
34969,208294720,ABT,2026-06-16,129.46,True
34969,208294720,ABT,2026-06-23,128.75,True
34969,208294720,ABT,2026-06-30,132.39,True
34969,208294720,ABT,2026-07-07,134.78,True
34969,208294720,ABT,2026-07-14,135.25,True
34969,208294720,ABT,2026-07-21,133.17,True
34969,208294720,ABT,2026-07-28,133.33,True
34969,208294720,ABT,2026-08-04,132.52,True
34969,208294720,ABT,2026-08-11,130.17,True
34969,208294720,BUY,2026-05-26,160.21,True
34969,208294720,BUY,2026-06-02,156.16,True
34969,208294720,BUY,2026-06-09,152.6,True
34969,208294720,BUY,2026-06-16,152.92,True
34969,208294720,BUY,2026-06-23,153.36,True
34969,208294720,BUY,2026-06-30,158.44,True
34969,208294720,BUY,2026-07-07,159.34,True
34969,208294720,BUY,2026-07-14,156.8,True
34969,208294720,BUY,2026-07-21,158.78,True
34969,208294720,BUY,2026-07-28,159.29,True
34969,208294720,BUY,2026-08-04,158.54,True
34969,208294720,BUY,2026-08-11,157.49,True
34662,208294722,ABT,2026-06-02,1311.37,True
34662,208294722,ABT,2026-06-09,1285.15,True
34662,208294722,ABT,2026-06-16,1298.76,True
34662,208294722,ABT,2026-06-23,1279.43,True
34662,208294722,ABT,2026-06-30,1240.48,True
34662,208294722,ABT,2026-07-07,1210.63,True
34662,208294722,ABT,2026-07-14,1074.77,True
34662,208294722,ABT,2026-07-21,1063.28,True
34662,208294722,ABT,2026-07-28,1051.29,True
34662,208294722,ABT,2026-08-04,1048.01,True
34662,208294722,ABT,2026-08-11,1033.97,True
34662,208294722,BUY,2026-06-02,1299.19,True
34662,208294722,BUY,2026-06-09,1296.42,True
34662,208294722,BUY,2026-06-16,1297.03,True
34662,208294722,BUY,2026-06-23,1187.12,True
34662,208294722,BUY,2026-06-30,1194.92,True
34662,208294722,BUY,2026-07-07,1176.6,True
34662,208294722,BUY,2026-07-14,1071.6,True
34662,208294722,BUY,2026-07-21,1065.77,True
34662,208294722,BUY,2026-07-28,1070.29,True
34662,208294722,BUY,2026-08-04,1098.72,True
34662,208294722,BUY,2026-08-11,1083.36,True
35388,208294724,ABT,2026-06-09,1708.56,True
35388,208294724,ABT,2026-06-16,1672.75,True
35388,208294724,ABT,2026-06-23,1679.91,True
35388,208294724,ABT,2026-06-30,1636.94,True
35388,208294724,ABT,2026-07-07,1652.17,True
35388,208294724,ABT,2026-07-14,1679.04,True
35388,208294724,ABT,2026-07-21,1671.27,True
35388,208294724,ABT,2026-07-28,1690.72,True
35388,208294724,ABT,2026-08-04,1666.4,True
35388,208294724,ABT,2026-08-11,1651.52,True
35388,208294724,BUY,2026-06-09,1726.38,True
35388,208294724,BUY,2026-06-16,1714.59,True
35388,208294724,BUY,2026-06-23,1697.64,True
35388,208294724,BUY,2026-06-30,1752.94,True
35388,208294724,BUY,2026-07-07,1763.34,True
35388,208294724,BUY,2026-07-14,1795.02,True
35388,208294724,BUY,2026-07-21,1823.62,True
35388,208294724,BUY,2026-07-28,1791.45,True
35388,208294724,BUY,2026-08-04,1786.47,True
35388,208294724,BUY,2026-08-11,1546.43,True
33471,208294727,ABT,2026-05-26,130.21,True
33471,208294727,ABT,2026-06-02,129.67,True
33471,208294727,ABT,2026-06-09,131.04,True
33471,208294727,ABT,2026-06-16,131.08,True
33471,208294727,ABT,2026-06-23,130.52,True
33471,208294727,ABT,2026-06-30,129.68,True
33471,208294727,ABT,2026-07-07,128.34,True
33471,208294727,ABT,2026-07-14,128.25,True
33471,208294727,ABT,2026-07-21,127.42,True
33471,208294727,ABT,2026-07-28,128.36,True
33471,208294727,ABT,2026-08-04,127.76,True
33471,208294727,ABT,2026-08-11,128.49,True
33471,208294727,BUY,2026-05-26,132.08,True
33471,208294727,BUY,2026-06-02,135.81,True
33471,208294727,BUY,2026-06-09,133.29,True
33471,208294727,BUY,2026-06-16,134.54,True
33471,208294727,BUY,2026-06-23,134.11,True
33471,208294727,BUY,2026-06-30,133.94,True
33471,208294727,BUY,2026-07-07,132.29,True
33471,208294727,BUY,2026-07-14,132.01,True
33471,208294727,BUY,2026-07-21,133.61,True
33471,208294727,BUY,2026-07-28,135.91,True
33471,208294727,BUY,2026-08-04,141.44,True
33471,208294727,BUY,2026-08-11,144.22,True
9546,208294904,ABT,2026-06-23,244.36,True
9546,208294904,ABT,2026-06-30,207.25,True
9546,208294904,ABT,2026-07-07,188.25,True
9546,208294904,ABT,2026-07-14,218.28,True
9546,208294904,ABT,2026-07-21,218.18,True
9546,208294904,ABT,2026-07-28,215.29,True
9546,208294904,ABT,2026-08-04,215.39,True
9546,208294904,ABT,2026-08-11,216.73,True
9546,208294904,BUY,2026-06-23,246.48,True
9546,208294904,BUY,2026-06-30,241.54,True
9546,208294904,BUY,2026-07-07,238.87,True
9546,208294904,BUY,2026-07-14,239.52,True
9546,208294904,BUY,2026-07-21,234.89,True
9546,208294904,BUY,2026-07-28,240.88,True
9546,208294904,BUY,2026-08-04,241.1,True
9546,208294904,BUY,2026-08-11,242.28,True
34904,208294927,ABT,2026-06-16,293.19,True
34904,208294927,ABT,2026-06-23,292.89,True
34904,208294927,ABT,2026-06-30,255.71,True
34904,208294927,ABT,2026-07-07,223.6,True
34904,208294927,ABT,2026-07-14,197.3,True
34904,208294927,ABT,2026-07-21,201.88,True
34904,208294927,ABT,2026-07-28,204.54,True
34904,208294927,ABT,2026-08-04,196.88,True
34904,208294927,ABT,2026-08-11,191.76,True
34904,208294927,BUY,2026-06-16,282.68,True
34904,208294927,BUY,2026-06-23,285.59,True
34904,208294927,BUY,2026-06-30,286.31,True
34904,208294927,BUY,2026-07-07,294.38,True
34904,208294927,BUY,2026-07-14,296.85,True
34904,208294927,BUY,2026-07-21,289.73,True
34904,208294927,BUY,2026-07-28,289.26,True
34904,208294927,BUY,2026-08-04,289.87,True
34904,208294927,BUY,2026-08-11,294.06,True
38826,208294970,ABT,2026-06-02,138.77,True
38826,208294970,ABT,2026-06-09,153.68,True
38826,208294970,ABT,2026-06-16,155.88,True
38826,208294970,ABT,2026-06-23,155.32,True
38826,208294970,ABT,2026-06-30,156.17,True
38826,208294970,ABT,2026-07-07,152.02,True
38826,208294970,ABT,2026-07-14,153.06,True
38826,208294970,ABT,2026-07-21,154.64,True
38826,208294970,ABT,2026-07-28,157.25,True
38826,208294970,ABT,2026-08-04,155.04,True
38826,208294970,ABT,2026-08-11,157.12,True
38826,208294970,BUY,2026-06-02,120.48,True
38826,208294970,BUY,2026-06-09,121.99,True
38826,208294970,BUY,2026-06-16,121.55,True
38826,208294970,BUY,2026-06-23,109.4,True
38826,208294970,BUY,2026-06-30,100.13,True
38826,208294970,BUY,2026-07-07,101.68,True
38826,208294970,BUY,2026-07-14,104.77,True
38826,208294970,BUY,2026-07-21,101.75,True
38826,208294970,BUY,2026-07-28,99.63,True
38826,208294970,BUY,2026-08-04,100.85,True
38826,208294970,BUY,2026-08-11,98.16,True
32358,208295050,ABT,2026-06-02,906.24,True
32358,208295050,ABT,2026-06-09,923.16,True
32358,208295050,ABT,2026-06-16,995.88,True
32358,208295050,ABT,2026-06-23,983.59,True
32358,208295050,ABT,2026-06-30,970.48,True
32358,208295050,ABT,2026-07-07,874.08,True
32358,208295050,ABT,2026-07-14,861.37,True
32358,208295050,ABT,2026-07-21,855.77,True
32358,208295050,ABT,2026-07-28,861.0,True
32358,208295050,ABT,2026-08-04,728.34,True
32358,208295050,ABT,2026-08-11,725.26,True
32358,208295050,BUY,2026-06-02,915.18,True
32358,208295050,BUY,2026-06-09,928.25,True
32358,208295050,BUY,2026-06-16,911.34,True
32358,208295050,BUY,2026-06-23,915.35,True
32358,208295050,BUY,2026-06-30,920.66,True
32358,208295050,BUY,2026-07-07,912.69,True
32358,208295050,BUY,2026-07-14,937.95,True
32358,208295050,BUY,2026-07-21,948.92,True
32358,208295050,BUY,2026-07-28,942.94,True
32358,208295050,BUY,2026-08-04,942.33,True
32358,208295050,BUY,2026-08-11,950.16,True
38550,208296017,ABT,2026-06-02,170.9,True
38550,208296017,ABT,2026-06-09,172.81,True
38550,208296017,ABT,2026-06-16,171.43,True
38550,208296017,ABT,2026-06-23,170.75,True
38550,208296017,ABT,2026-06-30,170.15,True
38550,208296017,ABT,2026-07-07,174.5,True
38550,208296017,ABT,2026-07-14,174.77,True
38550,208296017,ABT,2026-07-21,171.65,True
38550,208296017,ABT,2026-07-28,172.21,True
38550,208296017,ABT,2026-08-04,162.88,True
38550,208296017,ABT,2026-08-11,151.65,True
38550,208296017,BUY,2026-06-02,172.51,True
38550,208296017,BUY,2026-06-09,172.46,True
38550,208296017,BUY,2026-06-16,176.89,True
38550,208296017,BUY,2026-06-23,174.07,True
38550,208296017,BUY,2026-06-30,174.98,True
38550,208296017,BUY,2026-07-07,169.66,True
38550,208296017,BUY,2026-07-14,173.7,True
38550,208296017,BUY,2026-07-21,176.53,True
38550,208296017,BUY,2026-07-28,179.16,True
38550,208296017,BUY,2026-08-04,182.05,True
38550,208296017,BUY,2026-08-11,177.58,True
36862,208342520,ABT,2026-06-02,23.7,True
36862,208342520,ABT,2026-06-09,23.1,True
36862,208342520,ABT,2026-06-16,22.8,True
36862,208342520,ABT,2026-06-23,23.0,True
36862,208342520,ABT,2026-06-30,23.07,True
36862,208342520,ABT,2026-07-07,22.73,True
36862,208342520,ABT,2026-07-14,22.54,True
36862,208342520,ABT,2026-07-21,22.49,True
36862,208342520,ABT,2026-07-28,22.4,True
36862,208342520,ABT,2026-08-04,22.29,True
36862,208342520,ABT,2026-08-11,22.06,True
36862,208342520,BUY,2026-06-02,23.32,True
36862,208342520,BUY,2026-06-09,23.45,True
36862,208342520,BUY,2026-06-16,23.2,True
36862,208342520,BUY,2026-06-23,23.38,True
36862,208342520,BUY,2026-06-30,23.16,True
36862,208342520,BUY,2026-07-07,23.05,True
36862,208342520,BUY,2026-07-14,23.1,True
36862,208342520,BUY,2026-07-21,23.11,True
36862,208342520,BUY,2026-07-28,23.18,True
36862,208342520,BUY,2026-08-04,22.96,True
36862,208342520,BUY,2026-08-11,22.97,True
36299,208342524,ABT,2026-06-02,23.97,True
36299,208342524,ABT,2026-06-09,26.79,True
36299,208342524,ABT,2026-06-16,27.0,True
36299,208342524,ABT,2026-06-23,27.39,True
36299,208342524,ABT,2026-06-30,27.33,True
36299,208342524,ABT,2026-07-07,26.86,True
36299,208342524,ABT,2026-07-14,29.53,True
36299,208342524,ABT,2026-07-21,30.01,True
36299,208342524,ABT,2026-07-28,29.48,True
36299,208342524,ABT,2026-08-04,29.82,True
36299,208342524,ABT,2026-08-11,30.3,True
36299,208342524,BUY,2026-06-02,24.15,True
36299,208342524,BUY,2026-06-09,21.36,True
36299,208342524,BUY,2026-06-16,17.53,True
36299,208342524,BUY,2026-06-23,15.81,True
36299,208342524,BUY,2026-06-30,14.03,True
36299,208342524,BUY,2026-07-07,14.19,True
36299,208342524,BUY,2026-07-14,14.46,True
36299,208342524,BUY,2026-07-21,14.57,True
36299,208342524,BUY,2026-07-28,14.3,True
36299,208342524,BUY,2026-08-04,14.66,True
36299,208342524,BUY,2026-08-11,14.84,True
38644,208344063,ABT,2026-06-09,18.02,True
38644,208344063,ABT,2026-06-16,17.96,True
38644,208344063,ABT,2026-06-23,17.79,True
38644,208344063,ABT,2026-06-30,15.32,True
38644,208344063,ABT,2026-07-07,13.28,True
38644,208344063,ABT,2026-07-14,13.41,True
38644,208344063,ABT,2026-07-21,13.18,True
38644,208344063,ABT,2026-07-28,13.67,True
38644,208344063,ABT,2026-08-04,13.59,True
38644,208344063,ABT,2026-08-11,13.52,True
38644,208344063,BUY,2026-06-09,18.45,True
38644,208344063,BUY,2026-06-16,18.6,True
38644,208344063,BUY,2026-06-23,18.74,True
38644,208344063,BUY,2026-06-30,18.62,True
38644,208344063,BUY,2026-07-07,17.88,True
38644,208344063,BUY,2026-07-14,17.66,True
38644,208344063,BUY,2026-07-21,17.76,True
38644,208344063,BUY,2026-07-28,17.43,True
38644,208344063,BUY,2026-08-04,17.05,True
38644,208344063,BUY,2026-08-11,17.17,True
36931,208370418,ABT,2026-06-02,9.97,True
36931,208370418,ABT,2026-06-09,9.84,True
36931,208370418,ABT,2026-06-16,10.22,True
36931,208370418,ABT,2026-06-23,10.3,True
36931,208370418,ABT,2026-06-30,10.22,True
36931,208370418,ABT,2026-07-07,11.42,True
36931,208370418,ABT,2026-07-14,11.62,True
36931,208370418,ABT,2026-07-21,11.42,True
36931,208370418,ABT,2026-07-28,11.49,True
36931,208370418,ABT,2026-08-04,11.77,True
36931,208370418,ABT,2026-08-11,11.81,True
36931,208370418,BUY,2026-06-02,9.78,True
36931,208370418,BUY,2026-06-09,8.72,True
36931,208370418,BUY,2026-06-16,8.66,True
36931,208370418,BUY,2026-06-23,8.41,True
36931,208370418,BUY,2026-06-30,8.44,True
36931,208370418,BUY,2026-07-07,8.4,True
36931,208370418,BUY,2026-07-14,8.27,True
36931,208370418,BUY,2026-07-21,8.17,True
36931,208370418,BUY,2026-07-28,8.18,True
36931,208370418,BUY,2026-08-04,8.05,True
36931,208370418,BUY,2026-08-11,8.17,True
36635,208409750,ABT,2026-06-16,755.31,True
36635,208409750,ABT,2026-06-23,762.08,True
36635,208409750,ABT,2026-06-30,772.71,True
36635,208409750,ABT,2026-07-07,775.96,True
36635,208409750,ABT,2026-07-14,776.64,True
36635,208409750,ABT,2026-07-21,785.04,True
36635,208409750,ABT,2026-07-28,788.37,True
36635,208409750,ABT,2026-08-04,788.12,True
36635,208409750,ABT,2026-08-11,782.14,True
36635,208409750,BUY,2026-06-16,766.93,True
36635,208409750,BUY,2026-06-23,780.71,True
36635,208409750,BUY,2026-06-30,791.74,True
36635,208409750,BUY,2026-07-07,783.8,True
36635,208409750,BUY,2026-07-14,773.19,True
36635,208409750,BUY,2026-07-21,686.27,True
36635,208409750,BUY,2026-07-28,697.81,True
36635,208409750,BUY,2026-08-04,713.31,True
36635,208409750,BUY,2026-08-11,683.81,True
37497,208410812,ABT,2026-06-16,136.89,True
37497,208410812,ABT,2026-06-23,139.39,True
37497,208410812,ABT,2026-06-30,121.27,True
37497,208410812,ABT,2026-07-07,106.7,True
37497,208410812,ABT,2026-07-14,96.84,True
37497,208410812,ABT,2026-07-21,83.04,True
37497,208410812,ABT,2026-07-28,83.78,True
37497,208410812,ABT,2026-08-04,82.69,True
37497,208410812,ABT,2026-08-11,83.36,True
37497,208410812,BUY,2026-06-16,139.5,True
37497,208410812,BUY,2026-06-23,137.68,True
37497,208410812,BUY,2026-06-30,139.45,True
37497,208410812,BUY,2026-07-07,136.61,True
37497,208410812,BUY,2026-07-14,133.95,True
37497,208410812,BUY,2026-07-21,136.45,True
37497,208410812,BUY,2026-07-28,135.21,True
37497,208410812,BUY,2026-08-04,135.91,True
37497,208410812,BUY,2026-08-11,133.6,True
36617,208453643,ABT,2026-06-23,2180.18,True
36617,208453643,ABT,2026-06-30,2219.09,True
36617,208453643,ABT,2026-07-07,2233.04,True
36617,208453643,ABT,2026-07-14,2184.2,True
36617,208453643,ABT,2026-07-21,2138.76,True
36617,208453643,ABT,2026-07-28,1938.69,True
36617,208453643,ABT,2026-08-04,1911.7,True
36617,208453643,ABT,2026-08-11,1898.43,True
36617,208453643,BUY,2026-06-23,2211.83,True
36617,208453643,BUY,2026-06-30,2226.05,True
36617,208453643,BUY,2026-07-07,2293.45,True
36617,208453643,BUY,2026-07-14,2260.64,True
36617,208453643,BUY,2026-07-21,2273.18,True
36617,208453643,BUY,2026-07-28,2246.85,True
36617,208453643,BUY,2026-08-04,2264.82,True
36617,208453643,BUY,2026-08-11,2267.72,True
36620,208453646,ABT,2026-06-23,30.06,True
36620,208453646,ABT,2026-06-30,33.24,True
36620,208453646,ABT,2026-07-07,28.55,True
36620,208453646,ABT,2026-07-14,24.34,True
36620,208453646,ABT,2026-07-21,25.04,True
36620,208453646,ABT,2026-07-28,23.38,True
36620,208453646,ABT,2026-08-04,23.67,True
36620,208453646,ABT,2026-08-11,20.89,True
36620,208453646,BUY,2026-06-23,30.35,True
36620,208453646,BUY,2026-06-30,30.21,True
36620,208453646,BUY,2026-07-07,31.19,True
36620,208453646,BUY,2026-07-14,31.63,True
36620,208453646,BUY,2026-07-21,31.47,True
36620,208453646,BUY,2026-07-28,31.75,True
36620,208453646,BUY,2026-08-04,32.49,True
36620,208453646,BUY,2026-08-11,32.45,True
36761,208453648,ABT,2026-06-09,2785.7,True
36761,208453648,ABT,2026-06-16,2752.35,True
36761,208453648,ABT,2026-06-23,2628.88,True
36761,208453648,ABT,2026-06-30,2971.72,True
36761,208453648,ABT,2026-07-07,2891.97,True
36761,208453648,ABT,2026-07-14,2884.1,True
36761,208453648,ABT,2026-07-21,2869.52,True
36761,208453648,ABT,2026-07-28,2957.31,True
36761,208453648,ABT,2026-08-04,2902.88,True
36761,208453648,ABT,2026-08-11,2873.89,True
36761,208453648,BUY,2026-06-09,2898.57,True
36761,208453648,BUY,2026-06-16,2954.59,True
36761,208453648,BUY,2026-06-23,3028.03,True
36761,208453648,BUY,2026-06-30,2997.2,True
36761,208453648,BUY,2026-07-07,3118.63,True
36761,208453648,BUY,2026-07-14,2731.55,True
36761,208453648,BUY,2026-07-21,2521.7,True
36761,208453648,BUY,2026-07-28,2620.44,True
36761,208453648,BUY,2026-08-04,2642.99,True
36761,208453648,BUY,2026-08-11,2584.96,True
31373,208455791,ABT,2026-06-16,448.71,True
31373,208455791,ABT,2026-06-23,463.28,True
31373,208455791,ABT,2026-06-30,466.44,True
31373,208455791,ABT,2026-07-07,451.6,True
31373,208455791,ABT,2026-07-14,444.76,True
31373,208455791,ABT,2026-07-21,436.56,True
31373,208455791,ABT,2026-07-28,444.44,True
31373,208455791,ABT,2026-08-04,446.62,True
31373,208455791,ABT,2026-08-11,445.02,True
31373,208455791,BUY,2026-06-16,444.47,True
31373,208455791,BUY,2026-06-23,449.22,True
31373,208455791,BUY,2026-06-30,475.65,True
31373,208455791,BUY,2026-07-07,479.88,True
31373,208455791,BUY,2026-07-14,485.8,True
31373,208455791,BUY,2026-07-21,491.26,True
31373,208455791,BUY,2026-07-28,489.83,True
31373,208455791,BUY,2026-08-04,493.11,True
31373,208455791,BUY,2026-08-11,492.81,True
31374,208455792,ABT,2026-06-16,445.84,True
31374,208455792,ABT,2026-06-23,442.09,True
31374,208455792,ABT,2026-06-30,433.57,True
31374,208455792,ABT,2026-07-07,435.74,True
31374,208455792,ABT,2026-07-14,390.14,True
31374,208455792,ABT,2026-07-21,385.15,True
31374,208455792,ABT,2026-07-28,378.87,True
31374,208455792,ABT,2026-08-04,377.56,True
31374,208455792,ABT,2026-08-11,415.16,True
31374,208455792,BUY,2026-06-16,452.51,True
31374,208455792,BUY,2026-06-23,463.98,True
31374,208455792,BUY,2026-06-30,455.97,True
31374,208455792,BUY,2026-07-07,382.03,True
31374,208455792,BUY,2026-07-14,333.93,True
31374,208455792,BUY,2026-07-21,334.57,True
31374,208455792,BUY,2026-07-28,342.13,True
31374,208455792,BUY,2026-08-04,330.91,True
31374,208455792,BUY,2026-08-11,335.43,True
29816,208455891,ABT,2026-06-02,38.55,True
29816,208455891,ABT,2026-06-09,39.26,True
29816,208455891,ABT,2026-06-16,40.99,True
29816,208455891,ABT,2026-06-23,41.06,True
29816,208455891,ABT,2026-06-30,41.64,True
29816,208455891,ABT,2026-07-07,46.27,True
29816,208455891,ABT,2026-07-14,46.91,True
29816,208455891,ABT,2026-07-21,48.01,True
29816,208455891,ABT,2026-07-28,47.47,True
29816,208455891,ABT,2026-08-04,45.85,True
29816,208455891,ABT,2026-08-11,45.48,True
29816,208455891,BUY,2026-06-02,37.84,True
29816,208455891,BUY,2026-06-09,37.75,True
29816,208455891,BUY,2026-06-16,35.08,True
29816,208455891,BUY,2026-06-23,35.39,True
29816,208455891,BUY,2026-06-30,35.52,True
29816,208455891,BUY,2026-07-07,35.79,True
29816,208455891,BUY,2026-07-14,36.12,True
29816,208455891,BUY,2026-07-21,35.77,True
29816,208455891,BUY,2026-07-28,31.98,True
29816,208455891,BUY,2026-08-04,25.07,True
29816,208455891,BUY,2026-08-11,25.23,True
34309,208455893,ABT,2026-06-23,471.55,True
34309,208455893,ABT,2026-06-30,469.4,True
34309,208455893,ABT,2026-07-07,471.23,True
34309,208455893,ABT,2026-07-14,468.62,True
34309,208455893,ABT,2026-07-21,467.48,True
34309,208455893,ABT,2026-07-28,464.38,True
34309,208455893,ABT,2026-08-04,452.42,True
34309,208455893,ABT,2026-08-11,456.06,True
34309,208455893,BUY,2026-06-23,494.9,True
34309,208455893,BUY,2026-06-30,506.15,True
34309,208455893,BUY,2026-07-07,510.57,True
34309,208455893,BUY,2026-07-14,511.61,True
34309,208455893,BUY,2026-07-21,399.19,True
34309,208455893,BUY,2026-07-28,353.85,True
34309,208455893,BUY,2026-08-04,349.91,True
34309,208455893,BUY,2026-08-11,348.16,True
34442,208455894,ABT,2026-05-26,245.79,True
34442,208455894,ABT,2026-06-02,236.46,True
34442,208455894,ABT,2026-06-09,238.38,True
34442,208455894,ABT,2026-06-16,235.85,True
34442,208455894,ABT,2026-06-23,230.64,True
34442,208455894,ABT,2026-06-30,231.79,True
34442,208455894,ABT,2026-07-07,235.45,True
34442,208455894,ABT,2026-07-14,239.61,True
34442,208455894,ABT,2026-07-21,232.19,True
34442,208455894,ABT,2026-07-28,231.44,True
34442,208455894,ABT,2026-08-04,236.09,True
34442,208455894,ABT,2026-08-11,210.76,True
34442,208455894,BUY,2026-05-26,252.18,True
34442,208455894,BUY,2026-06-02,254.07,True
34442,208455894,BUY,2026-06-09,253.1,True
34442,208455894,BUY,2026-06-16,252.68,True
34442,208455894,BUY,2026-06-23,217.68,True
34442,208455894,BUY,2026-06-30,189.36,True
34442,208455894,BUY,2026-07-07,164.82,True
34442,208455894,BUY,2026-07-14,141.96,True
34442,208455894,BUY,2026-07-21,120.64,True
34442,208455894,BUY,2026-07-28,106.4,True
34442,208455894,BUY,2026-08-04,105.83,True
34442,208455894,BUY,2026-08-11,105.85,True
33765,208455897,ABT,2026-06-23,151.45,True
33765,208455897,ABT,2026-06-30,152.2,True
33765,208455897,ABT,2026-07-07,150.65,True
33765,208455897,ABT,2026-07-14,149.77,True
33765,208455897,ABT,2026-07-21,165.67,True
33765,208455897,ABT,2026-07-28,164.79,True
33765,208455897,ABT,2026-08-04,165.56,True
33765,208455897,ABT,2026-08-11,162.99,True
33765,208455897,BUY,2026-06-23,149.34,True
33765,208455897,BUY,2026-06-30,146.68,True
33765,208455897,BUY,2026-07-07,145.27,True
33765,208455897,BUY,2026-07-14,145.56,True
33765,208455897,BUY,2026-07-21,147.07,True
33765,208455897,BUY,2026-07-28,167.19,True
33765,208455897,BUY,2026-08-04,170.98,True
33765,208455897,BUY,2026-08-11,169.33,True
29072,208456130,ABT,2026-05-26,668.72,True
29072,208456130,ABT,2026-06-02,668.77,True
29072,208456130,ABT,2026-06-09,649.38,True
29072,208456130,ABT,2026-06-16,643.21,True
29072,208456130,ABT,2026-06-23,643.12,True
29072,208456130,ABT,2026-06-30,591.53,True
29072,208456130,ABT,2026-07-07,583.21,True
29072,208456130,ABT,2026-07-14,501.47,True
29072,208456130,ABT,2026-07-21,501.86,True
29072,208456130,ABT,2026-07-28,495.83,True
29072,208456130,ABT,2026-08-04,506.8,True
29072,208456130,ABT,2026-08-11,516.49,True
29072,208456130,BUY,2026-05-26,685.99,True
29072,208456130,BUY,2026-06-02,800.63,True
29072,208456130,BUY,2026-06-09,805.73,True
29072,208456130,BUY,2026-06-16,804.38,True
29072,208456130,BUY,2026-06-23,820.13,True
29072,208456130,BUY,2026-06-30,880.22,True
29072,208456130,BUY,2026-07-07,917.28,True
29072,208456130,BUY,2026-07-14,928.84,True
29072,208456130,BUY,2026-07-21,877.65,True
29072,208456130,BUY,2026-07-28,935.67,True
29072,208456130,BUY,2026-08-04,930.65,True
29072,208456130,BUY,2026-08-11,933.39,True
23519,208456185,ABT,2026-06-09,675.29,True
23519,208456185,ABT,2026-06-16,663.78,True
23519,208456185,ABT,2026-06-23,665.72,True
23519,208456185,ABT,2026-06-30,673.86,True
23519,208456185,ABT,2026-07-07,691.62,True
23519,208456185,ABT,2026-07-14,700.14,True
23519,208456185,ABT,2026-07-21,686.12,True
23519,208456185,ABT,2026-07-28,664.66,True
23519,208456185,ABT,2026-08-04,668.56,True
23519,208456185,ABT,2026-08-11,672.39,True
23519,208456185,BUY,2026-06-09,568.83,True
23519,208456185,BUY,2026-06-16,569.79,True
23519,208456185,BUY,2026-06-23,562.01,True
23519,208456185,BUY,2026-06-30,564.68,True
23519,208456185,BUY,2026-07-07,560.6,True
23519,208456185,BUY,2026-07-14,538.17,True
23519,208456185,BUY,2026-07-21,468.25,True
23519,208456185,BUY,2026-07-28,415.66,True
23519,208456185,BUY,2026-08-04,333.12,True
23519,208456185,BUY,2026-08-11,337.63,True
26241,208456199,ABT,2026-06-16,825.55,True
26241,208456199,ABT,2026-06-23,823.6,True
26241,208456199,ABT,2026-06-30,823.05,True
26241,208456199,ABT,2026-07-07,825.54,True
26241,208456199,ABT,2026-07-14,834.21,True
26241,208456199,ABT,2026-07-21,802.28,True
26241,208456199,ABT,2026-07-28,794.57,True
26241,208456199,ABT,2026-08-04,792.19,True
26241,208456199,ABT,2026-08-11,778.46,True
26241,208456199,BUY,2026-06-16,811.97,True
26241,208456199,BUY,2026-06-23,823.42,True
26241,208456199,BUY,2026-06-30,832.88,True
26241,208456199,BUY,2026-07-07,842.5,True
26241,208456199,BUY,2026-07-14,840.04,True
26241,208456199,BUY,2026-07-21,782.25,True
26241,208456199,BUY,2026-07-28,704.46,True
26241,208456199,BUY,2026-08-04,665.96,True
26241,208456199,BUY,2026-08-11,679.57,True
18567,208456203,ABT,2026-06-16,308.48,True
18567,208456203,ABT,2026-06-23,305.76,True
18567,208456203,ABT,2026-06-30,299.02,True
18567,208456203,ABT,2026-07-07,290.46,True
18567,208456203,ABT,2026-07-14,294.47,True
18567,208456203,ABT,2026-07-21,298.55,True
18567,208456203,ABT,2026-07-28,283.77,True
18567,208456203,ABT,2026-08-04,284.35,True
18567,208456203,ABT,2026-08-11,286.26,True
18567,208456203,BUY,2026-06-16,360.76,True
18567,208456203,BUY,2026-06-23,366.13,True
18567,208456203,BUY,2026-06-30,364.15,True
18567,208456203,BUY,2026-07-07,356.62,True
18567,208456203,BUY,2026-07-14,351.7,True
18567,208456203,BUY,2026-07-21,334.92,True
18567,208456203,BUY,2026-07-28,329.73,True
18567,208456203,BUY,2026-08-04,286.46,True
18567,208456203,BUY,2026-08-11,287.08,True
28340,208456215,ABT,2026-06-23,913.11,True
28340,208456215,ABT,2026-06-30,914.22,True
28340,208456215,ABT,2026-07-07,917.24,True
28340,208456215,ABT,2026-07-14,914.8,True
28340,208456215,ABT,2026-07-21,821.25,True
28340,208456215,ABT,2026-07-28,844.33,True
28340,208456215,ABT,2026-08-04,843.65,True
28340,208456215,ABT,2026-08-11,760.11,True
28340,208456215,BUY,2026-06-23,975.34,True
28340,208456215,BUY,2026-06-30,984.26,True
28340,208456215,BUY,2026-07-07,1002.25,True
28340,208456215,BUY,2026-07-14,1047.64,True
28340,208456215,BUY,2026-07-21,1047.85,True
28340,208456215,BUY,2026-07-28,979.58,True
28340,208456215,BUY,2026-08-04,1002.03,True
28340,208456215,BUY,2026-08-11,998.68,True
33950,208456233,ABT,2026-06-16,910.09,True
33950,208456233,ABT,2026-06-23,923.44,True
33950,208456233,ABT,2026-06-30,915.92,True
33950,208456233,ABT,2026-07-07,894.86,True
33950,208456233,ABT,2026-07-14,900.35,True
33950,208456233,ABT,2026-07-21,913.36,True
33950,208456233,ABT,2026-07-28,904.43,True
33950,208456233,ABT,2026-08-04,796.23,True
33950,208456233,ABT,2026-08-11,797.1,True
33950,208456233,BUY,2026-06-16,912.33,True
33950,208456233,BUY,2026-06-23,931.73,True
33950,208456233,BUY,2026-06-30,932.86,True
33950,208456233,BUY,2026-07-07,950.78,True
33950,208456233,BUY,2026-07-14,938.46,True
33950,208456233,BUY,2026-07-21,923.92,True
33950,208456233,BUY,2026-07-28,916.6,True
33950,208456233,BUY,2026-08-04,923.35,True
33950,208456233,BUY,2026-08-11,934.69,True
34401,208456262,ABT,2026-06-16,1062.16,True
34401,208456262,ABT,2026-06-23,1090.36,True
34401,208456262,ABT,2026-06-30,1095.97,True
34401,208456262,ABT,2026-07-07,1102.93,True
34401,208456262,ABT,2026-07-14,1107.53,True
34401,208456262,ABT,2026-07-21,1112.79,True
34401,208456262,ABT,2026-07-28,1125.61,True
34401,208456262,ABT,2026-08-04,1132.42,True
34401,208456262,ABT,2026-08-11,1117.65,True
34401,208456262,BUY,2026-06-16,1021.74,True
34401,208456262,BUY,2026-06-23,1008.78,True
34401,208456262,BUY,2026-06-30,1012.85,True
34401,208456262,BUY,2026-07-07,1019.97,True
34401,208456262,BUY,2026-07-14,1018.82,True
34401,208456262,BUY,2026-07-21,1030.63,True
34401,208456262,BUY,2026-07-28,1025.07,True
34401,208456262,BUY,2026-08-04,1015.24,True
34401,208456262,BUY,2026-08-11,992.45,True
36367,208464207,ABT,2026-05-26,469.3,True
36367,208464207,ABT,2026-06-02,451.03,True
36367,208464207,ABT,2026-06-09,456.8,True
36367,208464207,ABT,2026-06-16,465.08,True
36367,208464207,ABT,2026-06-23,438.81,True
36367,208464207,ABT,2026-06-30,439.94,True
36367,208464207,ABT,2026-07-07,435.98,True
36367,208464207,ABT,2026-07-14,433.92,True
36367,208464207,ABT,2026-07-21,430.97,True
36367,208464207,ABT,2026-07-28,429.48,True
36367,208464207,ABT,2026-08-04,427.02,True
36367,208464207,ABT,2026-08-11,419.69,True
36367,208464207,BUY,2026-05-26,463.48,True
36367,208464207,BUY,2026-06-02,456.59,True
36367,208464207,BUY,2026-06-09,458.75,True
36367,208464207,BUY,2026-06-16,459.99,True
36367,208464207,BUY,2026-06-23,460.08,True
36367,208464207,BUY,2026-06-30,453.75,True
36367,208464207,BUY,2026-07-07,453.3,True
36367,208464207,BUY,2026-07-14,461.74,True
36367,208464207,BUY,2026-07-21,458.02,True
36367,208464207,BUY,2026-07-28,446.46,True
36367,208464207,BUY,2026-08-04,451.81,True
36367,208464207,BUY,2026-08-11,389.91,True
33938,208464825,ABT,2026-06-09,1809.88,True
33938,208464825,ABT,2026-06-16,1629.9,True
33938,208464825,ABT,2026-06-23,1664.44,True
33938,208464825,ABT,2026-06-30,1725.35,True
33938,208464825,ABT,2026-07-07,1723.46,True
33938,208464825,ABT,2026-07-14,1717.14,True
33938,208464825,ABT,2026-07-21,1738.51,True
33938,208464825,ABT,2026-07-28,1725.34,True
33938,208464825,ABT,2026-08-04,1759.35,True
33938,208464825,ABT,2026-08-11,1750.09,True
33938,208464825,BUY,2026-06-09,2011.91,True
33938,208464825,BUY,2026-06-16,1903.46,True
33938,208464825,BUY,2026-06-23,1895.07,True
33938,208464825,BUY,2026-06-30,1854.59,True
33938,208464825,BUY,2026-07-07,1699.24,True
33938,208464825,BUY,2026-07-14,1704.77,True
33938,208464825,BUY,2026-07-21,1717.73,True
33938,208464825,BUY,2026-07-28,1745.57,True
33938,208464825,BUY,2026-08-04,1722.3,True
33938,208464825,BUY,2026-08-11,1701.85,True
33327,208464828,ABT,2026-06-02,34.37,True
33327,208464828,ABT,2026-06-09,35.35,True
33327,208464828,ABT,2026-06-16,35.14,True
33327,208464828,ABT,2026-06-23,35.0,True
33327,208464828,ABT,2026-06-30,35.36,True
33327,208464828,ABT,2026-07-07,36.33,True
33327,208464828,ABT,2026-07-14,37.43,True
33327,208464828,ABT,2026-07-21,38.86,True
33327,208464828,ABT,2026-07-28,39.29,True
33327,208464828,ABT,2026-08-04,38.75,True
33327,208464828,ABT,2026-08-11,39.83,True
33327,208464828,BUY,2026-06-02,34.74,True
33327,208464828,BUY,2026-06-09,34.75,True
33327,208464828,BUY,2026-06-16,34.35,True
33327,208464828,BUY,2026-06-23,34.38,True
33327,208464828,BUY,2026-06-30,34.51,True
33327,208464828,BUY,2026-07-07,33.52,True
33327,208464828,BUY,2026-07-14,31.98,True
33327,208464828,BUY,2026-07-21,30.09,True
33327,208464828,BUY,2026-07-28,30.14,True
33327,208464828,BUY,2026-08-04,29.11,True
33327,208464828,BUY,2026-08-11,28.67,True
28190,208464837,ABT,2026-05-26,735.77,True
28190,208464837,ABT,2026-06-02,742.5,True
28190,208464837,ABT,2026-06-09,730.75,True
28190,208464837,ABT,2026-06-16,667.79,True
28190,208464837,ABT,2026-06-23,620.83,True
28190,208464837,ABT,2026-06-30,583.49,True
28190,208464837,ABT,2026-07-07,567.2,True
28190,208464837,ABT,2026-07-14,552.46,True
28190,208464837,ABT,2026-07-21,533.88,True
28190,208464837,ABT,2026-07-28,530.67,True
28190,208464837,ABT,2026-08-04,523.31,True
28190,208464837,ABT,2026-08-11,533.8,True
28190,208464837,BUY,2026-05-26,737.68,True
28190,208464837,BUY,2026-06-02,751.3,True
28190,208464837,BUY,2026-06-09,750.32,True
28190,208464837,BUY,2026-06-16,751.23,True
28190,208464837,BUY,2026-06-23,663.8,True
28190,208464837,BUY,2026-06-30,659.24,True
28190,208464837,BUY,2026-07-07,653.85,True
28190,208464837,BUY,2026-07-14,644.99,True
28190,208464837,BUY,2026-07-21,665.06,True
28190,208464837,BUY,2026-07-28,677.46,True
28190,208464837,BUY,2026-08-04,677.74,True
28190,208464837,BUY,2026-08-11,683.11,True
33985,208504045,ABT,2026-06-02,2171.95,True
33985,208504045,ABT,2026-06-09,2180.17,True
33985,208504045,ABT,2026-06-16,2184.51,True
33985,208504045,ABT,2026-06-23,2236.24,True
33985,208504045,ABT,2026-06-30,2268.05,True
33985,208504045,ABT,2026-07-07,2272.64,True
33985,208504045,ABT,2026-07-14,2301.35,True
33985,208504045,ABT,2026-07-21,2309.48,True
33985,208504045,ABT,2026-07-28,2313.41,True
33985,208504045,ABT,2026-08-04,2294.81,True
33985,208504045,ABT,2026-08-11,2302.65,True
33985,208504045,BUY,2026-06-02,2064.41,True
33985,208504045,BUY,2026-06-09,2061.4,True
33985,208504045,BUY,2026-06-16,2069.89,True
33985,208504045,BUY,2026-06-23,2090.05,True
33985,208504045,BUY,2026-06-30,2096.57,True
33985,208504045,BUY,2026-07-07,2112.39,True
33985,208504045,BUY,2026-07-14,2077.73,True
33985,208504045,BUY,2026-07-21,2063.54,True
33985,208504045,BUY,2026-07-28,2041.77,True
33985,208504045,BUY,2026-08-04,2056.4,True
33985,208504045,BUY,2026-08-11,1977.44,True
33769,208504099,ABT,2026-06-02,152.67,True
33769,208504099,ABT,2026-06-09,150.83,True
33769,208504099,ABT,2026-06-16,151.99,True
33769,208504099,ABT,2026-06-23,153.54,True
33769,208504099,ABT,2026-06-30,155.13,True
33769,208504099,ABT,2026-07-07,157.25,True
33769,208504099,ABT,2026-07-14,159.29,True
33769,208504099,ABT,2026-07-21,157.46,True
33769,208504099,ABT,2026-07-28,153.79,True
33769,208504099,ABT,2026-08-04,161.79,True
33769,208504099,ABT,2026-08-11,159.16,True
33769,208504099,BUY,2026-06-02,151.63,True
33769,208504099,BUY,2026-06-09,149.28,True
33769,208504099,BUY,2026-06-16,151.95,True
33769,208504099,BUY,2026-06-23,153.03,True
33769,208504099,BUY,2026-06-30,151.99,True
33769,208504099,BUY,2026-07-07,148.81,True
33769,208504099,BUY,2026-07-14,148.52,True
33769,208504099,BUY,2026-07-21,142.78,True
33769,208504099,BUY,2026-07-28,141.66,True
33769,208504099,BUY,2026-08-04,143.42,True
33769,208504099,BUY,2026-08-11,144.72,True
33476,208504178,ABT,2026-06-16,130.95,True
33476,208504178,ABT,2026-06-23,129.36,True
33476,208504178,ABT,2026-06-30,131.51,True
33476,208504178,ABT,2026-07-07,130.78,True
33476,208504178,ABT,2026-07-14,129.68,True
33476,208504178,ABT,2026-07-21,113.35,True
33476,208504178,ABT,2026-07-28,103.72,True
33476,208504178,ABT,2026-08-04,94.32,True
33476,208504178,ABT,2026-08-11,89.82,True
33476,208504178,BUY,2026-06-16,128.06,True
33476,208504178,BUY,2026-06-23,109.07,True
33476,208504178,BUY,2026-06-30,109.64,True
33476,208504178,BUY,2026-07-07,112.31,True
33476,208504178,BUY,2026-07-14,110.1,True
33476,208504178,BUY,2026-07-21,109.97,True
33476,208504178,BUY,2026-07-28,111.35,True
33476,208504178,BUY,2026-08-04,111.67,True
33476,208504178,BUY,2026-08-11,113.4,True
34552,208504187,ABT,2026-06-09,996.78,True
34552,208504187,ABT,2026-06-16,990.18,True
34552,208504187,ABT,2026-06-23,926.42,True
34552,208504187,ABT,2026-06-30,910.99,True
34552,208504187,ABT,2026-07-07,920.55,True
34552,208504187,ABT,2026-07-14,954.13,True
34552,208504187,ABT,2026-07-21,986.07,True
34552,208504187,ABT,2026-07-28,1001.48,True
34552,208504187,ABT,2026-08-04,994.31,True
34552,208504187,ABT,2026-08-11,1005.77,True
34552,208504187,BUY,2026-06-09,966.29,True
34552,208504187,BUY,2026-06-16,896.1,True
34552,208504187,BUY,2026-06-23,902.84,True
34552,208504187,BUY,2026-06-30,902.0,True
34552,208504187,BUY,2026-07-07,915.46,True
34552,208504187,BUY,2026-07-14,918.69,True
34552,208504187,BUY,2026-07-21,936.06,True
34552,208504187,BUY,2026-07-28,933.2,True
34552,208504187,BUY,2026-08-04,961.37,True
34552,208504187,BUY,2026-08-11,928.68,True
34659,208504191,ABT,2026-06-02,1291.64,True
34659,208504191,ABT,2026-06-09,1095.01,True
34659,208504191,ABT,2026-06-16,1094.89,True
34659,208504191,ABT,2026-06-23,1069.25,True
34659,208504191,ABT,2026-06-30,1074.58,True
34659,208504191,ABT,2026-07-07,1038.33,True
34659,208504191,ABT,2026-07-14,1015.43,True
34659,208504191,ABT,2026-07-21,1026.08,True
34659,208504191,ABT,2026-07-28,996.47,True
34659,208504191,ABT,2026-08-04,1017.41,True
34659,208504191,ABT,2026-08-11,1029.84,True
34659,208504191,BUY,2026-06-02,1287.24,True
34659,208504191,BUY,2026-06-09,1313.05,True
34659,208504191,BUY,2026-06-16,1312.74,True
34659,208504191,BUY,2026-06-23,1321.61,True
34659,208504191,BUY,2026-06-30,1307.49,True
34659,208504191,BUY,2026-07-07,1336.58,True
34659,208504191,BUY,2026-07-14,1325.69,True
34659,208504191,BUY,2026-07-21,1317.81,True
34659,208504191,BUY,2026-07-28,1279.39,True
34659,208504191,BUY,2026-08-04,1280.3,True
34659,208504191,BUY,2026-08-11,1300.73,True
35194,208504297,ABT,2026-06-16,1187.09,True
35194,208504297,ABT,2026-06-23,1162.53,True
35194,208504297,ABT,2026-06-30,1160.34,True
35194,208504297,ABT,2026-07-07,1139.54,True
35194,208504297,ABT,2026-07-14,1100.34,True
35194,208504297,ABT,2026-07-21,1112.95,True
35194,208504297,ABT,2026-07-28,1116.74,True
35194,208504297,ABT,2026-08-04,1139.29,True
35194,208504297,ABT,2026-08-11,1140.42,True
35194,208504297,BUY,2026-06-16,1170.91,True
35194,208504297,BUY,2026-06-23,1094.98,True
35194,208504297,BUY,2026-06-30,1104.32,True
35194,208504297,BUY,2026-07-07,1080.33,True
35194,208504297,BUY,2026-07-14,1068.74,True
35194,208504297,BUY,2026-07-21,1065.27,True
35194,208504297,BUY,2026-07-28,1051.26,True
35194,208504297,BUY,2026-08-04,1026.71,True
35194,208504297,BUY,2026-08-11,1034.89,True
34976,208504300,ABT,2026-06-23,494.7,True
34976,208504300,ABT,2026-06-30,438.07,True
34976,208504300,ABT,2026-07-07,441.6,True
34976,208504300,ABT,2026-07-14,435.76,True
34976,208504300,ABT,2026-07-21,463.16,True
34976,208504300,ABT,2026-07-28,470.43,True
34976,208504300,ABT,2026-08-04,474.7,True
34976,208504300,ABT,2026-08-11,467.23,True
34976,208504300,BUY,2026-06-23,546.31,True
34976,208504300,BUY,2026-06-30,546.45,True
34976,208504300,BUY,2026-07-07,545.74,True
34976,208504300,BUY,2026-07-14,545.34,True
34976,208504300,BUY,2026-07-21,531.27,True
34976,208504300,BUY,2026-07-28,491.68,True
34976,208504300,BUY,2026-08-04,448.05,True
34976,208504300,BUY,2026-08-11,443.58,True
35185,208504304,ABT,2026-05-26,373.18,True
35185,208504304,ABT,2026-06-02,364.83,True
35185,208504304,ABT,2026-06-09,362.44,True
35185,208504304,ABT,2026-06-16,360.14,True
35185,208504304,ABT,2026-06-23,357.42,True
35185,208504304,ABT,2026-06-30,358.37,True
35185,208504304,ABT,2026-07-07,357.12,True
35185,208504304,ABT,2026-07-14,349.84,True
35185,208504304,ABT,2026-07-21,336.4,True
35185,208504304,ABT,2026-07-28,331.27,True
35185,208504304,ABT,2026-08-04,339.41,True
35185,208504304,ABT,2026-08-11,344.72,True
35185,208504304,BUY,2026-05-26,376.59,True
35185,208504304,BUY,2026-06-02,372.98,True
35185,208504304,BUY,2026-06-09,384.01,True
35185,208504304,BUY,2026-06-16,376.66,True
35185,208504304,BUY,2026-06-23,373.03,True
35185,208504304,BUY,2026-06-30,369.28,True
35185,208504304,BUY,2026-07-07,370.5,True
35185,208504304,BUY,2026-07-14,386.09,True
35185,208504304,BUY,2026-07-21,393.52,True
35185,208504304,BUY,2026-07-28,393.34,True
35185,208504304,BUY,2026-08-04,344.61,True
35185,208504304,BUY,2026-08-11,344.59,True
34941,208504307,ABT,2026-06-02,322.64,True
34941,208504307,ABT,2026-06-09,325.83,True
34941,208504307,ABT,2026-06-16,322.48,True
34941,208504307,ABT,2026-06-23,323.14,True
34941,208504307,ABT,2026-06-30,318.79,True
34941,208504307,ABT,2026-07-07,308.0,True
34941,208504307,ABT,2026-07-14,303.6,True
34941,208504307,ABT,2026-07-21,300.56,True
34941,208504307,ABT,2026-07-28,297.49,True
34941,208504307,ABT,2026-08-04,296.59,True
34941,208504307,ABT,2026-08-11,298.73,True
34941,208504307,BUY,2026-06-02,321.74,True
34941,208504307,BUY,2026-06-09,321.75,True
34941,208504307,BUY,2026-06-16,319.52,True
34941,208504307,BUY,2026-06-23,313.83,True
34941,208504307,BUY,2026-06-30,317.54,True
34941,208504307,BUY,2026-07-07,316.27,True
34941,208504307,BUY,2026-07-14,301.2,True
34941,208504307,BUY,2026-07-21,294.94,True
34941,208504307,BUY,2026-07-28,286.1,True
34941,208504307,BUY,2026-08-04,289.52,True
34941,208504307,BUY,2026-08-11,292.2,True
35201,208504318,ABT,2026-06-09,1344.07,True
35201,208504318,ABT,2026-06-16,1363.75,True
35201,208504318,ABT,2026-06-23,1354.53,True
35201,208504318,ABT,2026-06-30,1339.94,True
35201,208504318,ABT,2026-07-07,1322.2,True
35201,208504318,ABT,2026-07-14,1299.84,True
35201,208504318,ABT,2026-07-21,1278.6,True
35201,208504318,ABT,2026-07-28,1266.47,True
35201,208504318,ABT,2026-08-04,1259.6,True
35201,208504318,ABT,2026-08-11,1282.1,True
35201,208504318,BUY,2026-06-09,1332.13,True
35201,208504318,BUY,2026-06-16,1327.31,True
35201,208504318,BUY,2026-06-23,1319.83,True
35201,208504318,BUY,2026-06-30,1317.07,True
35201,208504318,BUY,2026-07-07,1330.65,True
35201,208504318,BUY,2026-07-14,1343.52,True
35201,208504318,BUY,2026-07-21,1342.12,True
35201,208504318,BUY,2026-07-28,1313.82,True
35201,208504318,BUY,2026-08-04,1303.24,True
35201,208504318,BUY,2026-08-11,1277.93,True
35219,208504334,ABT,2026-06-02,1466.66,True
35219,208504334,ABT,2026-06-09,1514.13,True
35219,208504334,ABT,2026-06-16,1476.28,True
35219,208504334,ABT,2026-06-23,1333.39,True
35219,208504334,ABT,2026-06-30,1203.88,True
35219,208504334,ABT,2026-07-07,1187.42,True
35219,208504334,ABT,2026-07-14,1134.04,True
35219,208504334,ABT,2026-07-21,1062.69,True
35219,208504334,ABT,2026-07-28,934.84,True
35219,208504334,ABT,2026-08-04,873.49,True
35219,208504334,ABT,2026-08-11,928.99,True
35219,208504334,BUY,2026-06-02,1561.93,True
35219,208504334,BUY,2026-06-09,1601.08,True
35219,208504334,BUY,2026-06-16,1582.49,True
35219,208504334,BUY,2026-06-23,1591.96,True
35219,208504334,BUY,2026-06-30,1446.59,True
35219,208504334,BUY,2026-07-07,1295.99,True
35219,208504334,BUY,2026-07-14,1305.09,True
35219,208504334,BUY,2026-07-21,1319.61,True
35219,208504334,BUY,2026-07-28,1302.75,True
35219,208504334,BUY,2026-08-04,1311.47,True
35219,208504334,BUY,2026-08-11,1295.57,True
34981,208504339,ABT,2026-06-23,634.11,True
34981,208504339,ABT,2026-06-30,628.17,True
34981,208504339,ABT,2026-07-07,622.08,True
34981,208504339,ABT,2026-07-14,633.09,True
34981,208504339,ABT,2026-07-21,622.36,True
34981,208504339,ABT,2026-07-28,626.99,True
34981,208504339,ABT,2026-08-04,571.57,True
34981,208504339,ABT,2026-08-11,585.92,True
34981,208504339,BUY,2026-06-23,556.62,True
34981,208504339,BUY,2026-06-30,542.02,True
34981,208504339,BUY,2026-07-07,552.01,True
34981,208504339,BUY,2026-07-14,556.0,True
34981,208504339,BUY,2026-07-21,557.96,True
34981,208504339,BUY,2026-07-28,550.65,True
34981,208504339,BUY,2026-08-04,550.25,True
34981,208504339,BUY,2026-08-11,538.12,True
34894,208504340,ABT,2026-06-23,1402.12,True
34894,208504340,ABT,2026-06-30,1435.47,True
34894,208504340,ABT,2026-07-07,1433.39,True
34894,208504340,ABT,2026-07-14,1433.46,True
34894,208504340,ABT,2026-07-21,1429.18,True
34894,208504340,ABT,2026-07-28,1433.52,True
34894,208504340,ABT,2026-08-04,1564.8,True
34894,208504340,ABT,2026-08-11,1550.57,True
34894,208504340,BUY,2026-06-23,1418.49,True
34894,208504340,BUY,2026-06-30,1416.65,True
34894,208504340,BUY,2026-07-07,1449.41,True
34894,208504340,BUY,2026-07-14,1436.26,True
34894,208504340,BUY,2026-07-21,1418.93,True
34894,208504340,BUY,2026-07-28,1399.27,True
34894,208504340,BUY,2026-08-04,1384.71,True
34894,208504340,BUY,2026-08-11,1550.28,True
34895,208504345,ABT,2026-06-16,1591.83,True
34895,208504345,ABT,2026-06-23,1610.18,True
34895,208504345,ABT,2026-06-30,1634.94,True
34895,208504345,ABT,2026-07-07,1669.81,True
34895,208504345,ABT,2026-07-14,1694.68,True
34895,208504345,ABT,2026-07-21,1725.91,True
34895,208504345,ABT,2026-07-28,1741.93,True
34895,208504345,ABT,2026-08-04,1724.64,True
34895,208504345,ABT,2026-08-11,1704.38,True
34895,208504345,BUY,2026-06-16,1617.0,True
34895,208504345,BUY,2026-06-23,1606.27,True
34895,208504345,BUY,2026-06-30,1608.37,True
34895,208504345,BUY,2026-07-07,1564.45,True
34895,208504345,BUY,2026-07-14,1590.73,True
34895,208504345,BUY,2026-07-21,1569.41,True
34895,208504345,BUY,2026-07-28,1621.32,True
34895,208504345,BUY,2026-08-04,1608.58,True
34895,208504345,BUY,2026-08-11,1628.8,True
35034,208504369,ABT,2026-06-16,483.75,True
35034,208504369,ABT,2026-06-23,493.91,True
35034,208504369,ABT,2026-06-30,499.05,True
35034,208504369,ABT,2026-07-07,501.89,True
35034,208504369,ABT,2026-07-14,499.47,True
35034,208504369,ABT,2026-07-21,479.44,True
35034,208504369,ABT,2026-07-28,483.24,True
35034,208504369,ABT,2026-08-04,453.89,True
35034,208504369,ABT,2026-08-11,448.81,True
35034,208504369,BUY,2026-06-16,475.32,True
35034,208504369,BUY,2026-06-23,477.02,True
35034,208504369,BUY,2026-06-30,472.77,True
35034,208504369,BUY,2026-07-07,484.94,True
35034,208504369,BUY,2026-07-14,477.52,True
35034,208504369,BUY,2026-07-21,461.0,True
35034,208504369,BUY,2026-07-28,455.3,True
35034,208504369,BUY,2026-08-04,452.88,True
35034,208504369,BUY,2026-08-11,458.09,True
35044,208504370,ABT,2026-06-02,2099.28,True
35044,208504370,ABT,2026-06-09,2091.55,True
35044,208504370,ABT,2026-06-16,2076.59,True
35044,208504370,ABT,2026-06-23,2038.38,True
35044,208504370,ABT,2026-06-30,2020.97,True
35044,208504370,ABT,2026-07-07,2010.34,True
35044,208504370,ABT,2026-07-14,1973.1,True
35044,208504370,ABT,2026-07-21,2104.4,True
35044,208504370,ABT,2026-07-28,2065.82,True
35044,208504370,ABT,2026-08-04,2088.58,True
35044,208504370,ABT,2026-08-11,2062.17,True
35044,208504370,BUY,2026-06-02,2058.51,True
35044,208504370,BUY,2026-06-09,1813.8,True
35044,208504370,BUY,2026-06-16,1877.45,True
35044,208504370,BUY,2026-06-23,1850.86,True
35044,208504370,BUY,2026-06-30,1636.05,True
35044,208504370,BUY,2026-07-07,1431.93,True
35044,208504370,BUY,2026-07-14,1575.47,True
35044,208504370,BUY,2026-07-21,1581.82,True
35044,208504370,BUY,2026-07-28,1561.05,True
35044,208504370,BUY,2026-08-04,1484.27,True
35044,208504370,BUY,2026-08-11,1490.86,True
35309,208504378,ABT,2026-05-26,12.06,True
35309,208504378,ABT,2026-06-02,11.93,True
35309,208504378,ABT,2026-06-09,11.97,True
35309,208504378,ABT,2026-06-16,11.87,True
35309,208504378,ABT,2026-06-23,11.98,True
35309,208504378,ABT,2026-06-30,11.93,True
35309,208504378,ABT,2026-07-07,11.78,True
35309,208504378,ABT,2026-07-14,11.14,True
35309,208504378,ABT,2026-07-21,11.03,True
35309,208504378,ABT,2026-07-28,11.1,True
35309,208504378,ABT,2026-08-04,12.0,True
35309,208504378,ABT,2026-08-11,12.25,True
35309,208504378,BUY,2026-05-26,11.18,True
35309,208504378,BUY,2026-06-02,11.4,True
35309,208504378,BUY,2026-06-09,13.12,True
35309,208504378,BUY,2026-06-16,12.82,True
35309,208504378,BUY,2026-06-23,14.09,True
35309,208504378,BUY,2026-06-30,14.16,True
35309,208504378,BUY,2026-07-07,14.33,True
35309,208504378,BUY,2026-07-14,14.57,True
35309,208504378,BUY,2026-07-21,14.72,True
35309,208504378,BUY,2026-07-28,14.64,True
35309,208504378,BUY,2026-08-04,12.76,True
35309,208504378,BUY,2026-08-11,10.96,True
39090,208504394,ABT,2026-06-09,450.11,True
39090,208504394,ABT,2026-06-16,408.54,True
39090,208504394,ABT,2026-06-23,409.38,True
39090,208504394,ABT,2026-06-30,352.5,True
39090,208504394,ABT,2026-07-07,341.71,True
39090,208504394,ABT,2026-07-14,338.6,True
39090,208504394,ABT,2026-07-21,336.72,True
39090,208504394,ABT,2026-07-28,372.81,True
39090,208504394,ABT,2026-08-04,361.27,True
39090,208504394,ABT,2026-08-11,363.44,True
39090,208504394,BUY,2026-06-09,506.14,True
39090,208504394,BUY,2026-06-16,502.66,True
39090,208504394,BUY,2026-06-23,503.3,True
39090,208504394,BUY,2026-06-30,500.47,True
39090,208504394,BUY,2026-07-07,431.98,True
39090,208504394,BUY,2026-07-14,406.75,True
39090,208504394,BUY,2026-07-21,415.51,True
39090,208504394,BUY,2026-07-28,417.79,True
39090,208504394,BUY,2026-08-04,380.47,True
39090,208504394,BUY,2026-08-11,377.79,True
35334,208504396,ABT,2026-06-16,3354.3,True
35334,208504396,ABT,2026-06-23,3338.51,True
35334,208504396,ABT,2026-06-30,3369.27,True
35334,208504396,ABT,2026-07-07,3402.88,True
35334,208504396,ABT,2026-07-14,3363.75,True
35334,208504396,ABT,2026-07-21,3404.07,True
35334,208504396,ABT,2026-07-28,3294.55,True
35334,208504396,ABT,2026-08-04,3198.2,True
35334,208504396,ABT,2026-08-11,2966.11,True
35334,208504396,BUY,2026-06-16,3330.21,True
35334,208504396,BUY,2026-06-23,3304.47,True
35334,208504396,BUY,2026-06-30,3322.79,True
35334,208504396,BUY,2026-07-07,3074.2,True
35334,208504396,BUY,2026-07-14,3127.34,True
35334,208504396,BUY,2026-07-21,3087.98,True
35334,208504396,BUY,2026-07-28,3111.27,True
35334,208504396,BUY,2026-08-04,3108.29,True
35334,208504396,BUY,2026-08-11,3175.83,True
35247,208504407,ABT,2026-06-16,11.88,True
35247,208504407,ABT,2026-06-23,11.9,True
35247,208504407,ABT,2026-06-30,12.08,True
35247,208504407,ABT,2026-07-07,11.79,True
35247,208504407,ABT,2026-07-14,11.8,True
35247,208504407,ABT,2026-07-21,11.82,True
35247,208504407,ABT,2026-07-28,11.95,True
35247,208504407,ABT,2026-08-04,11.96,True
35247,208504407,ABT,2026-08-11,11.77,True
35247,208504407,BUY,2026-06-16,12.1,True
35247,208504407,BUY,2026-06-23,12.05,True
35247,208504407,BUY,2026-06-30,12.33,True
35247,208504407,BUY,2026-07-07,12.3,True
35247,208504407,BUY,2026-07-14,12.34,True
35247,208504407,BUY,2026-07-21,12.37,True
35247,208504407,BUY,2026-07-28,12.39,True
35247,208504407,BUY,2026-08-04,12.56,True
35247,208504407,BUY,2026-08-11,13.08,True
34897,208504421,ABT,2026-05-26,1984.49,True
34897,208504421,ABT,2026-06-02,1957.41,True
34897,208504421,ABT,2026-06-09,1956.88,True
34897,208504421,ABT,2026-06-16,1962.5,True
34897,208504421,ABT,2026-06-23,1952.25,True
34897,208504421,ABT,2026-06-30,1950.2,True
34897,208504421,ABT,2026-07-07,1930.82,True
34897,208504421,ABT,2026-07-14,1969.66,True
34897,208504421,ABT,2026-07-21,1897.16,True
34897,208504421,ABT,2026-07-28,1932.4,True
34897,208504421,ABT,2026-08-04,1956.16,True
34897,208504421,ABT,2026-08-11,1730.79,True
34897,208504421,BUY,2026-05-26,1983.27,True
34897,208504421,BUY,2026-06-02,1985.65,True
34897,208504421,BUY,2026-06-09,1945.56,True
34897,208504421,BUY,2026-06-16,1964.62,True
34897,208504421,BUY,2026-06-23,1986.88,True
34897,208504421,BUY,2026-06-30,1987.3,True
34897,208504421,BUY,2026-07-07,1999.72,True
34897,208504421,BUY,2026-07-14,2044.89,True
34897,208504421,BUY,2026-07-21,2095.55,True
34897,208504421,BUY,2026-07-28,2097.11,True
34897,208504421,BUY,2026-08-04,2098.05,True
34897,208504421,BUY,2026-08-11,2063.57,True
35332,208504422,ABT,2026-06-02,2419.48,True
35332,208504422,ABT,2026-06-09,2403.04,True
35332,208504422,ABT,2026-06-16,2373.93,True
35332,208504422,ABT,2026-06-23,2328.0,True
35332,208504422,ABT,2026-06-30,2298.76,True
35332,208504422,ABT,2026-07-07,2318.59,True
35332,208504422,ABT,2026-07-14,2302.56,True
35332,208504422,ABT,2026-07-21,2006.07,True
35332,208504422,ABT,2026-07-28,2007.95,True
35332,208504422,ABT,2026-08-04,2045.91,True
35332,208504422,ABT,2026-08-11,2097.17,True
35332,208504422,BUY,2026-06-02,2408.49,True
35332,208504422,BUY,2026-06-09,2375.35,True
35332,208504422,BUY,2026-06-16,2382.8,True
35332,208504422,BUY,2026-06-23,2350.02,True
35332,208504422,BUY,2026-06-30,2161.71,True
35332,208504422,BUY,2026-07-07,2156.57,True
35332,208504422,BUY,2026-07-14,2147.94,True
35332,208504422,BUY,2026-07-21,2164.19,True
35332,208504422,BUY,2026-07-28,2183.99,True
35332,208504422,BUY,2026-08-04,2192.4,True
35332,208504422,BUY,2026-08-11,1994.55,True
36001,208504423,ABT,2026-06-09,398.24,True
36001,208504423,ABT,2026-06-16,413.79,True
36001,208504423,ABT,2026-06-23,405.93,True
36001,208504423,ABT,2026-06-30,364.47,True
36001,208504423,ABT,2026-07-07,370.47,True
36001,208504423,ABT,2026-07-14,315.31,True
36001,208504423,ABT,2026-07-21,319.68,True
36001,208504423,ABT,2026-07-28,322.29,True
36001,208504423,ABT,2026-08-04,367.19,True
36001,208504423,ABT,2026-08-11,373.34,True
36001,208504423,BUY,2026-06-09,399.26,True
36001,208504423,BUY,2026-06-16,403.76,True
36001,208504423,BUY,2026-06-23,396.22,True
36001,208504423,BUY,2026-06-30,384.86,True
36001,208504423,BUY,2026-07-07,387.85,True
36001,208504423,BUY,2026-07-14,382.87,True
36001,208504423,BUY,2026-07-21,387.64,True
36001,208504423,BUY,2026-07-28,382.72,True
36001,208504423,BUY,2026-08-04,378.73,True
36001,208504423,BUY,2026-08-11,384.8,True
36249,208504437,ABT,2026-06-02,2731.49,True
36249,208504437,ABT,2026-06-09,2722.49,True
36249,208504437,ABT,2026-06-16,2729.43,True
36249,208504437,ABT,2026-06-23,3113.56,True
36249,208504437,ABT,2026-06-30,3154.63,True
36249,208504437,ABT,2026-07-07,3124.72,True
36249,208504437,ABT,2026-07-14,3173.19,True
36249,208504437,ABT,2026-07-21,3174.71,True
36249,208504437,ABT,2026-07-28,3198.8,True
36249,208504437,ABT,2026-08-04,3178.86,True
36249,208504437,ABT,2026-08-11,3208.58,True
36249,208504437,BUY,2026-06-02,2683.84,True
36249,208504437,BUY,2026-06-09,2754.27,True
36249,208504437,BUY,2026-06-16,2739.08,True
36249,208504437,BUY,2026-06-23,2744.3,True
36249,208504437,BUY,2026-06-30,2760.29,True
36249,208504437,BUY,2026-07-07,2795.63,True
36249,208504437,BUY,2026-07-14,2833.93,True
36249,208504437,BUY,2026-07-21,2871.69,True
36249,208504437,BUY,2026-07-28,2901.31,True
36249,208504437,BUY,2026-08-04,2923.34,True
36249,208504437,BUY,2026-08-11,2913.78,True
37039,208504461,ABT,2026-06-09,1016.17,True
37039,208504461,ABT,2026-06-16,1010.36,True
37039,208504461,ABT,2026-06-23,999.4,True
37039,208504461,ABT,2026-06-30,1006.0,True
37039,208504461,ABT,2026-07-07,1029.79,True
37039,208504461,ABT,2026-07-14,999.22,True
37039,208504461,ABT,2026-07-21,1013.92,True
37039,208504461,ABT,2026-07-28,987.78,True
37039,208504461,ABT,2026-08-04,1001.77,True
37039,208504461,ABT,2026-08-11,998.03,True
37039,208504461,BUY,2026-06-09,1023.07,True
37039,208504461,BUY,2026-06-16,1032.81,True
37039,208504461,BUY,2026-06-23,1049.1,True
37039,208504461,BUY,2026-06-30,1030.51,True
37039,208504461,BUY,2026-07-07,885.64,True
37039,208504461,BUY,2026-07-14,906.98,True
37039,208504461,BUY,2026-07-21,883.81,True
37039,208504461,BUY,2026-07-28,889.64,True
37039,208504461,BUY,2026-08-04,897.22,True
37039,208504461,BUY,2026-08-11,895.75,True
33209,208653765,ABT,2026-06-23,106.87,True
33209,208653765,ABT,2026-06-30,106.91,True
33209,208653765,ABT,2026-07-07,109.03,True
33209,208653765,ABT,2026-07-14,107.21,True
33209,208653765,ABT,2026-07-21,110.94,True
33209,208653765,ABT,2026-07-28,102.39,True
33209,208653765,ABT,2026-08-04,97.06,True
33209,208653765,ABT,2026-08-11,89.2,True
33209,208653765,BUY,2026-06-23,108.07,True
33209,208653765,BUY,2026-06-30,109.62,True
33209,208653765,BUY,2026-07-07,109.18,True
33209,208653765,BUY,2026-07-14,110.5,True
33209,208653765,BUY,2026-07-21,110.55,True
33209,208653765,BUY,2026-07-28,112.23,True
33209,208653765,BUY,2026-08-04,97.89,True
33209,208653765,BUY,2026-08-11,99.03,True
33220,208653767,ABT,2026-06-23,200.57,True
33220,208653767,ABT,2026-06-30,194.29,True
33220,208653767,ABT,2026-07-07,191.71,True
33220,208653767,ABT,2026-07-14,193.26,True
33220,208653767,ABT,2026-07-21,179.2,True
33220,208653767,ABT,2026-07-28,165.97,True
33220,208653767,ABT,2026-08-04,167.51,True
33220,208653767,ABT,2026-08-11,166.74,True
33220,208653767,BUY,2026-06-23,202.91,True
33220,208653767,BUY,2026-06-30,205.0,True
33220,208653767,BUY,2026-07-07,203.12,True
33220,208653767,BUY,2026-07-14,201.76,True
33220,208653767,BUY,2026-07-21,218.38,True
33220,208653767,BUY,2026-07-28,215.37,True
33220,208653767,BUY,2026-08-04,214.86,True
33220,208653767,BUY,2026-08-11,218.13,True
34836,208653775,ABT,2026-06-09,298.1,True
34836,208653775,ABT,2026-06-16,304.27,True
34836,208653775,ABT,2026-06-23,259.33,True
34836,208653775,ABT,2026-06-30,265.96,True
34836,208653775,ABT,2026-07-07,236.19,True
34836,208653775,ABT,2026-07-14,240.96,True
34836,208653775,ABT,2026-07-21,241.71,True
34836,208653775,ABT,2026-07-28,238.32,True
34836,208653775,ABT,2026-08-04,245.87,True
34836,208653775,ABT,2026-08-11,242.3,True
34836,208653775,BUY,2026-06-09,299.09,True
34836,208653775,BUY,2026-06-16,293.85,True
34836,208653775,BUY,2026-06-23,264.44,True
34836,208653775,BUY,2026-06-30,262.14,True
34836,208653775,BUY,2026-07-07,259.52,True
34836,208653775,BUY,2026-07-14,259.66,True
34836,208653775,BUY,2026-07-21,262.7,True
34836,208653775,BUY,2026-07-28,262.02,True
34836,208653775,BUY,2026-08-04,259.31,True
34836,208653775,BUY,2026-08-11,262.51,True
36909,208656497,ABT,2026-06-23,114.78,True
36909,208656497,ABT,2026-06-30,114.12,True
36909,208656497,ABT,2026-07-07,107.88,True
36909,208656497,ABT,2026-07-14,105.65,True
36909,208656497,ABT,2026-07-21,105.95,True
36909,208656497,ABT,2026-07-28,95.83,True
36909,208656497,ABT,2026-08-04,90.44,True
36909,208656497,ABT,2026-08-11,83.56,True
36909,208656497,BUY,2026-06-23,129.98,True
36909,208656497,BUY,2026-06-30,132.99,True
36909,208656497,BUY,2026-07-07,113.61,True
36909,208656497,BUY,2026-07-14,113.68,True
36909,208656497,BUY,2026-07-21,114.85,True
36909,208656497,BUY,2026-07-28,118.59,True
36909,208656497,BUY,2026-08-04,115.57,True
36909,208656497,BUY,2026-08-11,112.3,True
35475,208670546,ABT,2026-06-02,115.04,True
35475,208670546,ABT,2026-06-09,116.64,True
35475,208670546,ABT,2026-06-16,116.86,True
35475,208670546,ABT,2026-06-23,117.59,True
35475,208670546,ABT,2026-06-30,117.2,True
35475,208670546,ABT,2026-07-07,117.91,True
35475,208670546,ABT,2026-07-14,116.79,True
35475,208670546,ABT,2026-07-21,118.59,True
35475,208670546,ABT,2026-07-28,114.1,True
35475,208670546,ABT,2026-08-04,115.11,True
35475,208670546,ABT,2026-08-11,115.4,True
35475,208670546,BUY,2026-06-02,95.95,True
35475,208670546,BUY,2026-06-09,101.16,True
35475,208670546,BUY,2026-06-16,113.17,True
35475,208670546,BUY,2026-06-23,113.25,True
35475,208670546,BUY,2026-06-30,109.58,True
35475,208670546,BUY,2026-07-07,109.48,True
35475,208670546,BUY,2026-07-14,111.9,True
35475,208670546,BUY,2026-07-21,113.29,True
35475,208670546,BUY,2026-07-28,114.03,True
35475,208670546,BUY,2026-08-04,112.32,True
35475,208670546,BUY,2026-08-11,112.93,True
37539,208670548,ABT,2026-06-16,313.44,True
37539,208670548,ABT,2026-06-23,311.97,True
37539,208670548,ABT,2026-06-30,313.89,True
37539,208670548,ABT,2026-07-07,308.86,True
37539,208670548,ABT,2026-07-14,310.6,True
37539,208670548,ABT,2026-07-21,308.15,True
37539,208670548,ABT,2026-07-28,308.92,True
37539,208670548,ABT,2026-08-04,275.98,True
37539,208670548,ABT,2026-08-11,280.1,True
37539,208670548,BUY,2026-06-16,317.7,True
37539,208670548,BUY,2026-06-23,313.94,True
37539,208670548,BUY,2026-06-30,312.15,True
37539,208670548,BUY,2026-07-07,308.68,True
37539,208670548,BUY,2026-07-14,301.19,True
37539,208670548,BUY,2026-07-21,299.48,True
37539,208670548,BUY,2026-07-28,297.71,True
37539,208670548,BUY,2026-08-04,296.38,True
37539,208670548,BUY,2026-08-11,292.57,True
35738,208688474,ABT,2026-06-16,179.44,True
35738,208688474,ABT,2026-06-23,184.12,True
35738,208688474,ABT,2026-06-30,183.15,True
35738,208688474,ABT,2026-07-07,182.11,True
35738,208688474,ABT,2026-07-14,180.99,True
35738,208688474,ABT,2026-07-21,181.18,True
35738,208688474,ABT,2026-07-28,187.36,True
35738,208688474,ABT,2026-08-04,189.12,True
35738,208688474,ABT,2026-08-11,192.54,True
35738,208688474,BUY,2026-06-16,180.9,True
35738,208688474,BUY,2026-06-23,178.8,True
35738,208688474,BUY,2026-06-30,180.61,True
35738,208688474,BUY,2026-07-07,183.07,True
35738,208688474,BUY,2026-07-14,184.59,True
35738,208688474,BUY,2026-07-21,182.59,True
35738,208688474,BUY,2026-07-28,184.04,True
35738,208688474,BUY,2026-08-04,186.67,True
35738,208688474,BUY,2026-08-11,183.52,True
38693,208710842,ABT,2026-06-02,1763.38,True
38693,208710842,ABT,2026-06-09,1974.96,True
38693,208710842,ABT,2026-06-16,2230.93,True
38693,208710842,ABT,2026-06-23,2260.62,True
38693,208710842,ABT,2026-06-30,2541.36,True
38693,208710842,ABT,2026-07-07,2494.65,True
38693,208710842,ABT,2026-07-14,2513.7,True
38693,208710842,ABT,2026-07-21,2532.14,True
38693,208710842,ABT,2026-07-28,2558.34,True
38693,208710842,ABT,2026-08-04,2506.32,True
38693,208710842,ABT,2026-08-11,2500.41,True
38693,208710842,BUY,2026-06-02,1788.18,True
38693,208710842,BUY,2026-06-09,1835.04,True
38693,208710842,BUY,2026-06-16,1693.27,True
38693,208710842,BUY,2026-06-23,1505.59,True
38693,208710842,BUY,2026-06-30,1507.36,True
38693,208710842,BUY,2026-07-07,1505.4,True
38693,208710842,BUY,2026-07-14,1497.87,True
38693,208710842,BUY,2026-07-21,1503.19,True
38693,208710842,BUY,2026-07-28,1480.57,True
38693,208710842,BUY,2026-08-04,1501.32,True
38693,208710842,BUY,2026-08-11,1418.72,True
37934,208710844,ABT,2026-06-16,2418.92,True
37934,208710844,ABT,2026-06-23,2402.07,True
37934,208710844,ABT,2026-06-30,2411.65,True
37934,208710844,ABT,2026-07-07,2392.36,True
37934,208710844,ABT,2026-07-14,2422.55,True
37934,208710844,ABT,2026-07-21,2405.2,True
37934,208710844,ABT,2026-07-28,2063.99,True
37934,208710844,ABT,2026-08-04,2050.92,True
37934,208710844,ABT,2026-08-11,2061.37,True
37934,208710844,BUY,2026-06-16,2393.31,True
37934,208710844,BUY,2026-06-23,2400.93,True
37934,208710844,BUY,2026-06-30,2387.01,True
37934,208710844,BUY,2026-07-07,2483.85,True
37934,208710844,BUY,2026-07-14,2518.53,True
37934,208710844,BUY,2026-07-21,2563.55,True
37934,208710844,BUY,2026-07-28,2608.95,True
37934,208710844,BUY,2026-08-04,2704.45,True
37934,208710844,BUY,2026-08-11,2659.84,True
18564,208715747,ABT,2026-06-23,388.29,True
18564,208715747,ABT,2026-06-30,375.59,True
18564,208715747,ABT,2026-07-07,375.94,True
18564,208715747,ABT,2026-07-14,367.08,True
18564,208715747,ABT,2026-07-21,366.08,True
18564,208715747,ABT,2026-07-28,365.17,True
18564,208715747,ABT,2026-08-04,371.71,True
18564,208715747,ABT,2026-08-11,372.21,True
18564,208715747,BUY,2026-06-23,380.23,True
18564,208715747,BUY,2026-06-30,371.63,True
18564,208715747,BUY,2026-07-07,378.01,True
18564,208715747,BUY,2026-07-14,374.72,True
18564,208715747,BUY,2026-07-21,372.52,True
18564,208715747,BUY,2026-07-28,370.63,True
18564,208715747,BUY,2026-08-04,376.06,True
18564,208715747,BUY,2026-08-11,347.01,True
24153,208715855,ABT,2026-06-02,176.34,True
24153,208715855,ABT,2026-06-09,174.53,True
24153,208715855,ABT,2026-06-16,173.84,True
24153,208715855,ABT,2026-06-23,174.62,True
24153,208715855,ABT,2026-06-30,172.26,True
24153,208715855,ABT,2026-07-07,172.72,True
24153,208715855,ABT,2026-07-14,169.74,True
24153,208715855,ABT,2026-07-21,170.23,True
24153,208715855,ABT,2026-07-28,157.58,True
24153,208715855,ABT,2026-08-04,130.25,True
24153,208715855,ABT,2026-08-11,120.63,True
24153,208715855,BUY,2026-06-02,173.35,True
24153,208715855,BUY,2026-06-09,176.11,True
24153,208715855,BUY,2026-06-16,175.07,True
24153,208715855,BUY,2026-06-23,166.68,True
24153,208715855,BUY,2026-06-30,170.27,True
24153,208715855,BUY,2026-07-07,169.26,True
24153,208715855,BUY,2026-07-14,168.19,True
24153,208715855,BUY,2026-07-21,167.87,True
24153,208715855,BUY,2026-07-28,167.69,True
24153,208715855,BUY,2026-08-04,169.26,True
24153,208715855,BUY,2026-08-11,177.43,True
36270,208742932,ABT,2026-06-23,3481.13,True
36270,208742932,ABT,2026-06-30,3499.81,True
36270,208742932,ABT,2026-07-07,3451.19,True
36270,208742932,ABT,2026-07-14,3494.82,True
36270,208742932,ABT,2026-07-21,3507.44,True
36270,208742932,ABT,2026-07-28,3495.5,True
36270,208742932,ABT,2026-08-04,3505.16,True
36270,208742932,ABT,2026-08-11,3431.54,True
36270,208742932,BUY,2026-06-23,3403.68,True
36270,208742932,BUY,2026-06-30,3359.3,True
36270,208742932,BUY,2026-07-07,3449.13,True
36270,208742932,BUY,2026-07-14,3112.22,True
36270,208742932,BUY,2026-07-21,3116.47,True
36270,208742932,BUY,2026-07-28,3169.61,True
36270,208742932,BUY,2026-08-04,3091.65,True
36270,208742932,BUY,2026-08-11,3031.69,True
37150,208791918,ABT,2026-06-09,141.68,True
37150,208791918,ABT,2026-06-16,141.74,True
37150,208791918,ABT,2026-06-23,140.56,True
37150,208791918,ABT,2026-06-30,141.68,True
37150,208791918,ABT,2026-07-07,139.88,True
37150,208791918,ABT,2026-07-14,142.37,True
37150,208791918,ABT,2026-07-21,140.81,True
37150,208791918,ABT,2026-07-28,143.78,True
37150,208791918,ABT,2026-08-04,144.83,True
37150,208791918,ABT,2026-08-11,141.19,True
37150,208791918,BUY,2026-06-09,128.11,True
37150,208791918,BUY,2026-06-16,127.34,True
37150,208791918,BUY,2026-06-23,127.13,True
37150,208791918,BUY,2026-06-30,133.26,True
37150,208791918,BUY,2026-07-07,128.12,True
37150,208791918,BUY,2026-07-14,122.19,True
37150,208791918,BUY,2026-07-21,121.85,True
37150,208791918,BUY,2026-07-28,122.21,True
37150,208791918,BUY,2026-08-04,118.09,True
37150,208791918,BUY,2026-08-11,114.87,True
37045,208791919,ABT,2026-06-09,105.72,True
37045,208791919,ABT,2026-06-16,108.61,True
37045,208791919,ABT,2026-06-23,93.09,True
37045,208791919,ABT,2026-06-30,94.19,True
37045,208791919,ABT,2026-07-07,101.24,True
37045,208791919,ABT,2026-07-14,102.29,True
37045,208791919,ABT,2026-07-21,103.89,True
37045,208791919,ABT,2026-07-28,103.2,True
37045,208791919,ABT,2026-08-04,99.91,True
37045,208791919,ABT,2026-08-11,99.68,True
37045,208791919,BUY,2026-06-09,105.95,True
37045,208791919,BUY,2026-06-16,107.24,True
37045,208791919,BUY,2026-06-23,104.74,True
37045,208791919,BUY,2026-06-30,104.9,True
37045,208791919,BUY,2026-07-07,105.57,True
37045,208791919,BUY,2026-07-14,107.16,True
37045,208791919,BUY,2026-07-21,105.71,True
37045,208791919,BUY,2026-07-28,106.62,True
37045,208791919,BUY,2026-08-04,105.0,True
37045,208791919,BUY,2026-08-11,113.99,True
36286,208791921,ABT,2026-06-09,81.54,True
36286,208791921,ABT,2026-06-16,79.84,True
36286,208791921,ABT,2026-06-23,78.87,True
36286,208791921,ABT,2026-06-30,78.45,True
36286,208791921,ABT,2026-07-07,80.36,True
36286,208791921,ABT,2026-07-14,79.46,True
36286,208791921,ABT,2026-07-21,79.11,True
36286,208791921,ABT,2026-07-28,80.28,True
36286,208791921,ABT,2026-08-04,79.51,True
36286,208791921,ABT,2026-08-11,72.51,True
36286,208791921,BUY,2026-06-09,82.97,True
36286,208791921,BUY,2026-06-16,84.88,True
36286,208791921,BUY,2026-06-23,83.73,True
36286,208791921,BUY,2026-06-30,92.32,True
36286,208791921,BUY,2026-07-07,91.11,True
36286,208791921,BUY,2026-07-14,89.59,True
36286,208791921,BUY,2026-07-21,89.85,True
36286,208791921,BUY,2026-07-28,91.23,True
36286,208791921,BUY,2026-08-04,91.18,True
36286,208791921,BUY,2026-08-11,79.43,True
37623,208809705,ABT,2026-05-26,43.07,True
37623,208809705,ABT,2026-06-02,38.33,True
37623,208809705,ABT,2026-06-09,34.93,True
37623,208809705,ABT,2026-06-16,31.33,True
37623,208809705,ABT,2026-06-23,35.28,True
37623,208809705,ABT,2026-06-30,35.33,True
37623,208809705,ABT,2026-07-07,35.68,True
37623,208809705,ABT,2026-07-14,30.18,True
37623,208809705,ABT,2026-07-21,30.2,True
37623,208809705,ABT,2026-07-28,29.92,True
37623,208809705,ABT,2026-08-04,30.28,True
37623,208809705,ABT,2026-08-11,30.5,True
37623,208809705,BUY,2026-05-26,49.36,True
37623,208809705,BUY,2026-06-02,49.94,True
37623,208809705,BUY,2026-06-09,50.2,True
37623,208809705,BUY,2026-06-16,49.86,True
37623,208809705,BUY,2026-06-23,49.99,True
37623,208809705,BUY,2026-06-30,50.43,True
37623,208809705,BUY,2026-07-07,48.41,True
37623,208809705,BUY,2026-07-14,47.71,True
37623,208809705,BUY,2026-07-21,47.63,True
37623,208809705,BUY,2026-07-28,48.06,True
37623,208809705,BUY,2026-08-04,48.52,True
37623,208809705,BUY,2026-08-11,47.21,True
38345,208890628,ABT,2026-06-02,160.54,True
38345,208890628,ABT,2026-06-09,163.33,True
38345,208890628,ABT,2026-06-16,163.86,True
38345,208890628,ABT,2026-06-23,177.41,True
38345,208890628,ABT,2026-06-30,177.82,True
38345,208890628,ABT,2026-07-07,177.57,True
38345,208890628,ABT,2026-07-14,178.86,True
38345,208890628,ABT,2026-07-21,177.48,True
38345,208890628,ABT,2026-07-28,197.52,True
38345,208890628,ABT,2026-08-04,198.37,True
38345,208890628,ABT,2026-08-11,197.85,True
38345,208890628,BUY,2026-06-02,160.16,True
38345,208890628,BUY,2026-06-09,160.79,True
38345,208890628,BUY,2026-06-16,163.71,True
38345,208890628,BUY,2026-06-23,158.18,True
38345,208890628,BUY,2026-06-30,140.5,True
38345,208890628,BUY,2026-07-07,140.15,True
38345,208890628,BUY,2026-07-14,118.97,True
38345,208890628,BUY,2026-07-21,119.3,True
38345,208890628,BUY,2026-07-28,120.23,True
38345,208890628,BUY,2026-08-04,117.5,True
38345,208890628,BUY,2026-08-11,118.48,True
37340,208890876,ABT,2026-06-09,907.6,True
37340,208890876,ABT,2026-06-16,920.06,True
37340,208890876,ABT,2026-06-23,935.65,True
37340,208890876,ABT,2026-06-30,934.46,True
37340,208890876,ABT,2026-07-07,930.73,True
37340,208890876,ABT,2026-07-14,929.19,True
37340,208890876,ABT,2026-07-21,944.34,True
37340,208890876,ABT,2026-07-28,927.84,True
37340,208890876,ABT,2026-08-04,788.83,True
37340,208890876,ABT,2026-08-11,773.79,True
37340,208890876,BUY,2026-06-09,889.23,True
37340,208890876,BUY,2026-06-16,867.47,True
37340,208890876,BUY,2026-06-23,836.21,True
37340,208890876,BUY,2026-06-30,843.68,True
37340,208890876,BUY,2026-07-07,834.11,True
37340,208890876,BUY,2026-07-14,823.16,True
37340,208890876,BUY,2026-07-21,832.81,True
37340,208890876,BUY,2026-07-28,832.88,True
37340,208890876,BUY,2026-08-04,834.17,True
37340,208890876,BUY,2026-08-11,829.19,True
34883,208893644,ABT,2026-06-09,297.01,True
34883,208893644,ABT,2026-06-16,297.22,True
34883,208893644,ABT,2026-06-23,301.64,True
34883,208893644,ABT,2026-06-30,298.47,True
34883,208893644,ABT,2026-07-07,296.94,True
34883,208893644,ABT,2026-07-14,293.9,True
34883,208893644,ABT,2026-07-21,294.15,True
34883,208893644,ABT,2026-07-28,296.87,True
34883,208893644,ABT,2026-08-04,301.33,True
34883,208893644,ABT,2026-08-11,298.64,True
34883,208893644,BUY,2026-06-09,295.15,True
34883,208893644,BUY,2026-06-16,294.12,True
34883,208893644,BUY,2026-06-23,330.95,True
34883,208893644,BUY,2026-06-30,325.97,True
34883,208893644,BUY,2026-07-07,318.6,True
34883,208893644,BUY,2026-07-14,325.22,True
34883,208893644,BUY,2026-07-21,335.01,True
34883,208893644,BUY,2026-07-28,326.94,True
34883,208893644,BUY,2026-08-04,329.6,True
34883,208893644,BUY,2026-08-11,337.69,True
36816,208893656,ABT,2026-06-23,442.39,True
36816,208893656,ABT,2026-06-30,437.2,True
36816,208893656,ABT,2026-07-07,394.77,True
36816,208893656,ABT,2026-07-14,308.85,True
36816,208893656,ABT,2026-07-21,326.3,True
36816,208893656,ABT,2026-07-28,322.05,True
36816,208893656,ABT,2026-08-04,325.42,True
36816,208893656,ABT,2026-08-11,319.19,True
36816,208893656,BUY,2026-06-23,433.8,True
36816,208893656,BUY,2026-06-30,437.5,True
36816,208893656,BUY,2026-07-07,436.87,True
36816,208893656,BUY,2026-07-14,440.71,True
36816,208893656,BUY,2026-07-21,439.14,True
36816,208893656,BUY,2026-07-28,370.32,True
36816,208893656,BUY,2026-08-04,372.85,True
36816,208893656,BUY,2026-08-11,373.54,True
37139,208893658,ABT,2026-06-23,224.02,True
37139,208893658,ABT,2026-06-30,256.07,True
37139,208893658,ABT,2026-07-07,250.46,True
37139,208893658,ABT,2026-07-14,247.68,True
37139,208893658,ABT,2026-07-21,247.27,True
37139,208893658,ABT,2026-07-28,244.45,True
37139,208893658,ABT,2026-08-04,249.77,True
37139,208893658,ABT,2026-08-11,228.88,True
37139,208893658,BUY,2026-06-23,234.62,True
37139,208893658,BUY,2026-06-30,229.68,True
37139,208893658,BUY,2026-07-07,229.06,True
37139,208893658,BUY,2026-07-14,225.6,True
37139,208893658,BUY,2026-07-21,209.45,True
37139,208893658,BUY,2026-07-28,208.88,True
37139,208893658,BUY,2026-08-04,212.68,True
37139,208893658,BUY,2026-08-11,196.7,True
38108,208893661,ABT,2026-06-23,13.96,True
38108,208893661,ABT,2026-06-30,13.65,True
38108,208893661,ABT,2026-07-07,13.46,True
38108,208893661,ABT,2026-07-14,11.79,True
38108,208893661,ABT,2026-07-21,11.56,True
38108,208893661,ABT,2026-07-28,11.39,True
38108,208893661,ABT,2026-08-04,11.25,True
38108,208893661,ABT,2026-08-11,9.91,True
38108,208893661,BUY,2026-06-23,13.99,True
38108,208893661,BUY,2026-06-30,13.84,True
38108,208893661,BUY,2026-07-07,13.82,True
38108,208893661,BUY,2026-07-14,13.86,True
38108,208893661,BUY,2026-07-21,14.0,True
38108,208893661,BUY,2026-07-28,14.2,True
38108,208893661,BUY,2026-08-04,13.63,True
38108,208893661,BUY,2026-08-11,13.81,True
37686,208893667,ABT,2026-06-09,101.51,True
37686,208893667,ABT,2026-06-16,101.73,True
37686,208893667,ABT,2026-06-23,102.95,True
37686,208893667,ABT,2026-06-30,87.2,True
37686,208893667,ABT,2026-07-07,76.22,True
37686,208893667,ABT,2026-07-14,78.28,True
37686,208893667,ABT,2026-07-21,76.97,True
37686,208893667,ABT,2026-07-28,75.15,True
37686,208893667,ABT,2026-08-04,68.06,True
37686,208893667,ABT,2026-08-11,68.18,True
37686,208893667,BUY,2026-06-09,93.67,True
37686,208893667,BUY,2026-06-16,93.85,True
37686,208893667,BUY,2026-06-23,93.91,True
37686,208893667,BUY,2026-06-30,95.77,True
37686,208893667,BUY,2026-07-07,96.12,True
37686,208893667,BUY,2026-07-14,94.17,True
37686,208893667,BUY,2026-07-21,92.7,True
37686,208893667,BUY,2026-07-28,93.85,True
37686,208893667,BUY,2026-08-04,95.5,True
37686,208893667,BUY,2026-08-11,87.29,True
36811,208930714,ABT,2026-06-16,257.86,True
36811,208930714,ABT,2026-06-23,255.93,True
36811,208930714,ABT,2026-06-30,255.55,True
36811,208930714,ABT,2026-07-07,253.74,True
36811,208930714,ABT,2026-07-14,259.18,True
36811,208930714,ABT,2026-07-21,254.55,True
36811,208930714,ABT,2026-07-28,255.02,True
36811,208930714,ABT,2026-08-04,256.78,True
36811,208930714,ABT,2026-08-11,250.96,True
36811,208930714,BUY,2026-06-16,218.62,True
36811,208930714,BUY,2026-06-23,223.8,True
36811,208930714,BUY,2026-06-30,224.52,True
36811,208930714,BUY,2026-07-07,224.13,True
36811,208930714,BUY,2026-07-14,229.34,True
36811,208930714,BUY,2026-07-21,218.66,True
36811,208930714,BUY,2026-07-28,216.08,True
36811,208930714,BUY,2026-08-04,215.91,True
36811,208930714,BUY,2026-08-11,213.07,True
36746,208930717,ABT,2026-06-23,244.23,True
36746,208930717,ABT,2026-06-30,249.07,True
36746,208930717,ABT,2026-07-07,249.28,True
36746,208930717,ABT,2026-07-14,249.77,True
36746,208930717,ABT,2026-07-21,250.08,True
36746,208930717,ABT,2026-07-28,248.6,True
36746,208930717,ABT,2026-08-04,247.72,True
36746,208930717,ABT,2026-08-11,245.34,True
36746,208930717,BUY,2026-06-23,224.36,True
36746,208930717,BUY,2026-06-30,229.46,True
36746,208930717,BUY,2026-07-07,227.63,True
36746,208930717,BUY,2026-07-14,225.32,True
36746,208930717,BUY,2026-07-21,196.96,True
36746,208930717,BUY,2026-07-28,166.92,True
36746,208930717,BUY,2026-08-04,165.61,True
36746,208930717,BUY,2026-08-11,166.67,True
36705,208930722,ABT,2026-06-16,469.04,True
36705,208930722,ABT,2026-06-23,537.95,True
36705,208930722,ABT,2026-06-30,546.32,True
36705,208930722,ABT,2026-07-07,503.84,True
36705,208930722,ABT,2026-07-14,522.59,True
36705,208930722,ABT,2026-07-21,592.64,True
36705,208930722,ABT,2026-07-28,591.68,True
36705,208930722,ABT,2026-08-04,584.01,True
36705,208930722,ABT,2026-08-11,586.63,True
36705,208930722,BUY,2026-06-16,476.57,True
36705,208930722,BUY,2026-06-23,412.58,True
36705,208930722,BUY,2026-06-30,420.44,True
36705,208930722,BUY,2026-07-07,418.42,True
36705,208930722,BUY,2026-07-14,418.24,True
36705,208930722,BUY,2026-07-21,374.94,True
36705,208930722,BUY,2026-07-28,385.62,True
36705,208930722,BUY,2026-08-04,388.57,True
36705,208930722,BUY,2026-08-11,393.52,True
36718,208930723,ABT,2026-05-26,305.52,True
36718,208930723,ABT,2026-06-02,304.09,True
36718,208930723,ABT,2026-06-09,303.95,True
36718,208930723,ABT,2026-06-16,309.13,True
36718,208930723,ABT,2026-06-23,311.61,True
36718,208930723,ABT,2026-06-30,284.93,True
36718,208930723,ABT,2026-07-07,285.44,True
36718,208930723,ABT,2026-07-14,277.65,True
36718,208930723,ABT,2026-07-21,266.66,True
36718,208930723,ABT,2026-07-28,266.89,True
36718,208930723,ABT,2026-08-04,267.37,True
36718,208930723,ABT,2026-08-11,267.5,True
36718,208930723,BUY,2026-05-26,302.3,True
36718,208930723,BUY,2026-06-02,306.67,True
36718,208930723,BUY,2026-06-09,271.91,True
36718,208930723,BUY,2026-06-16,272.92,True
36718,208930723,BUY,2026-06-23,229.43,True
36718,208930723,BUY,2026-06-30,234.03,True
36718,208930723,BUY,2026-07-07,206.55,True
36718,208930723,BUY,2026-07-14,209.32,True
36718,208930723,BUY,2026-07-21,204.46,True
36718,208930723,BUY,2026-07-28,200.85,True
36718,208930723,BUY,2026-08-04,205.59,True
36718,208930723,BUY,2026-08-11,207.77,True
38587,208937347,ABT,2026-06-16,19.07,True
38587,208937347,ABT,2026-06-23,18.17,True
38587,208937347,ABT,2026-06-30,16.44,True
38587,208937347,ABT,2026-07-07,16.6,True
38587,208937347,ABT,2026-07-14,16.74,True
38587,208937347,ABT,2026-07-21,16.39,True
38587,208937347,ABT,2026-07-28,16.09,True
38587,208937347,ABT,2026-08-04,16.05,True
38587,208937347,ABT,2026-08-11,15.64,True
38587,208937347,BUY,2026-06-16,19.54,True
38587,208937347,BUY,2026-06-23,19.37,True
38587,208937347,BUY,2026-06-30,16.73,True
38587,208937347,BUY,2026-07-07,12.7,True
38587,208937347,BUY,2026-07-14,10.62,True
38587,208937347,BUY,2026-07-21,8.95,True
38587,208937347,BUY,2026-07-28,8.94,True
38587,208937347,BUY,2026-08-04,9.04,True
38587,208937347,BUY,2026-08-11,8.97,True
37287,208937533,ABT,2026-06-09,583.87,True
37287,208937533,ABT,2026-06-16,597.3,True
37287,208937533,ABT,2026-06-23,597.39,True
37287,208937533,ABT,2026-06-30,608.59,True
37287,208937533,ABT,2026-07-07,608.37,True
37287,208937533,ABT,2026-07-14,566.05,True
37287,208937533,ABT,2026-07-21,571.49,True
37287,208937533,ABT,2026-07-28,571.0,True
37287,208937533,ABT,2026-08-04,573.27,True
37287,208937533,ABT,2026-08-11,609.11,True
37287,208937533,BUY,2026-06-09,592.14,True
37287,208937533,BUY,2026-06-16,599.23,True
37287,208937533,BUY,2026-06-23,602.54,True
37287,208937533,BUY,2026-06-30,606.61,True
37287,208937533,BUY,2026-07-07,607.9,True
37287,208937533,BUY,2026-07-14,615.87,True
37287,208937533,BUY,2026-07-21,614.31,True
37287,208937533,BUY,2026-07-28,595.18,True
37287,208937533,BUY,2026-08-04,587.85,True
37287,208937533,BUY,2026-08-11,589.68,True
37893,208937534,ABT,2026-06-09,61.41,True
37893,208937534,ABT,2026-06-16,61.03,True
37893,208937534,ABT,2026-06-23,61.46,True
37893,208937534,ABT,2026-06-30,60.6,True
37893,208937534,ABT,2026-07-07,59.88,True
37893,208937534,ABT,2026-07-14,59.94,True
37893,208937534,ABT,2026-07-21,51.96,True
37893,208937534,ABT,2026-07-28,52.08,True
37893,208937534,ABT,2026-08-04,52.42,True
37893,208937534,ABT,2026-08-11,52.74,True
37893,208937534,BUY,2026-06-09,60.65,True
37893,208937534,BUY,2026-06-16,60.91,True
37893,208937534,BUY,2026-06-23,65.63,True
37893,208937534,BUY,2026-06-30,67.1,True
37893,208937534,BUY,2026-07-07,67.78,True
37893,208937534,BUY,2026-07-14,68.46,True
37893,208937534,BUY,2026-07-21,68.64,True
37893,208937534,BUY,2026-07-28,68.62,True
37893,208937534,BUY,2026-08-04,68.87,True
37893,208937534,BUY,2026-08-11,68.99,True
36507,208939028,ABT,2026-06-23,636.11,True
36507,208939028,ABT,2026-06-30,719.22,True
36507,208939028,ABT,2026-07-07,719.53,True
36507,208939028,ABT,2026-07-14,700.38,True
36507,208939028,ABT,2026-07-21,698.76,True
36507,208939028,ABT,2026-07-28,691.4,True
36507,208939028,ABT,2026-08-04,672.15,True
36507,208939028,ABT,2026-08-11,751.9,True
36507,208939028,BUY,2026-06-23,617.51,True
36507,208939028,BUY,2026-06-30,619.62,True
36507,208939028,BUY,2026-07-07,630.1,True
36507,208939028,BUY,2026-07-14,628.85,True
36507,208939028,BUY,2026-07-21,557.8,True
36507,208939028,BUY,2026-07-28,549.27,True
36507,208939028,BUY,2026-08-04,567.49,True
36507,208939028,BUY,2026-08-11,565.01,True
37055,208941075,ABT,2026-05-26,29.53,True
37055,208941075,ABT,2026-06-02,29.79,True
37055,208941075,ABT,2026-06-09,25.9,True
37055,208941075,ABT,2026-06-16,25.91,True
37055,208941075,ABT,2026-06-23,26.26,True
37055,208941075,ABT,2026-06-30,25.75,True
37055,208941075,ABT,2026-07-07,25.64,True
37055,208941075,ABT,2026-07-14,26.71,True
37055,208941075,ABT,2026-07-21,27.09,True
37055,208941075,ABT,2026-07-28,26.98,True
37055,208941075,ABT,2026-08-04,26.94,True
37055,208941075,ABT,2026-08-11,27.34,True
37055,208941075,BUY,2026-05-26,30.27,True
37055,208941075,BUY,2026-06-02,29.52,True
37055,208941075,BUY,2026-06-09,29.25,True
37055,208941075,BUY,2026-06-16,29.12,True
37055,208941075,BUY,2026-06-23,29.31,True
37055,208941075,BUY,2026-06-30,30.13,True
37055,208941075,BUY,2026-07-07,30.13,True
37055,208941075,BUY,2026-07-14,29.87,True
37055,208941075,BUY,2026-07-21,27.69,True
37055,208941075,BUY,2026-07-28,28.24,True
37055,208941075,BUY,2026-08-04,28.96,True
37055,208941075,BUY,2026-08-11,29.48,True
37052,208941076,ABT,2026-06-16,179.65,True
37052,208941076,ABT,2026-06-23,176.15,True
37052,208941076,ABT,2026-06-30,162.31,True
37052,208941076,ABT,2026-07-07,145.06,True
37052,208941076,ABT,2026-07-14,145.48,True
37052,208941076,ABT,2026-07-21,143.51,True
37052,208941076,ABT,2026-07-28,164.49,True
37052,208941076,ABT,2026-08-04,162.2,True
37052,208941076,ABT,2026-08-11,175.44,True
37052,208941076,BUY,2026-06-16,182.42,True
37052,208941076,BUY,2026-06-23,178.37,True
37052,208941076,BUY,2026-06-30,180.35,True
37052,208941076,BUY,2026-07-07,182.94,True
37052,208941076,BUY,2026-07-14,185.96,True
37052,208941076,BUY,2026-07-21,186.58,True
37052,208941076,BUY,2026-07-28,191.23,True
37052,208941076,BUY,2026-08-04,191.16,True
37052,208941076,BUY,2026-08-11,194.98,True
37145,208941080,ABT,2026-06-02,408.64,True
37145,208941080,ABT,2026-06-09,411.17,True
37145,208941080,ABT,2026-06-16,406.19,True
37145,208941080,ABT,2026-06-23,399.52,True
37145,208941080,ABT,2026-06-30,394.63,True
37145,208941080,ABT,2026-07-07,389.05,True
37145,208941080,ABT,2026-07-14,384.32,True
37145,208941080,ABT,2026-07-21,347.53,True
37145,208941080,ABT,2026-07-28,350.46,True
37145,208941080,ABT,2026-08-04,341.28,True
37145,208941080,ABT,2026-08-11,325.56,True
37145,208941080,BUY,2026-06-02,379.59,True
37145,208941080,BUY,2026-06-09,380.15,True
37145,208941080,BUY,2026-06-16,385.43,True
37145,208941080,BUY,2026-06-23,362.8,True
37145,208941080,BUY,2026-06-30,391.2,True
37145,208941080,BUY,2026-07-07,393.57,True
37145,208941080,BUY,2026-07-14,434.73,True
37145,208941080,BUY,2026-07-21,423.78,True
37145,208941080,BUY,2026-07-28,428.28,True
37145,208941080,BUY,2026-08-04,437.3,True
37145,208941080,BUY,2026-08-11,433.48,True
37405,208973561,ABT,2026-06-02,68.67,True
37405,208973561,ABT,2026-06-09,68.15,True
37405,208973561,ABT,2026-06-16,67.23,True
37405,208973561,ABT,2026-06-23,68.59,True
37405,208973561,ABT,2026-06-30,69.13,True
37405,208973561,ABT,2026-07-07,67.42,True
37405,208973561,ABT,2026-07-14,68.57,True
37405,208973561,ABT,2026-07-21,61.5,True
37405,208973561,ABT,2026-07-28,61.04,True
37405,208973561,ABT,2026-08-04,51.91,True
37405,208973561,ABT,2026-08-11,54.84,True
37405,208973561,BUY,2026-06-02,68.84,True
37405,208973561,BUY,2026-06-09,59.36,True
37405,208973561,BUY,2026-06-16,58.34,True
37405,208973561,BUY,2026-06-23,59.25,True
37405,208973561,BUY,2026-06-30,59.56,True
37405,208973561,BUY,2026-07-07,60.27,True
37405,208973561,BUY,2026-07-14,69.04,True
37405,208973561,BUY,2026-07-21,67.65,True
37405,208973561,BUY,2026-07-28,66.34,True
37405,208973561,BUY,2026-08-04,66.17,True
37405,208973561,BUY,2026-08-11,67.73,True
36264,209000383,ABT,2026-06-02,896.19,True
36264,209000383,ABT,2026-06-09,859.8,True
36264,209000383,ABT,2026-06-16,922.92,True
36264,209000383,ABT,2026-06-23,920.89,True
36264,209000383,ABT,2026-06-30,787.78,True
36264,209000383,ABT,2026-07-07,735.91,True
36264,209000383,ABT,2026-07-14,631.27,True
36264,209000383,ABT,2026-07-21,552.33,True
36264,209000383,ABT,2026-07-28,547.1,True
36264,209000383,ABT,2026-08-04,539.85,True
36264,209000383,ABT,2026-08-11,497.75,True
36264,209000383,BUY,2026-06-02,925.04,True
36264,209000383,BUY,2026-06-09,935.41,True
36264,209000383,BUY,2026-06-16,935.33,True
36264,209000383,BUY,2026-06-23,927.77,True
36264,209000383,BUY,2026-06-30,815.03,True
36264,209000383,BUY,2026-07-07,823.26,True
36264,209000383,BUY,2026-07-14,812.0,True
36264,209000383,BUY,2026-07-21,795.46,True
36264,209000383,BUY,2026-07-28,820.31,True
36264,209000383,BUY,2026-08-04,827.27,True
36264,209000383,BUY,2026-08-11,791.0,True
36308,209000385,ABT,2026-05-26,934.42,True
36308,209000385,ABT,2026-06-02,933.8,True
36308,209000385,ABT,2026-06-09,916.87,True
36308,209000385,ABT,2026-06-16,908.45,True
36308,209000385,ABT,2026-06-23,917.43,True
36308,209000385,ABT,2026-06-30,906.07,True
36308,209000385,ABT,2026-07-07,910.27,True
36308,209000385,ABT,2026-07-14,906.37,True
36308,209000385,ABT,2026-07-21,923.01,True
36308,209000385,ABT,2026-07-28,919.1,True
36308,209000385,ABT,2026-08-04,915.09,True
36308,209000385,ABT,2026-08-11,898.95,True
36308,209000385,BUY,2026-05-26,914.71,True
36308,209000385,BUY,2026-06-02,825.75,True
36308,209000385,BUY,2026-06-09,715.85,True
36308,209000385,BUY,2026-06-16,646.08,True
36308,209000385,BUY,2026-06-23,578.82,True
36308,209000385,BUY,2026-06-30,587.69,True
36308,209000385,BUY,2026-07-07,583.04,True
36308,209000385,BUY,2026-07-14,579.1,True
36308,209000385,BUY,2026-07-21,574.18,True
36308,209000385,BUY,2026-07-28,570.21,True
36308,209000385,BUY,2026-08-04,563.15,True
36308,209000385,BUY,2026-08-11,549.56,True
18441,209002546,ABT,2026-06-09,325.71,True
18441,209002546,ABT,2026-06-16,323.5,True
18441,209002546,ABT,2026-06-23,326.51,True
18441,209002546,ABT,2026-06-30,317.32,True
18441,209002546,ABT,2026-07-07,318.81,True
18441,209002546,ABT,2026-07-14,326.79,True
18441,209002546,ABT,2026-07-21,326.78,True
18441,209002546,ABT,2026-07-28,320.38,True
18441,209002546,ABT,2026-08-04,309.03,True
18441,209002546,ABT,2026-08-11,283.2,True
18441,209002546,BUY,2026-06-09,360.06,True
18441,209002546,BUY,2026-06-16,359.23,True
18441,209002546,BUY,2026-06-23,330.92,True
18441,209002546,BUY,2026-06-30,308.6,True
18441,209002546,BUY,2026-07-07,279.09,True
18441,209002546,BUY,2026-07-14,263.22,True
18441,209002546,BUY,2026-07-21,249.75,True
18441,209002546,BUY,2026-07-28,248.22,True
18441,209002546,BUY,2026-08-04,245.69,True
18441,209002546,BUY,2026-08-11,244.08,True
38098,209026630,ABT,2026-06-09,649.87,True
38098,209026630,ABT,2026-06-16,603.96,True
38098,209026630,ABT,2026-06-23,564.53,True
38098,209026630,ABT,2026-06-30,520.5,True
38098,209026630,ABT,2026-07-07,481.18,True
38098,209026630,ABT,2026-07-14,485.81,True
38098,209026630,ABT,2026-07-21,483.73,True
38098,209026630,ABT,2026-07-28,490.51,True
38098,209026630,ABT,2026-08-04,486.48,True
38098,209026630,ABT,2026-08-11,438.29,True
38098,209026630,BUY,2026-06-09,693.48,True
38098,209026630,BUY,2026-06-16,691.2,True
38098,209026630,BUY,2026-06-23,673.18,True
38098,209026630,BUY,2026-06-30,663.64,True
38098,209026630,BUY,2026-07-07,649.8,True
38098,209026630,BUY,2026-07-14,647.67,True
38098,209026630,BUY,2026-07-21,647.05,True
38098,209026630,BUY,2026-07-28,656.22,True
38098,209026630,BUY,2026-08-04,556.7,True
38098,209026630,BUY,2026-08-11,550.55,True
37457,209026634,ABT,2026-06-23,794.17,True
37457,209026634,ABT,2026-06-30,793.6,True
37457,209026634,ABT,2026-07-07,745.54,True
37457,209026634,ABT,2026-07-14,742.94,True
37457,209026634,ABT,2026-07-21,773.43,True
37457,209026634,ABT,2026-07-28,780.2,True
37457,209026634,ABT,2026-08-04,772.81,True
37457,209026634,ABT,2026-08-11,776.66,True
37457,209026634,BUY,2026-06-23,812.47,True
37457,209026634,BUY,2026-06-30,805.55,True
37457,209026634,BUY,2026-07-07,701.83,True
37457,209026634,BUY,2026-07-14,712.7,True
37457,209026634,BUY,2026-07-21,597.0,True
37457,209026634,BUY,2026-07-28,605.36,True
37457,209026634,BUY,2026-08-04,598.79,True
37457,209026634,BUY,2026-08-11,592.68,True
37462,209026638,ABT,2026-06-09,9.41,True
37462,209026638,ABT,2026-06-16,9.3,True
37462,209026638,ABT,2026-06-23,9.16,True
37462,209026638,ABT,2026-06-30,9.02,True
37462,209026638,ABT,2026-07-07,9.17,True
37462,209026638,ABT,2026-07-14,9.31,True
37462,209026638,ABT,2026-07-21,9.16,True
37462,209026638,ABT,2026-07-28,9.14,True
37462,209026638,ABT,2026-08-04,9.02,True
37462,209026638,ABT,2026-08-11,9.01,True
37462,209026638,BUY,2026-06-09,9.22,True
37462,209026638,BUY,2026-06-16,8.52,True
37462,209026638,BUY,2026-06-23,7.78,True
37462,209026638,BUY,2026-06-30,7.23,True
37462,209026638,BUY,2026-07-07,6.72,True
37462,209026638,BUY,2026-07-14,6.25,True
37462,209026638,BUY,2026-07-21,6.08,True
37462,209026638,BUY,2026-07-28,5.63,True
37462,209026638,BUY,2026-08-04,5.59,True
37462,209026638,BUY,2026-08-11,5.64,True
30058,209028436,ABT,2026-05-26,79.25,True
30058,209028436,ABT,2026-06-02,77.94,True
30058,209028436,ABT,2026-06-09,77.46,True
30058,209028436,ABT,2026-06-16,77.4,True
30058,209028436,ABT,2026-06-23,78.89,True
30058,209028436,ABT,2026-06-30,79.13,True
30058,209028436,ABT,2026-07-07,80.6,True
30058,209028436,ABT,2026-07-14,78.71,True
30058,209028436,ABT,2026-07-21,79.25,True
30058,209028436,ABT,2026-07-28,77.99,True
30058,209028436,ABT,2026-08-04,77.23,True
30058,209028436,ABT,2026-08-11,77.6,True
30058,209028436,BUY,2026-05-26,80.38,True
30058,209028436,BUY,2026-06-02,79.77,True
30058,209028436,BUY,2026-06-09,80.23,True
30058,209028436,BUY,2026-06-16,80.36,True
30058,209028436,BUY,2026-06-23,78.95,True
30058,209028436,BUY,2026-06-30,78.49,True
30058,209028436,BUY,2026-07-07,73.63,True
30058,209028436,BUY,2026-07-14,73.66,True
30058,209028436,BUY,2026-07-21,74.55,True
30058,209028436,BUY,2026-07-28,75.13,True
30058,209028436,BUY,2026-08-04,76.99,True
30058,209028436,BUY,2026-08-11,75.74,True
37589,209085184,ABT,2026-06-16,99.8,True
37589,209085184,ABT,2026-06-23,102.13,True
37589,209085184,ABT,2026-06-30,102.81,True
37589,209085184,ABT,2026-07-07,101.71,True
37589,209085184,ABT,2026-07-14,103.56,True
37589,209085184,ABT,2026-07-21,101.38,True
37589,209085184,ABT,2026-07-28,91.7,True
37589,209085184,ABT,2026-08-04,92.81,True
37589,209085184,ABT,2026-08-11,91.46,True
37589,209085184,BUY,2026-06-16,100.35,True
37589,209085184,BUY,2026-06-23,101.44,True
37589,209085184,BUY,2026-06-30,102.33,True
37589,209085184,BUY,2026-07-07,111.54,True
37589,209085184,BUY,2026-07-14,113.84,True
37589,209085184,BUY,2026-07-21,113.77,True
37589,209085184,BUY,2026-07-28,113.43,True
37589,209085184,BUY,2026-08-04,114.0,True
37589,209085184,BUY,2026-08-11,116.34,True
37231,209114390,ABT,2026-06-23,100.45,True
37231,209114390,ABT,2026-06-30,100.33,True
37231,209114390,ABT,2026-07-07,100.88,True
37231,209114390,ABT,2026-07-14,100.1,True
37231,209114390,ABT,2026-07-21,99.23,True
37231,209114390,ABT,2026-07-28,99.14,True
37231,209114390,ABT,2026-08-04,100.58,True
37231,209114390,ABT,2026-08-11,99.11,True
37231,209114390,BUY,2026-06-23,100.42,True
37231,209114390,BUY,2026-06-30,102.08,True
37231,209114390,BUY,2026-07-07,101.67,True
37231,209114390,BUY,2026-07-14,101.23,True
37231,209114390,BUY,2026-07-21,99.57,True
37231,209114390,BUY,2026-07-28,97.19,True
37231,209114390,BUY,2026-08-04,96.28,True
37231,209114390,BUY,2026-08-11,96.61,True
37110,209114551,ABT,2026-06-16,36.02,True
37110,209114551,ABT,2026-06-23,34.88,True
37110,209114551,ABT,2026-06-30,35.4,True
37110,209114551,ABT,2026-07-07,35.04,True
37110,209114551,ABT,2026-07-14,29.53,True
37110,209114551,ABT,2026-07-21,29.05,True
37110,209114551,ABT,2026-07-28,28.89,True
37110,209114551,ABT,2026-08-04,28.71,True
37110,209114551,ABT,2026-08-11,28.66,True
37110,209114551,BUY,2026-06-16,36.81,True
37110,209114551,BUY,2026-06-23,37.81,True
37110,209114551,BUY,2026-06-30,35.93,True
37110,209114551,BUY,2026-07-07,36.62,True
37110,209114551,BUY,2026-07-14,36.34,True
37110,209114551,BUY,2026-07-21,36.51,True
37110,209114551,BUY,2026-07-28,36.0,True
37110,209114551,BUY,2026-08-04,36.49,True
37110,209114551,BUY,2026-08-11,36.46,True
37120,209114551,ABT,2026-06-23,281.43,True
37120,209114551,ABT,2026-06-30,283.82,True
37120,209114551,ABT,2026-07-07,285.98,True
37120,209114551,ABT,2026-07-14,284.91,True
37120,209114551,ABT,2026-07-21,282.6,True
37120,209114551,ABT,2026-07-28,288.03,True
37120,209114551,ABT,2026-08-04,271.99,True
37120,209114551,ABT,2026-08-11,236.79,True
37120,209114551,BUY,2026-06-23,286.14,True
37120,209114551,BUY,2026-06-30,291.11,True
37120,209114551,BUY,2026-07-07,292.66,True
37120,209114551,BUY,2026-07-14,297.22,True
37120,209114551,BUY,2026-07-21,290.32,True
37120,209114551,BUY,2026-07-28,290.83,True
37120,209114551,BUY,2026-08-04,288.95,True
37120,209114551,BUY,2026-08-11,285.42,True
37123,209114552,ABT,2026-06-02,302.63,True
37123,209114552,ABT,2026-06-09,283.7,True
37123,209114552,ABT,2026-06-16,242.33,True
37123,209114552,ABT,2026-06-23,242.38,True
37123,209114552,ABT,2026-06-30,237.91,True
37123,209114552,ABT,2026-07-07,235.02,True
37123,209114552,ABT,2026-07-14,229.01,True
37123,209114552,ABT,2026-07-21,224.31,True
37123,209114552,ABT,2026-07-28,222.11,True
37123,209114552,ABT,2026-08-04,225.53,True
37123,209114552,ABT,2026-08-11,233.2,True
37123,209114552,BUY,2026-06-02,314.22,True
37123,209114552,BUY,2026-06-09,315.36,True
37123,209114552,BUY,2026-06-16,323.54,True
37123,209114552,BUY,2026-06-23,322.29,True
37123,209114552,BUY,2026-06-30,324.02,True
37123,209114552,BUY,2026-07-07,322.95,True
37123,209114552,BUY,2026-07-14,326.26,True
37123,209114552,BUY,2026-07-21,323.28,True
37123,209114552,BUY,2026-07-28,330.51,True
37123,209114552,BUY,2026-08-04,330.56,True
37123,209114552,BUY,2026-08-11,323.43,True
38704,209114575,ABT,2026-06-16,79.42,True
38704,209114575,ABT,2026-06-23,80.57,True
38704,209114575,ABT,2026-06-30,81.07,True
38704,209114575,ABT,2026-07-07,82.82,True
38704,209114575,ABT,2026-07-14,81.79,True
38704,209114575,ABT,2026-07-21,81.78,True
38704,209114575,ABT,2026-07-28,82.8,True
38704,209114575,ABT,2026-08-04,82.07,True
38704,209114575,ABT,2026-08-11,81.56,True
38704,209114575,BUY,2026-06-16,79.4,True
38704,209114575,BUY,2026-06-23,79.21,True
38704,209114575,BUY,2026-06-30,81.1,True
38704,209114575,BUY,2026-07-07,81.32,True
38704,209114575,BUY,2026-07-14,81.54,True
38704,209114575,BUY,2026-07-21,81.32,True
38704,209114575,BUY,2026-07-28,81.75,True
38704,209114575,BUY,2026-08-04,82.75,True
38704,209114575,BUY,2026-08-11,82.47,True
37646,209122918,ABT,2026-06-02,11.87,True
37646,209122918,ABT,2026-06-09,11.77,True
37646,209122918,ABT,2026-06-16,11.81,True
37646,209122918,ABT,2026-06-23,11.77,True
37646,209122918,ABT,2026-06-30,11.75,True
37646,209122918,ABT,2026-07-07,11.81,True
37646,209122918,ABT,2026-07-14,11.67,True
37646,209122918,ABT,2026-07-21,12.62,True
37646,209122918,ABT,2026-07-28,12.51,True
37646,209122918,ABT,2026-08-04,13.6,True
37646,209122918,ABT,2026-08-11,14.02,True
37646,209122918,BUY,2026-06-02,11.78,True
37646,209122918,BUY,2026-06-09,11.03,True
37646,209122918,BUY,2026-06-16,11.19,True
37646,209122918,BUY,2026-06-23,10.82,True
37646,209122918,BUY,2026-06-30,10.65,True
37646,209122918,BUY,2026-07-07,10.83,True
37646,209122918,BUY,2026-07-14,10.97,True
37646,209122918,BUY,2026-07-21,11.04,True
37646,209122918,BUY,2026-07-28,10.98,True
37646,209122918,BUY,2026-08-04,11.18,True
37646,209122918,BUY,2026-08-11,11.03,True
37648,209122921,ABT,2026-06-09,12.25,True
37648,209122921,ABT,2026-06-16,12.51,True
37648,209122921,ABT,2026-06-23,12.51,True
37648,209122921,ABT,2026-06-30,11.51,True
37648,209122921,ABT,2026-07-07,11.7,True
37648,209122921,ABT,2026-07-14,11.41,True
37648,209122921,ABT,2026-07-21,11.25,True
37648,209122921,ABT,2026-07-28,11.19,True
37648,209122921,ABT,2026-08-04,11.01,True
37648,209122921,ABT,2026-08-11,11.06,True
37648,209122921,BUY,2026-06-09,10.88,True
37648,209122921,BUY,2026-06-16,10.84,True
37648,209122921,BUY,2026-06-23,10.88,True
37648,209122921,BUY,2026-06-30,11.03,True
37648,209122921,BUY,2026-07-07,10.93,True
37648,209122921,BUY,2026-07-14,10.81,True
37648,209122921,BUY,2026-07-21,10.77,True
37648,209122921,BUY,2026-07-28,10.98,True
37648,209122921,BUY,2026-08-04,11.09,True
37648,209122921,BUY,2026-08-11,11.37,True
37650,209122924,ABT,2026-05-26,11.61,True
37650,209122924,ABT,2026-06-02,11.6,True
37650,209122924,ABT,2026-06-09,11.62,True
37650,209122924,ABT,2026-06-16,11.62,True
37650,209122924,ABT,2026-06-23,11.76,True
37650,209122924,ABT,2026-06-30,11.85,True
37650,209122924,ABT,2026-07-07,11.75,True
37650,209122924,ABT,2026-07-14,11.63,True
37650,209122924,ABT,2026-07-21,11.62,True
37650,209122924,ABT,2026-07-28,9.91,True
37650,209122924,ABT,2026-08-04,9.97,True
37650,209122924,ABT,2026-08-11,9.75,True
37650,209122924,BUY,2026-05-26,11.79,True
37650,209122924,BUY,2026-06-02,11.72,True
37650,209122924,BUY,2026-06-09,11.66,True
37650,209122924,BUY,2026-06-16,11.33,True
37650,209122924,BUY,2026-06-23,11.37,True
37650,209122924,BUY,2026-06-30,11.46,True
37650,209122924,BUY,2026-07-07,11.45,True
37650,209122924,BUY,2026-07-14,11.48,True
37650,209122924,BUY,2026-07-21,10.42,True
37650,209122924,BUY,2026-07-28,10.46,True
37650,209122924,BUY,2026-08-04,9.02,True
37650,209122924,BUY,2026-08-11,9.11,True
37141,209194240,ABT,2026-06-16,1163.93,True
37141,209194240,ABT,2026-06-23,1118.05,True
37141,209194240,ABT,2026-06-30,1103.06,True
37141,209194240,ABT,2026-07-07,1121.77,True
37141,209194240,ABT,2026-07-14,1095.18,True
37141,209194240,ABT,2026-07-21,1105.77,True
37141,209194240,ABT,2026-07-28,1104.08,True
37141,209194240,ABT,2026-08-04,1087.45,True
37141,209194240,ABT,2026-08-11,1092.06,True
37141,209194240,BUY,2026-06-16,1155.88,True
37141,209194240,BUY,2026-06-23,1166.98,True
37141,209194240,BUY,2026-06-30,1162.55,True
37141,209194240,BUY,2026-07-07,1349.88,True
37141,209194240,BUY,2026-07-14,1360.29,True
37141,209194240,BUY,2026-07-21,1373.75,True
37141,209194240,BUY,2026-07-28,1381.43,True
37141,209194240,BUY,2026-08-04,1409.18,True
37141,209194240,BUY,2026-08-11,1382.32,True
37142,209194241,ABT,2026-06-09,895.53,True
37142,209194241,ABT,2026-06-16,890.5,True
37142,209194241,ABT,2026-06-23,787.38,True
37142,209194241,ABT,2026-06-30,782.96,True
37142,209194241,ABT,2026-07-07,801.83,True
37142,209194241,ABT,2026-07-14,806.87,True
37142,209194241,ABT,2026-07-21,801.7,True
37142,209194241,ABT,2026-07-28,787.86,True
37142,209194241,ABT,2026-08-04,795.05,True
37142,209194241,ABT,2026-08-11,816.38,True
37142,209194241,BUY,2026-06-09,911.31,True
37142,209194241,BUY,2026-06-16,905.93,True
37142,209194241,BUY,2026-06-23,891.06,True
37142,209194241,BUY,2026-06-30,890.15,True
37142,209194241,BUY,2026-07-07,881.78,True
37142,209194241,BUY,2026-07-14,874.38,True
37142,209194241,BUY,2026-07-21,789.26,True
37142,209194241,BUY,2026-07-28,791.19,True
37142,209194241,BUY,2026-08-04,719.96,True
37142,209194241,BUY,2026-08-11,732.46,True
37254,209199789,ABT,2026-05-26,98.49,True
37254,209199789,ABT,2026-06-02,99.39,True
37254,209199789,ABT,2026-06-09,101.95,True
37254,209199789,ABT,2026-06-16,102.25,True
37254,209199789,ABT,2026-06-23,102.86,True
37254,209199789,ABT,2026-06-30,87.56,True
37254,209199789,ABT,2026-07-07,88.82,True
37254,209199789,ABT,2026-07-14,88.48,True
37254,209199789,ABT,2026-07-21,89.31,True
37254,209199789,ABT,2026-07-28,84.02,True
37254,209199789,ABT,2026-08-04,82.52,True
37254,209199789,ABT,2026-08-11,82.69,True
37254,209199789,BUY,2026-05-26,101.69,True
37254,209199789,BUY,2026-06-02,99.65,True
37254,209199789,BUY,2026-06-09,98.35,True
37254,209199789,BUY,2026-06-16,98.0,True
37254,209199789,BUY,2026-06-23,99.93,True
37254,209199789,BUY,2026-06-30,99.86,True
37254,209199789,BUY,2026-07-07,95.31,True
37254,209199789,BUY,2026-07-14,94.0,True
37254,209199789,BUY,2026-07-21,93.65,True
37254,209199789,BUY,2026-07-28,94.68,True
37254,209199789,BUY,2026-08-04,94.05,True
37254,209199789,BUY,2026-08-11,93.65,True
38400,209208547,ABT,2026-06-02,1157.52,True
38400,209208547,ABT,2026-06-09,979.65,True
38400,209208547,ABT,2026-06-16,969.31,True
38400,209208547,ABT,2026-06-23,972.3,True
38400,209208547,ABT,2026-06-30,964.44,True
38400,209208547,ABT,2026-07-07,956.12,True
38400,209208547,ABT,2026-07-14,967.21,True
38400,209208547,ABT,2026-07-21,988.38,True
38400,209208547,ABT,2026-07-28,888.59,True
38400,209208547,ABT,2026-08-04,905.57,True
38400,209208547,ABT,2026-08-11,912.7,True
38400,209208547,BUY,2026-06-02,1022.1,True
38400,209208547,BUY,2026-06-09,1048.6,True
38400,209208547,BUY,2026-06-16,1081.09,True
38400,209208547,BUY,2026-06-23,1072.78,True
38400,209208547,BUY,2026-06-30,1070.07,True
38400,209208547,BUY,2026-07-07,1087.06,True
38400,209208547,BUY,2026-07-14,956.8,True
38400,209208547,BUY,2026-07-21,841.26,True
38400,209208547,BUY,2026-07-28,831.77,True
38400,209208547,BUY,2026-08-04,822.33,True
38400,209208547,BUY,2026-08-11,805.31,True
36452,209208655,ABT,2026-05-26,2506.89,True
36452,209208655,ABT,2026-06-02,2599.52,True
36452,209208655,ABT,2026-06-09,2284.57,True
36452,209208655,ABT,2026-06-16,2296.41,True
36452,209208655,ABT,2026-06-23,2282.19,True
36452,209208655,ABT,2026-06-30,2344.35,True
36452,209208655,ABT,2026-07-07,2052.83,True
36452,209208655,ABT,2026-07-14,2281.31,True
36452,209208655,ABT,2026-07-21,2331.61,True
36452,209208655,ABT,2026-07-28,2288.57,True
36452,209208655,ABT,2026-08-04,2299.95,True
36452,209208655,ABT,2026-08-11,2321.55,True
36452,209208655,BUY,2026-05-26,2482.49,True
36452,209208655,BUY,2026-06-02,2502.31,True
36452,209208655,BUY,2026-06-09,2435.26,True
36452,209208655,BUY,2026-06-16,2470.73,True
36452,209208655,BUY,2026-06-23,2285.46,True
36452,209208655,BUY,2026-06-30,2334.71,True
36452,209208655,BUY,2026-07-07,2355.32,True
36452,209208655,BUY,2026-07-14,2380.23,True
36452,209208655,BUY,2026-07-21,2453.15,True
36452,209208655,BUY,2026-07-28,2463.98,True
36452,209208655,BUY,2026-08-04,2219.78,True
36452,209208655,BUY,2026-08-11,2144.93,True
36471,209208661,ABT,2026-06-09,4149.17,True
36471,209208661,ABT,2026-06-16,4100.28,True
36471,209208661,ABT,2026-06-23,4075.62,True
36471,209208661,ABT,2026-06-30,4075.98,True
36471,209208661,ABT,2026-07-07,4060.26,True
36471,209208661,ABT,2026-07-14,3988.84,True
36471,209208661,ABT,2026-07-21,3911.27,True
36471,209208661,ABT,2026-07-28,3889.84,True
36471,209208661,ABT,2026-08-04,3903.24,True
36471,209208661,ABT,2026-08-11,3908.1,True
36471,209208661,BUY,2026-06-09,4046.01,True
36471,209208661,BUY,2026-06-16,3986.06,True
36471,209208661,BUY,2026-06-23,3916.03,True
36471,209208661,BUY,2026-06-30,3823.13,True
36471,209208661,BUY,2026-07-07,3936.29,True
36471,209208661,BUY,2026-07-14,3955.19,True
36471,209208661,BUY,2026-07-21,3858.81,True
36471,209208661,BUY,2026-07-28,3934.6,True
36471,209208661,BUY,2026-08-04,3952.15,True
36471,209208661,BUY,2026-08-11,3880.43,True
37174,209208663,ABT,2026-06-16,546.6,True
37174,209208663,ABT,2026-06-23,541.59,True
37174,209208663,ABT,2026-06-30,546.13,True
37174,209208663,ABT,2026-07-07,533.98,True
37174,209208663,ABT,2026-07-14,545.82,True
37174,209208663,ABT,2026-07-21,538.96,True
37174,209208663,ABT,2026-07-28,547.9,True
37174,209208663,ABT,2026-08-04,546.36,True
37174,209208663,ABT,2026-08-11,547.13,True
37174,209208663,BUY,2026-06-16,624.9,True
37174,209208663,BUY,2026-06-23,630.31,True
37174,209208663,BUY,2026-06-30,626.38,True
37174,209208663,BUY,2026-07-07,560.52,True
37174,209208663,BUY,2026-07-14,575.53,True
37174,209208663,BUY,2026-07-21,578.86,True
37174,209208663,BUY,2026-07-28,571.8,True
37174,209208663,BUY,2026-08-04,571.92,True
37174,209208663,BUY,2026-08-11,570.78,True
37162,209208718,ABT,2026-06-02,146.42,True
37162,209208718,ABT,2026-06-09,143.78,True
37162,209208718,ABT,2026-06-16,143.76,True
37162,209208718,ABT,2026-06-23,140.32,True
37162,209208718,ABT,2026-06-30,135.85,True
37162,209208718,ABT,2026-07-07,136.19,True
37162,209208718,ABT,2026-07-14,134.06,True
37162,209208718,ABT,2026-07-21,136.73,True
37162,209208718,ABT,2026-07-28,139.12,True
37162,209208718,ABT,2026-08-04,128.48,True
37162,209208718,ABT,2026-08-11,126.6,True
37162,209208718,BUY,2026-06-02,135.55,True
37162,209208718,BUY,2026-06-09,136.08,True
37162,209208718,BUY,2026-06-16,123.46,True
37162,209208718,BUY,2026-06-23,101.82,True
37162,209208718,BUY,2026-06-30,81.01,True
37162,209208718,BUY,2026-07-07,72.58,True
37162,209208718,BUY,2026-07-14,73.5,True
37162,209208718,BUY,2026-07-21,74.93,True
37162,209208718,BUY,2026-07-28,74.12,True
37162,209208718,BUY,2026-08-04,66.15,True
37162,209208718,BUY,2026-08-11,66.46,True
37257,209208719,ABT,2026-06-09,296.21,True
37257,209208719,ABT,2026-06-16,333.66,True
37257,209208719,ABT,2026-06-23,332.66,True
37257,209208719,ABT,2026-06-30,330.71,True
37257,209208719,ABT,2026-07-07,279.63,True
37257,209208719,ABT,2026-07-14,285.93,True
37257,209208719,ABT,2026-07-21,282.39,True
37257,209208719,ABT,2026-07-28,284.69,True
37257,209208719,ABT,2026-08-04,279.06,True
37257,209208719,ABT,2026-08-11,279.81,True
37257,209208719,BUY,2026-06-09,297.17,True
37257,209208719,BUY,2026-06-16,301.41,True
37257,209208719,BUY,2026-06-23,262.3,True
37257,209208719,BUY,2026-06-30,264.79,True
37257,209208719,BUY,2026-07-07,273.46,True
37257,209208719,BUY,2026-07-14,268.39,True
37257,209208719,BUY,2026-07-21,267.83,True
37257,209208719,BUY,2026-07-28,259.45,True
37257,209208719,BUY,2026-08-04,259.97,True
37257,209208719,BUY,2026-08-11,257.26,True
37812,209245958,ABT,2026-06-16,4029.13,True
37812,209245958,ABT,2026-06-23,4015.62,True
37812,209245958,ABT,2026-06-30,4002.89,True
37812,209245958,ABT,2026-07-07,4021.98,True
37812,209245958,ABT,2026-07-14,4123.94,True
37812,209245958,ABT,2026-07-21,4477.6,True
37812,209245958,ABT,2026-07-28,4018.71,True
37812,209245958,ABT,2026-08-04,4013.02,True
37812,209245958,ABT,2026-08-11,3885.42,True
37812,209245958,BUY,2026-06-16,3949.67,True
37812,209245958,BUY,2026-06-23,3907.04,True
37812,209245958,BUY,2026-06-30,3913.6,True
37812,209245958,BUY,2026-07-07,3924.92,True
37812,209245958,BUY,2026-07-14,3985.8,True
37812,209245958,BUY,2026-07-21,4008.57,True
37812,209245958,BUY,2026-07-28,3656.11,True
37812,209245958,BUY,2026-08-04,3096.96,True
37812,209245958,BUY,2026-08-11,3160.2,True
37811,209245960,ABT,2026-06-09,1960.07,True
37811,209245960,ABT,2026-06-16,1943.05,True
37811,209245960,ABT,2026-06-23,1987.08,True
37811,209245960,ABT,2026-06-30,1965.4,True
37811,209245960,ABT,2026-07-07,1807.92,True
37811,209245960,ABT,2026-07-14,1828.55,True
37811,209245960,ABT,2026-07-21,1813.28,True
37811,209245960,ABT,2026-07-28,1820.58,True
37811,209245960,ABT,2026-08-04,1800.93,True
37811,209245960,ABT,2026-08-11,1773.1,True
37811,209245960,BUY,2026-06-09,1962.56,True
37811,209245960,BUY,2026-06-16,1973.94,True
37811,209245960,BUY,2026-06-23,1934.81,True
37811,209245960,BUY,2026-06-30,1960.2,True
37811,209245960,BUY,2026-07-07,1749.21,True
37811,209245960,BUY,2026-07-14,1711.34,True
37811,209245960,BUY,2026-07-21,1727.1,True
37811,209245960,BUY,2026-07-28,1700.72,True
37811,209245960,BUY,2026-08-04,1683.31,True
37811,209245960,BUY,2026-08-11,1704.12,True
37293,209245965,ABT,2026-06-02,500.46,True
37293,209245965,ABT,2026-06-09,507.72,True
37293,209245965,ABT,2026-06-16,509.34,True
37293,209245965,ABT,2026-06-23,496.62,True
37293,209245965,ABT,2026-06-30,503.28,True
37293,209245965,ABT,2026-07-07,509.62,True
37293,209245965,ABT,2026-07-14,519.73,True
37293,209245965,ABT,2026-07-21,520.41,True
37293,209245965,ABT,2026-07-28,540.71,True
37293,209245965,ABT,2026-08-04,540.61,True
37293,209245965,ABT,2026-08-11,543.92,True
37293,209245965,BUY,2026-06-02,486.48,True
37293,209245965,BUY,2026-06-09,493.95,True
37293,209245965,BUY,2026-06-16,507.67,True
37293,209245965,BUY,2026-06-23,516.11,True
37293,209245965,BUY,2026-06-30,529.05,True
37293,209245965,BUY,2026-07-07,527.74,True
37293,209245965,BUY,2026-07-14,513.92,True
37293,209245965,BUY,2026-07-21,503.46,True
37293,209245965,BUY,2026-07-28,499.87,True
37293,209245965,BUY,2026-08-04,490.41,True
37293,209245965,BUY,2026-08-11,429.58,True
36990,209253738,ABT,2026-06-09,568.93,True
36990,209253738,ABT,2026-06-16,567.72,True
36990,209253738,ABT,2026-06-23,580.3,True
36990,209253738,ABT,2026-06-30,573.94,True
36990,209253738,ABT,2026-07-07,569.01,True
36990,209253738,ABT,2026-07-14,585.72,True
36990,209253738,ABT,2026-07-21,580.39,True
36990,209253738,ABT,2026-07-28,585.11,True
36990,209253738,ABT,2026-08-04,602.33,True
36990,209253738,ABT,2026-08-11,602.88,True
36990,209253738,BUY,2026-06-09,560.43,True
36990,209253738,BUY,2026-06-16,569.25,True
36990,209253738,BUY,2026-06-23,560.19,True
36990,209253738,BUY,2026-06-30,560.86,True
36990,209253738,BUY,2026-07-07,573.18,True
36990,209253738,BUY,2026-07-14,573.99,True
36990,209253738,BUY,2026-07-21,571.39,True
36990,209253738,BUY,2026-07-28,582.76,True
36990,209253738,BUY,2026-08-04,588.98,True
36990,209253738,BUY,2026-08-11,590.51,True
36988,209253739,ABT,2026-06-02,709.16,True
36988,209253739,ABT,2026-06-09,702.86,True
36988,209253739,ABT,2026-06-16,701.09,True
36988,209253739,ABT,2026-06-23,697.36,True
36988,209253739,ABT,2026-06-30,703.64,True
36988,209253739,ABT,2026-07-07,692.1,True
36988,209253739,ABT,2026-07-14,697.51,True
36988,209253739,ABT,2026-07-21,595.21,True
36988,209253739,ABT,2026-07-28,602.57,True
36988,209253739,ABT,2026-08-04,601.66,True
36988,209253739,ABT,2026-08-11,606.38,True
36988,209253739,BUY,2026-06-02,700.23,True
36988,209253739,BUY,2026-06-09,716.51,True
36988,209253739,BUY,2026-06-16,795.42,True
36988,209253739,BUY,2026-06-23,807.96,True
36988,209253739,BUY,2026-06-30,776.69,True
36988,209253739,BUY,2026-07-07,775.19,True
36988,209253739,BUY,2026-07-14,780.66,True
36988,209253739,BUY,2026-07-21,782.48,True
36988,209253739,BUY,2026-07-28,793.58,True
36988,209253739,BUY,2026-08-04,797.15,True
36988,209253739,BUY,2026-08-11,794.82,True
33272,209273200,ABT,2026-06-23,294.43,True
33272,209273200,ABT,2026-06-30,291.71,True
33272,209273200,ABT,2026-07-07,267.21,True
33272,209273200,ABT,2026-07-14,262.68,True
33272,209273200,ABT,2026-07-21,269.8,True
33272,209273200,ABT,2026-07-28,268.9,True
33272,209273200,ABT,2026-08-04,269.47,True
33272,209273200,ABT,2026-08-11,262.7,True
33272,209273200,BUY,2026-06-23,282.23,True
33272,209273200,BUY,2026-06-30,286.05,True
33272,209273200,BUY,2026-07-07,287.27,True
33272,209273200,BUY,2026-07-14,249.81,True
33272,209273200,BUY,2026-07-21,248.31,True
33272,209273200,BUY,2026-07-28,241.94,True
33272,209273200,BUY,2026-08-04,246.46,True
33272,209273200,BUY,2026-08-11,214.76,True
34968,209297152,ABT,2026-06-16,41.74,True
34968,209297152,ABT,2026-06-23,42.37,True
34968,209297152,ABT,2026-06-30,42.05,True
34968,209297152,ABT,2026-07-07,41.15,True
34968,209297152,ABT,2026-07-14,40.93,True
34968,209297152,ABT,2026-07-21,41.42,True
34968,209297152,ABT,2026-07-28,35.78,True
34968,209297152,ABT,2026-08-04,36.09,True
34968,209297152,ABT,2026-08-11,37.5,True
34968,209297152,BUY,2026-06-16,41.35,True
34968,209297152,BUY,2026-06-23,36.3,True
34968,209297152,BUY,2026-06-30,32.86,True
34968,209297152,BUY,2026-07-07,31.93,True
34968,209297152,BUY,2026-07-14,31.61,True
34968,209297152,BUY,2026-07-21,31.0,True
34968,209297152,BUY,2026-07-28,31.6,True
34968,209297152,BUY,2026-08-04,30.6,True
34968,209297152,BUY,2026-08-11,26.16,True
34001,209297154,ABT,2026-06-09,127.38,True
34001,209297154,ABT,2026-06-16,128.9,True
34001,209297154,ABT,2026-06-23,131.25,True
34001,209297154,ABT,2026-06-30,130.14,True
34001,209297154,ABT,2026-07-07,128.42,True
34001,209297154,ABT,2026-07-14,110.48,True
34001,209297154,ABT,2026-07-21,111.26,True
34001,209297154,ABT,2026-07-28,112.45,True
34001,209297154,ABT,2026-08-04,113.95,True
34001,209297154,ABT,2026-08-11,111.11,True
34001,209297154,BUY,2026-06-09,111.17,True
34001,209297154,BUY,2026-06-16,113.42,True
34001,209297154,BUY,2026-06-23,113.04,True
34001,209297154,BUY,2026-06-30,114.38,True
34001,209297154,BUY,2026-07-07,116.01,True
34001,209297154,BUY,2026-07-14,115.37,True
34001,209297154,BUY,2026-07-21,117.47,True
34001,209297154,BUY,2026-07-28,116.8,True
34001,209297154,BUY,2026-08-04,114.0,True
34001,209297154,BUY,2026-08-11,115.72,True
34854,209297157,ABT,2026-05-26,380.09,True
34854,209297157,ABT,2026-06-02,410.94,True
34854,209297157,ABT,2026-06-09,388.06,True
34854,209297157,ABT,2026-06-16,389.45,True
34854,209297157,ABT,2026-06-23,394.67,True
34854,209297157,ABT,2026-06-30,384.94,True
34854,209297157,ABT,2026-07-07,385.13,True
34854,209297157,ABT,2026-07-14,382.98,True
34854,209297157,ABT,2026-07-21,375.33,True
34854,209297157,ABT,2026-07-28,377.01,True
34854,209297157,ABT,2026-08-04,378.08,True
34854,209297157,ABT,2026-08-11,379.17,True
34854,209297157,BUY,2026-05-26,375.91,True
34854,209297157,BUY,2026-06-02,383.5,True
34854,209297157,BUY,2026-06-09,389.42,True
34854,209297157,BUY,2026-06-16,381.23,True
34854,209297157,BUY,2026-06-23,381.32,True
34854,209297157,BUY,2026-06-30,389.18,True
34854,209297157,BUY,2026-07-07,392.82,True
34854,209297157,BUY,2026-07-14,387.89,True
34854,209297157,BUY,2026-07-21,439.34,True
34854,209297157,BUY,2026-07-28,399.43,True
34854,209297157,BUY,2026-08-04,402.06,True
34854,209297157,BUY,2026-08-11,412.1,True
15046,209297200,ABT,2026-06-09,310.37,True
15046,209297200,ABT,2026-06-16,313.27,True
15046,209297200,ABT,2026-06-23,286.48,True
15046,209297200,ABT,2026-06-30,277.84,True
15046,209297200,ABT,2026-07-07,271.31,True
15046,209297200,ABT,2026-07-14,260.46,True
15046,209297200,ABT,2026-07-21,261.35,True
15046,209297200,ABT,2026-07-28,259.51,True
15046,209297200,ABT,2026-08-04,254.56,True
15046,209297200,ABT,2026-08-11,219.85,True
15046,209297200,BUY,2026-06-09,313.16,True
15046,209297200,BUY,2026-06-16,313.05,True
15046,209297200,BUY,2026-06-23,316.11,True
15046,209297200,BUY,2026-06-30,315.32,True
15046,209297200,BUY,2026-07-07,320.37,True
15046,209297200,BUY,2026-07-14,322.2,True
15046,209297200,BUY,2026-07-21,325.18,True
15046,209297200,BUY,2026-07-28,329.64,True
15046,209297200,BUY,2026-08-04,341.61,True
15046,209297200,BUY,2026-08-11,339.64,True
30575,209297205,ABT,2026-05-26,266.21,True
30575,209297205,ABT,2026-06-02,274.1,True
30575,209297205,ABT,2026-06-09,278.47,True
30575,209297205,ABT,2026-06-16,283.18,True
30575,209297205,ABT,2026-06-23,284.24,True
30575,209297205,ABT,2026-06-30,270.4,True
30575,209297205,ABT,2026-07-07,275.52,True
30575,209297205,ABT,2026-07-14,277.86,True
30575,209297205,ABT,2026-07-21,267.9,True
30575,209297205,ABT,2026-07-28,261.89,True
30575,209297205,ABT,2026-08-04,254.39,True
30575,209297205,ABT,2026-08-11,258.3,True
30575,209297205,BUY,2026-05-26,275.16,True
30575,209297205,BUY,2026-06-02,297.27,True
30575,209297205,BUY,2026-06-09,290.39,True
30575,209297205,BUY,2026-06-16,257.49,True
30575,209297205,BUY,2026-06-23,261.44,True
30575,209297205,BUY,2026-06-30,257.82,True
30575,209297205,BUY,2026-07-07,261.97,True
30575,209297205,BUY,2026-07-14,262.78,True
30575,209297205,BUY,2026-07-21,263.16,True
30575,209297205,BUY,2026-07-28,266.26,True
30575,209297205,BUY,2026-08-04,272.28,True
30575,209297205,BUY,2026-08-11,273.55,True
37301,209302310,ABT,2026-06-09,953.46,True
37301,209302310,ABT,2026-06-16,931.41,True
37301,209302310,ABT,2026-06-23,919.41,True
37301,209302310,ABT,2026-06-30,911.95,True
37301,209302310,ABT,2026-07-07,926.4,True
37301,209302310,ABT,2026-07-14,882.25,True
37301,209302310,ABT,2026-07-21,864.58,True
37301,209302310,ABT,2026-07-28,787.1,True
37301,209302310,ABT,2026-08-04,679.43,True
37301,209302310,ABT,2026-08-11,616.16,True
37301,209302310,BUY,2026-06-09,1018.14,True
37301,209302310,BUY,2026-06-16,1033.33,True
37301,209302310,BUY,2026-06-23,1012.54,True
37301,209302310,BUY,2026-06-30,1010.65,True
37301,209302310,BUY,2026-07-07,1165.5,True
37301,209302310,BUY,2026-07-14,1077.85,True
37301,209302310,BUY,2026-07-21,1090.72,True
37301,209302310,BUY,2026-07-28,1094.67,True
37301,209302310,BUY,2026-08-04,1079.55,True
37301,209302310,BUY,2026-08-11,1044.37,True
36824,209306028,ABT,2026-06-16,2654.28,True
36824,209306028,ABT,2026-06-23,2629.43,True
36824,209306028,ABT,2026-06-30,2588.72,True
36824,209306028,ABT,2026-07-07,2641.53,True
36824,209306028,ABT,2026-07-14,2736.41,True
36824,209306028,ABT,2026-07-21,2744.15,True
36824,209306028,ABT,2026-07-28,2745.4,True
36824,209306028,ABT,2026-08-04,2627.75,True
36824,209306028,ABT,2026-08-11,2582.83,True
36824,209306028,BUY,2026-06-16,2760.54,True
36824,209306028,BUY,2026-06-23,2648.64,True
36824,209306028,BUY,2026-06-30,2694.27,True
36824,209306028,BUY,2026-07-07,2738.34,True
36824,209306028,BUY,2026-07-14,2744.76,True
36824,209306028,BUY,2026-07-21,2746.11,True
36824,209306028,BUY,2026-07-28,2744.72,True
36824,209306028,BUY,2026-08-04,2738.58,True
36824,209306028,BUY,2026-08-11,2715.36,True
36502,209306029,ABT,2026-06-09,586.42,True
36502,209306029,ABT,2026-06-16,579.46,True
36502,209306029,ABT,2026-06-23,601.17,True
36502,209306029,ABT,2026-06-30,621.26,True
36502,209306029,ABT,2026-07-07,629.0,True
36502,209306029,ABT,2026-07-14,614.33,True
36502,209306029,ABT,2026-07-21,621.36,True
36502,209306029,ABT,2026-07-28,624.33,True
36502,209306029,ABT,2026-08-04,620.51,True
36502,209306029,ABT,2026-08-11,613.5,True
36502,209306029,BUY,2026-06-09,605.62,True
36502,209306029,BUY,2026-06-16,606.39,True
36502,209306029,BUY,2026-06-23,538.07,True
36502,209306029,BUY,2026-06-30,476.06,True
36502,209306029,BUY,2026-07-07,423.26,True
36502,209306029,BUY,2026-07-14,429.93,True
36502,209306029,BUY,2026-07-21,437.1,True
36502,209306029,BUY,2026-07-28,449.73,True
36502,209306029,BUY,2026-08-04,447.77,True
36502,209306029,BUY,2026-08-11,463.19,True
37322,209307663,ABT,2026-05-26,959.27,True
37322,209307663,ABT,2026-06-02,978.36,True
37322,209307663,ABT,2026-06-09,966.43,True
37322,209307663,ABT,2026-06-16,955.77,True
37322,209307663,ABT,2026-06-23,966.31,True
37322,209307663,ABT,2026-06-30,979.21,True
37322,209307663,ABT,2026-07-07,994.17,True
37322,209307663,ABT,2026-07-14,918.78,True
37322,209307663,ABT,2026-07-21,911.31,True
37322,209307663,ABT,2026-07-28,912.8,True
37322,209307663,ABT,2026-08-04,905.73,True
37322,209307663,ABT,2026-08-11,919.63,True
37322,209307663,BUY,2026-05-26,957.21,True
37322,209307663,BUY,2026-06-02,961.73,True
37322,209307663,BUY,2026-06-09,947.52,True
37322,209307663,BUY,2026-06-16,955.91,True
37322,209307663,BUY,2026-06-23,961.29,True
37322,209307663,BUY,2026-06-30,954.72,True
37322,209307663,BUY,2026-07-07,991.23,True
37322,209307663,BUY,2026-07-14,1080.67,True
37322,209307663,BUY,2026-07-21,1088.64,True
37322,209307663,BUY,2026-07-28,1087.82,True
37322,209307663,BUY,2026-08-04,1201.41,True
37322,209307663,BUY,2026-08-11,1216.94,True
37468,209310241,ABT,2026-06-02,292.92,True
37468,209310241,ABT,2026-06-09,272.02,True
37468,209310241,ABT,2026-06-16,271.26,True
37468,209310241,ABT,2026-06-23,268.9,True
37468,209310241,ABT,2026-06-30,264.99,True
37468,209310241,ABT,2026-07-07,232.82,True
37468,209310241,ABT,2026-07-14,234.37,True
37468,209310241,ABT,2026-07-21,235.65,True
37468,209310241,ABT,2026-07-28,240.72,True
37468,209310241,ABT,2026-08-04,236.08,True
37468,209310241,ABT,2026-08-11,240.42,True
37468,209310241,BUY,2026-06-02,309.22,True
37468,209310241,BUY,2026-06-09,309.91,True
37468,209310241,BUY,2026-06-16,309.15,True
37468,209310241,BUY,2026-06-23,313.53,True
37468,209310241,BUY,2026-06-30,318.06,True
37468,209310241,BUY,2026-07-07,321.42,True
37468,209310241,BUY,2026-07-14,294.27,True
37468,209310241,BUY,2026-07-21,289.28,True
37468,209310241,BUY,2026-07-28,291.67,True
37468,209310241,BUY,2026-08-04,295.79,True
37468,209310241,BUY,2026-08-11,296.9,True
37964,209310243,ABT,2026-06-23,242.1,True
37964,209310243,ABT,2026-06-30,245.02,True
37964,209310243,ABT,2026-07-07,251.57,True
37964,209310243,ABT,2026-07-14,248.54,True
37964,209310243,ABT,2026-07-21,250.55,True
37964,209310243,ABT,2026-07-28,252.35,True
37964,209310243,ABT,2026-08-04,252.69,True
37964,209310243,ABT,2026-08-11,252.73,True
37964,209310243,BUY,2026-06-23,257.78,True
37964,209310243,BUY,2026-06-30,256.78,True
37964,209310243,BUY,2026-07-07,255.92,True
37964,209310243,BUY,2026-07-14,248.32,True
37964,209310243,BUY,2026-07-21,209.22,True
37964,209310243,BUY,2026-07-28,186.06,True
37964,209310243,BUY,2026-08-04,182.29,True
37964,209310243,BUY,2026-08-11,180.95,True
37474,209310245,ABT,2026-06-16,297.2,True
37474,209310245,ABT,2026-06-23,302.34,True
37474,209310245,ABT,2026-06-30,296.65,True
37474,209310245,ABT,2026-07-07,296.01,True
37474,209310245,ABT,2026-07-14,296.16,True
37474,209310245,ABT,2026-07-21,295.36,True
37474,209310245,ABT,2026-07-28,293.95,True
37474,209310245,ABT,2026-08-04,293.89,True
37474,209310245,ABT,2026-08-11,295.35,True
37474,209310245,BUY,2026-06-16,296.22,True
37474,209310245,BUY,2026-06-23,293.09,True
37474,209310245,BUY,2026-06-30,292.82,True
37474,209310245,BUY,2026-07-07,257.95,True
37474,209310245,BUY,2026-07-14,225.54,True
37474,209310245,BUY,2026-07-21,228.77,True
37474,209310245,BUY,2026-07-28,232.66,True
37474,209310245,BUY,2026-08-04,230.93,True
37474,209310245,BUY,2026-08-11,231.38,True
37469,209310248,ABT,2026-06-23,411.07,True
37469,209310248,ABT,2026-06-30,480.24,True
37469,209310248,ABT,2026-07-07,495.61,True
37469,209310248,ABT,2026-07-14,492.64,True
37469,209310248,ABT,2026-07-21,489.41,True
37469,209310248,ABT,2026-07-28,492.28,True
37469,209310248,ABT,2026-08-04,496.6,True
37469,209310248,ABT,2026-08-11,500.84,True
37469,209310248,BUY,2026-06-23,412.32,True
37469,209310248,BUY,2026-06-30,419.3,True
37469,209310248,BUY,2026-07-07,459.09,True
37469,209310248,BUY,2026-07-14,452.15,True
37469,209310248,BUY,2026-07-21,451.91,True
37469,209310248,BUY,2026-07-28,414.0,True
37469,209310248,BUY,2026-08-04,410.71,True
37469,209310248,BUY,2026-08-11,414.94,True
37211,209310260,ABT,2026-05-26,48.82,True
37211,209310260,ABT,2026-06-02,48.6,True
37211,209310260,ABT,2026-06-09,48.69,True
37211,209310260,ABT,2026-06-16,49.97,True
37211,209310260,ABT,2026-06-23,50.38,True
37211,209310260,ABT,2026-06-30,51.29,True
37211,209310260,ABT,2026-07-07,50.8,True
37211,209310260,ABT,2026-07-14,50.36,True
37211,209310260,ABT,2026-07-21,51.26,True
37211,209310260,ABT,2026-07-28,50.41,True
37211,209310260,ABT,2026-08-04,50.75,True
37211,209310260,ABT,2026-08-11,50.32,True
37211,209310260,BUY,2026-05-26,48.71,True
37211,209310260,BUY,2026-06-02,47.46,True
37211,209310260,BUY,2026-06-09,48.17,True
37211,209310260,BUY,2026-06-16,48.57,True
37211,209310260,BUY,2026-06-23,49.54,True
37211,209310260,BUY,2026-06-30,49.35,True
37211,209310260,BUY,2026-07-07,49.61,True
37211,209310260,BUY,2026-07-14,48.88,True
37211,209310260,BUY,2026-07-21,47.17,True
37211,209310260,BUY,2026-07-28,47.89,True
37211,209310260,BUY,2026-08-04,47.65,True
37211,209310260,BUY,2026-08-11,41.83,True
38834,209310268,ABT,2026-05-26,573.12,True
38834,209310268,ABT,2026-06-02,573.38,True
38834,209310268,ABT,2026-06-09,567.66,True
38834,209310268,ABT,2026-06-16,560.93,True
38834,209310268,ABT,2026-06-23,557.38,True
38834,209310268,ABT,2026-06-30,554.79,True
38834,209310268,ABT,2026-07-07,554.21,True
38834,209310268,ABT,2026-07-14,558.44,True
38834,209310268,ABT,2026-07-21,552.54,True
38834,209310268,ABT,2026-07-28,541.09,True
38834,209310268,ABT,2026-08-04,535.82,True
38834,209310268,ABT,2026-08-11,534.15,True
38834,209310268,BUY,2026-05-26,539.11,True
38834,209310268,BUY,2026-06-02,540.99,True
38834,209310268,BUY,2026-06-09,509.46,True
38834,209310268,BUY,2026-06-16,419.26,True
38834,209310268,BUY,2026-06-23,401.85,True
38834,209310268,BUY,2026-06-30,412.39,True
38834,209310268,BUY,2026-07-07,411.75,True
38834,209310268,BUY,2026-07-14,413.43,True
38834,209310268,BUY,2026-07-21,422.44,True
38834,209310268,BUY,2026-07-28,409.57,True
38834,209310268,BUY,2026-08-04,399.46,True
38834,209310268,BUY,2026-08-11,404.47,True
38796,209310279,ABT,2026-06-23,20.61,True
38796,209310279,ABT,2026-06-30,21.08,True
38796,209310279,ABT,2026-07-07,20.88,True
38796,209310279,ABT,2026-07-14,20.87,True
38796,209310279,ABT,2026-07-21,20.35,True
38796,209310279,ABT,2026-07-28,20.12,True
38796,209310279,ABT,2026-08-04,20.24,True
38796,209310279,ABT,2026-08-11,20.3,True
38796,209310279,BUY,2026-06-23,19.83,True
38796,209310279,BUY,2026-06-30,20.19,True
38796,209310279,BUY,2026-07-07,20.34,True
38796,209310279,BUY,2026-07-14,20.14,True
38796,209310279,BUY,2026-07-21,18.98,True
38796,209310279,BUY,2026-07-28,19.17,True
38796,209310279,BUY,2026-08-04,19.47,True
38796,209310279,BUY,2026-08-11,19.58,True
38324,209393521,ABT,2026-06-02,17.4,True
38324,209393521,ABT,2026-06-09,17.6,True
38324,209393521,ABT,2026-06-16,17.46,True
38324,209393521,ABT,2026-06-23,17.09,True
38324,209393521,ABT,2026-06-30,17.5,True
38324,209393521,ABT,2026-07-07,17.39,True
38324,209393521,ABT,2026-07-14,17.45,True
38324,209393521,ABT,2026-07-21,16.18,True
38324,209393521,ABT,2026-07-28,15.22,True
38324,209393521,ABT,2026-08-04,14.01,True
38324,209393521,ABT,2026-08-11,13.41,True
38324,209393521,BUY,2026-06-02,19.15,True
38324,209393521,BUY,2026-06-09,17.4,True
38324,209393521,BUY,2026-06-16,15.31,True
38324,209393521,BUY,2026-06-23,15.66,True
38324,209393521,BUY,2026-06-30,15.72,True
38324,209393521,BUY,2026-07-07,15.87,True
38324,209393521,BUY,2026-07-14,15.94,True
38324,209393521,BUY,2026-07-21,16.0,True
38324,209393521,BUY,2026-07-28,16.54,True
38324,209393521,BUY,2026-08-04,16.31,True
38324,209393521,BUY,2026-08-11,16.02,True
36450,209393872,ABT,2026-06-23,1874.99,True
36450,209393872,ABT,2026-06-30,1898.89,True
36450,209393872,ABT,2026-07-07,1906.56,True
36450,209393872,ABT,2026-07-14,1873.17,True
36450,209393872,ABT,2026-07-21,1836.5,True
36450,209393872,ABT,2026-07-28,1847.97,True
36450,209393872,ABT,2026-08-04,1864.84,True
36450,209393872,ABT,2026-08-11,1863.31,True
36450,209393872,BUY,2026-06-23,1894.62,True
36450,209393872,BUY,2026-06-30,1924.49,True
36450,209393872,BUY,2026-07-07,1932.78,True
36450,209393872,BUY,2026-07-14,1931.07,True
36450,209393872,BUY,2026-07-21,1941.2,True
36450,209393872,BUY,2026-07-28,1904.79,True
36450,209393872,BUY,2026-08-04,1934.7,True
36450,209393872,BUY,2026-08-11,1898.81,True
37477,209634135,ABT,2026-06-16,302.14,True
37477,209634135,ABT,2026-06-23,306.28,True
37477,209634135,ABT,2026-06-30,307.6,True
37477,209634135,ABT,2026-07-07,310.0,True
37477,209634135,ABT,2026-07-14,294.4,True
37477,209634135,ABT,2026-07-21,285.46,True
37477,209634135,ABT,2026-07-28,289.7,True
37477,209634135,ABT,2026-08-04,291.53,True
37477,209634135,ABT,2026-08-11,299.65,True
37477,209634135,BUY,2026-06-16,299.42,True
37477,209634135,BUY,2026-06-23,299.75,True
37477,209634135,BUY,2026-06-30,300.02,True
37477,209634135,BUY,2026-07-07,279.81,True
37477,209634135,BUY,2026-07-14,261.04,True
37477,209634135,BUY,2026-07-21,246.66,True
37477,209634135,BUY,2026-07-28,248.42,True
37477,209634135,BUY,2026-08-04,249.24,True
37477,209634135,BUY,2026-08-11,252.16,True
36722,209656935,ABT,2026-06-02,49.49,True
36722,209656935,ABT,2026-06-09,48.75,True
36722,209656935,ABT,2026-06-16,50.02,True
36722,209656935,ABT,2026-06-23,49.89,True
36722,209656935,ABT,2026-06-30,50.07,True
36722,209656935,ABT,2026-07-07,48.7,True
36722,209656935,ABT,2026-07-14,49.24,True
36722,209656935,ABT,2026-07-21,49.57,True
36722,209656935,ABT,2026-07-28,49.2,True
36722,209656935,ABT,2026-08-04,49.38,True
36722,209656935,ABT,2026-08-11,49.27,True
36722,209656935,BUY,2026-06-02,50.84,True
36722,209656935,BUY,2026-06-09,50.32,True
36722,209656935,BUY,2026-06-16,50.79,True
36722,209656935,BUY,2026-06-23,49.81,True
36722,209656935,BUY,2026-06-30,44.22,True
36722,209656935,BUY,2026-07-07,39.87,True
36722,209656935,BUY,2026-07-14,35.94,True
36722,209656935,BUY,2026-07-21,31.75,True
36722,209656935,BUY,2026-07-28,32.6,True
36722,209656935,BUY,2026-08-04,32.55,True
36722,209656935,BUY,2026-08-11,31.98,True
37183,209656949,ABT,2026-06-23,382.73,True
37183,209656949,ABT,2026-06-30,382.96,True
37183,209656949,ABT,2026-07-07,379.23,True
37183,209656949,ABT,2026-07-14,382.02,True
37183,209656949,ABT,2026-07-21,379.25,True
37183,209656949,ABT,2026-07-28,434.68,True
37183,209656949,ABT,2026-08-04,431.99,True
37183,209656949,ABT,2026-08-11,436.01,True
37183,209656949,BUY,2026-06-23,381.43,True
37183,209656949,BUY,2026-06-30,382.6,True
37183,209656949,BUY,2026-07-07,381.07,True
37183,209656949,BUY,2026-07-14,362.84,True
37183,209656949,BUY,2026-07-21,405.0,True
37183,209656949,BUY,2026-07-28,403.18,True
37183,209656949,BUY,2026-08-04,403.29,True
37183,209656949,BUY,2026-08-11,391.72,True
37208,209656950,ABT,2026-06-02,225.42,True
37208,209656950,ABT,2026-06-09,225.07,True
37208,209656950,ABT,2026-06-16,223.63,True
37208,209656950,ABT,2026-06-23,221.15,True
37208,209656950,ABT,2026-06-30,221.36,True
37208,209656950,ABT,2026-07-07,219.51,True
37208,209656950,ABT,2026-07-14,218.63,True
37208,209656950,ABT,2026-07-21,222.79,True
37208,209656950,ABT,2026-07-28,220.44,True
37208,209656950,ABT,2026-08-04,222.27,True
37208,209656950,ABT,2026-08-11,223.36,True
37208,209656950,BUY,2026-06-02,216.29,True
37208,209656950,BUY,2026-06-09,212.6,True
37208,209656950,BUY,2026-06-16,212.33,True
37208,209656950,BUY,2026-06-23,215.31,True
37208,209656950,BUY,2026-06-30,219.04,True
37208,209656950,BUY,2026-07-07,244.2,True
37208,209656950,BUY,2026-07-14,240.02,True
37208,209656950,BUY,2026-07-21,220.5,True
37208,209656950,BUY,2026-07-28,226.09,True
37208,209656950,BUY,2026-08-04,224.65,True
37208,209656950,BUY,2026-08-11,226.11,True
37187,209656951,ABT,2026-06-23,143.87,True
37187,209656951,ABT,2026-06-30,142.13,True
37187,209656951,ABT,2026-07-07,132.99,True
37187,209656951,ABT,2026-07-14,134.53,True
37187,209656951,ABT,2026-07-21,134.7,True
37187,209656951,ABT,2026-07-28,134.59,True
37187,209656951,ABT,2026-08-04,131.74,True
37187,209656951,ABT,2026-08-11,130.49,True
37187,209656951,BUY,2026-06-23,133.19,True
37187,209656951,BUY,2026-06-30,132.15,True
37187,209656951,BUY,2026-07-07,131.73,True
37187,209656951,BUY,2026-07-14,131.96,True
37187,209656951,BUY,2026-07-21,133.67,True
37187,209656951,BUY,2026-07-28,137.3,True
37187,209656951,BUY,2026-08-04,136.26,True
37187,209656951,BUY,2026-08-11,135.01,True
37192,209656955,ABT,2026-06-23,149.7,True
37192,209656955,ABT,2026-06-30,148.19,True
37192,209656955,ABT,2026-07-07,151.04,True
37192,209656955,ABT,2026-07-14,148.94,True
37192,209656955,ABT,2026-07-21,146.38,True
37192,209656955,ABT,2026-07-28,132.59,True
37192,209656955,ABT,2026-08-04,130.99,True
37192,209656955,ABT,2026-08-11,132.14,True
37192,209656955,BUY,2026-06-23,150.05,True
37192,209656955,BUY,2026-06-30,149.22,True
37192,209656955,BUY,2026-07-07,151.45,True
37192,209656955,BUY,2026-07-14,150.98,True
37192,209656955,BUY,2026-07-21,152.06,True
37192,209656955,BUY,2026-07-28,150.27,True
37192,209656955,BUY,2026-08-04,149.42,True
37192,209656955,BUY,2026-08-11,145.7,True
37196,209656956,ABT,2026-05-26,146.43,True
37196,209656956,ABT,2026-06-02,149.68,True
37196,209656956,ABT,2026-06-09,151.25,True
37196,209656956,ABT,2026-06-16,149.38,True
37196,209656956,ABT,2026-06-23,148.49,True
37196,209656956,ABT,2026-06-30,145.41,True
37196,209656956,ABT,2026-07-07,148.74,True
37196,209656956,ABT,2026-07-14,148.9,True
37196,209656956,ABT,2026-07-21,146.17,True
37196,209656956,ABT,2026-07-28,146.38,True
37196,209656956,ABT,2026-08-04,157.53,True
37196,209656956,ABT,2026-08-11,154.9,True
37196,209656956,BUY,2026-05-26,149.23,True
37196,209656956,BUY,2026-06-02,149.47,True
37196,209656956,BUY,2026-06-09,149.86,True
37196,209656956,BUY,2026-06-16,150.41,True
37196,209656956,BUY,2026-06-23,151.97,True
37196,209656956,BUY,2026-06-30,152.05,True
37196,209656956,BUY,2026-07-07,153.15,True
37196,209656956,BUY,2026-07-14,146.48,True
37196,209656956,BUY,2026-07-21,149.92,True
37196,209656956,BUY,2026-07-28,152.6,True
37196,209656956,BUY,2026-08-04,150.18,True
37196,209656956,BUY,2026-08-11,146.57,True
37198,209656957,ABT,2026-06-09,142.51,True
37198,209656957,ABT,2026-06-16,145.21,True
37198,209656957,ABT,2026-06-23,147.92,True
37198,209656957,ABT,2026-06-30,149.3,True
37198,209656957,ABT,2026-07-07,150.68,True
37198,209656957,ABT,2026-07-14,154.8,True
37198,209656957,ABT,2026-07-21,154.45,True
37198,209656957,ABT,2026-07-28,151.14,True
37198,209656957,ABT,2026-08-04,150.51,True
37198,209656957,ABT,2026-08-11,167.81,True
37198,209656957,BUY,2026-06-09,144.6,True
37198,209656957,BUY,2026-06-16,144.47,True
37198,209656957,BUY,2026-06-23,147.7,True
37198,209656957,BUY,2026-06-30,147.29,True
37198,209656957,BUY,2026-07-07,146.48,True
37198,209656957,BUY,2026-07-14,147.81,True
37198,209656957,BUY,2026-07-21,147.01,True
37198,209656957,BUY,2026-07-28,143.58,True
37198,209656957,BUY,2026-08-04,141.15,True
37198,209656957,BUY,2026-08-11,141.6,True
37202,209656959,ABT,2026-06-23,138.07,True
37202,209656959,ABT,2026-06-30,132.35,True
37202,209656959,ABT,2026-07-07,128.71,True
37202,209656959,ABT,2026-07-14,127.24,True
37202,209656959,ABT,2026-07-21,139.37,True
37202,209656959,ABT,2026-07-28,138.94,True
37202,209656959,ABT,2026-08-04,140.35,True
37202,209656959,ABT,2026-08-11,136.83,True
37202,209656959,BUY,2026-06-23,120.92,True
37202,209656959,BUY,2026-06-30,118.11,True
37202,209656959,BUY,2026-07-07,120.93,True
37202,209656959,BUY,2026-07-14,119.06,True
37202,209656959,BUY,2026-07-21,119.72,True
37202,209656959,BUY,2026-07-28,117.46,True
37202,209656959,BUY,2026-08-04,116.32,True
37202,209656959,BUY,2026-08-11,118.77,True
37210,209656961,ABT,2026-06-23,223.41,True
37210,209656961,ABT,2026-06-30,224.5,True
37210,209656961,ABT,2026-07-07,226.19,True
37210,209656961,ABT,2026-07-14,222.79,True
37210,209656961,ABT,2026-07-21,224.2,True
37210,209656961,ABT,2026-07-28,225.16,True
37210,209656961,ABT,2026-08-04,220.62,True
37210,209656961,ABT,2026-08-11,225.04,True
37210,209656961,BUY,2026-06-23,217.93,True
37210,209656961,BUY,2026-06-30,214.19,True
37210,209656961,BUY,2026-07-07,211.04,True
37210,209656961,BUY,2026-07-14,216.66,True
37210,209656961,BUY,2026-07-21,216.22,True
37210,209656961,BUY,2026-07-28,215.63,True
37210,209656961,BUY,2026-08-04,210.87,True
37210,209656961,BUY,2026-08-11,208.91,True
37207,209656962,ABT,2026-06-09,148.01,True
37207,209656962,ABT,2026-06-16,145.26,True
37207,209656962,ABT,2026-06-23,141.81,True
37207,209656962,ABT,2026-06-30,141.26,True
37207,209656962,ABT,2026-07-07,142.69,True
37207,209656962,ABT,2026-07-14,145.12,True
37207,209656962,ABT,2026-07-21,160.83,True
37207,209656962,ABT,2026-07-28,162.47,True
37207,209656962,ABT,2026-08-04,165.45,True
37207,209656962,ABT,2026-08-11,160.39,True
37207,209656962,BUY,2026-06-09,147.0,True
37207,209656962,BUY,2026-06-16,149.45,True
37207,209656962,BUY,2026-06-23,150.11,True
37207,209656962,BUY,2026-06-30,149.05,True
37207,209656962,BUY,2026-07-07,147.5,True
37207,209656962,BUY,2026-07-14,147.75,True
37207,209656962,BUY,2026-07-21,150.06,True
37207,209656962,BUY,2026-07-28,148.26,True
37207,209656962,BUY,2026-08-04,146.24,True
37207,209656962,BUY,2026-08-11,149.71,True
37201,209656971,ABT,2026-06-09,178.66,True
37201,209656971,ABT,2026-06-16,179.63,True
37201,209656971,ABT,2026-06-23,176.47,True
37201,209656971,ABT,2026-06-30,176.91,True
37201,209656971,ABT,2026-07-07,175.64,True
37201,209656971,ABT,2026-07-14,176.92,True
37201,209656971,ABT,2026-07-21,155.38,True
37201,209656971,ABT,2026-07-28,141.28,True
37201,209656971,ABT,2026-08-04,132.09,True
37201,209656971,ABT,2026-08-11,119.03,True
37201,209656971,BUY,2026-06-09,178.99,True
37201,209656971,BUY,2026-06-16,179.19,True
37201,209656971,BUY,2026-06-23,184.19,True
37201,209656971,BUY,2026-06-30,185.62,True
37201,209656971,BUY,2026-07-07,185.66,True
37201,209656971,BUY,2026-07-14,188.92,True
37201,209656971,BUY,2026-07-21,188.76,True
37201,209656971,BUY,2026-07-28,186.0,True
37201,209656971,BUY,2026-08-04,187.35,True
37201,209656971,BUY,2026-08-11,184.98,True
36515,209687172,ABT,2026-06-02,79.96,True
36515,209687172,ABT,2026-06-09,78.92,True
36515,209687172,ABT,2026-06-16,80.35,True
36515,209687172,ABT,2026-06-23,79.24,True
36515,209687172,ABT,2026-06-30,77.43,True
36515,209687172,ABT,2026-07-07,78.44,True
36515,209687172,ABT,2026-07-14,78.62,True
36515,209687172,ABT,2026-07-21,68.38,True
36515,209687172,ABT,2026-07-28,69.27,True
36515,209687172,ABT,2026-08-04,69.16,True
36515,209687172,ABT,2026-08-11,68.14,True
36515,209687172,BUY,2026-06-02,91.57,True
36515,209687172,BUY,2026-06-09,89.64,True
36515,209687172,BUY,2026-06-16,89.14,True
36515,209687172,BUY,2026-06-23,90.43,True
36515,209687172,BUY,2026-06-30,89.44,True
36515,209687172,BUY,2026-07-07,88.4,True
36515,209687172,BUY,2026-07-14,88.78,True
36515,209687172,BUY,2026-07-21,89.14,True
36515,209687172,BUY,2026-07-28,90.39,True
36515,209687172,BUY,2026-08-04,90.88,True
36515,209687172,BUY,2026-08-11,91.55,True
38794,209704118,ABT,2026-05-26,20.98,True
38794,209704118,ABT,2026-06-02,21.42,True
38794,209704118,ABT,2026-06-09,21.8,True
38794,209704118,ABT,2026-06-16,21.73,True
38794,209704118,ABT,2026-06-23,21.95,True
38794,209704118,ABT,2026-06-30,21.85,True
38794,209704118,ABT,2026-07-07,22.04,True
38794,209704118,ABT,2026-07-14,22.23,True
38794,209704118,ABT,2026-07-21,22.29,True
38794,209704118,ABT,2026-07-28,22.22,True
38794,209704118,ABT,2026-08-04,22.42,True
38794,209704118,ABT,2026-08-11,22.35,True
38794,209704118,BUY,2026-05-26,22.01,True
38794,209704118,BUY,2026-06-02,21.72,True
38794,209704118,BUY,2026-06-09,21.62,True
38794,209704118,BUY,2026-06-16,19.73,True
38794,209704118,BUY,2026-06-23,19.62,True
38794,209704118,BUY,2026-06-30,16.65,True
38794,209704118,BUY,2026-07-07,16.55,True
38794,209704118,BUY,2026-07-14,16.68,True
38794,209704118,BUY,2026-07-21,16.7,True
38794,209704118,BUY,2026-07-28,17.19,True
38794,209704118,BUY,2026-08-04,18.9,True
38794,209704118,BUY,2026-08-11,19.23,True
37181,209705773,ABT,2026-06-23,259.53,True
37181,209705773,ABT,2026-06-30,257.15,True
37181,209705773,ABT,2026-07-07,257.94,True
37181,209705773,ABT,2026-07-14,258.81,True
37181,209705773,ABT,2026-07-21,254.35,True
37181,209705773,ABT,2026-07-28,249.06,True
37181,209705773,ABT,2026-08-04,251.85,True
37181,209705773,ABT,2026-08-11,246.07,True
37181,209705773,BUY,2026-06-23,233.48,True
37181,209705773,BUY,2026-06-30,237.4,True
37181,209705773,BUY,2026-07-07,230.4,True
37181,209705773,BUY,2026-07-14,205.53,True
37181,209705773,BUY,2026-07-21,192.71,True
37181,209705773,BUY,2026-07-28,192.59,True
37181,209705773,BUY,2026-08-04,193.44,True
37181,209705773,BUY,2026-08-11,182.7,True
37182,209705774,ABT,2026-06-02,282.89,True
37182,209705774,ABT,2026-06-09,275.63,True
37182,209705774,ABT,2026-06-16,272.06,True
37182,209705774,ABT,2026-06-23,259.3,True
37182,209705774,ABT,2026-06-30,251.75,True
37182,209705774,ABT,2026-07-07,224.16,True
37182,209705774,ABT,2026-07-14,206.69,True
37182,209705774,ABT,2026-07-21,188.58,True
37182,209705774,ABT,2026-07-28,192.48,True
37182,209705774,ABT,2026-08-04,211.17,True
37182,209705774,ABT,2026-08-11,210.19,True
37182,209705774,BUY,2026-06-02,310.51,True
37182,209705774,BUY,2026-06-09,314.22,True
37182,209705774,BUY,2026-06-16,311.24,True
37182,209705774,BUY,2026-06-23,309.11,True
37182,209705774,BUY,2026-06-30,307.67,True
37182,209705774,BUY,2026-07-07,303.64,True
37182,209705774,BUY,2026-07-14,306.0,True
37182,209705774,BUY,2026-07-21,319.92,True
37182,209705774,BUY,2026-07-28,320.99,True
37182,209705774,BUY,2026-08-04,320.53,True
37182,209705774,BUY,2026-08-11,323.64,True
37403,209705777,ABT,2026-05-26,1020.22,True
37403,209705777,ABT,2026-06-02,932.42,True
37403,209705777,ABT,2026-06-09,840.42,True
37403,209705777,ABT,2026-06-16,771.61,True
37403,209705777,ABT,2026-06-23,720.02,True
37403,209705777,ABT,2026-06-30,660.19,True
37403,209705777,ABT,2026-07-07,606.02,True
37403,209705777,ABT,2026-07-14,614.25,True
37403,209705777,ABT,2026-07-21,546.94,True
37403,209705777,ABT,2026-07-28,544.06,True
37403,209705777,ABT,2026-08-04,527.17,True
37403,209705777,ABT,2026-08-11,533.22,True
37403,209705777,BUY,2026-05-26,1130.09,True
37403,209705777,BUY,2026-06-02,1113.32,True
37403,209705777,BUY,2026-06-09,1091.4,True
37403,209705777,BUY,2026-06-16,1148.28,True
37403,209705777,BUY,2026-06-23,1130.44,True
37403,209705777,BUY,2026-06-30,1123.5,True
37403,209705777,BUY,2026-07-07,1111.81,True
37403,209705777,BUY,2026-07-14,1111.22,True
37403,209705777,BUY,2026-07-21,1088.59,True
37403,209705777,BUY,2026-07-28,1100.99,True
37403,209705777,BUY,2026-08-04,1099.6,True
37403,209705777,BUY,2026-08-11,1101.59,True
37404,209705778,ABT,2026-05-26,1190.98,True
37404,209705778,ABT,2026-06-02,1197.99,True
37404,209705778,ABT,2026-06-09,1198.59,True
37404,209705778,ABT,2026-06-16,1100.65,True
37404,209705778,ABT,2026-06-23,1029.7,True
37404,209705778,ABT,2026-06-30,1030.1,True
37404,209705778,ABT,2026-07-07,1030.81,True
37404,209705778,ABT,2026-07-14,1014.81,True
37404,209705778,ABT,2026-07-21,1006.1,True
37404,209705778,ABT,2026-07-28,1008.77,True
37404,209705778,ABT,2026-08-04,979.92,True
37404,209705778,ABT,2026-08-11,979.41,True
37404,209705778,BUY,2026-05-26,1294.41,True
37404,209705778,BUY,2026-06-02,1299.23,True
37404,209705778,BUY,2026-06-09,1294.11,True
37404,209705778,BUY,2026-06-16,1297.27,True
37404,209705778,BUY,2026-06-23,1281.15,True
37404,209705778,BUY,2026-06-30,1268.38,True
37404,209705778,BUY,2026-07-07,1248.36,True
37404,209705778,BUY,2026-07-14,1222.12,True
37404,209705778,BUY,2026-07-21,1211.88,True
37404,209705778,BUY,2026-07-28,1206.48,True
37404,209705778,BUY,2026-08-04,1230.31,True
37404,209705778,BUY,2026-08-11,1222.03,True
38127,209720586,ABT,2026-06-16,150.4,True
38127,209720586,ABT,2026-06-23,148.01,True
38127,209720586,ABT,2026-06-30,153.98,True
38127,209720586,ABT,2026-07-07,154.44,True
38127,209720586,ABT,2026-07-14,168.42,True
38127,209720586,ABT,2026-07-21,167.19,True
38127,209720586,ABT,2026-07-28,170.4,True
38127,209720586,ABT,2026-08-04,168.84,True
38127,209720586,ABT,2026-08-11,166.57,True
38127,209720586,BUY,2026-06-16,169.27,True
38127,209720586,BUY,2026-06-23,170.79,True
38127,209720586,BUY,2026-06-30,174.58,True
38127,209720586,BUY,2026-07-07,168.82,True
38127,209720586,BUY,2026-07-14,168.94,True
38127,209720586,BUY,2026-07-21,164.77,True
38127,209720586,BUY,2026-07-28,162.8,True
38127,209720586,BUY,2026-08-04,162.16,True
38127,209720586,BUY,2026-08-11,161.12,True
34220,209869342,ABT,2026-06-09,305.19,True
34220,209869342,ABT,2026-06-16,300.13,True
34220,209869342,ABT,2026-06-23,301.16,True
34220,209869342,ABT,2026-06-30,304.58,True
34220,209869342,ABT,2026-07-07,297.85,True
34220,209869342,ABT,2026-07-14,301.45,True
34220,209869342,ABT,2026-07-21,300.28,True
34220,209869342,ABT,2026-07-28,289.59,True
34220,209869342,ABT,2026-08-04,291.17,True
34220,209869342,ABT,2026-08-11,284.11,True
34220,209869342,BUY,2026-06-09,294.97,True
34220,209869342,BUY,2026-06-16,293.97,True
34220,209869342,BUY,2026-06-23,299.38,True
34220,209869342,BUY,2026-06-30,292.95,True
34220,209869342,BUY,2026-07-07,293.98,True
34220,209869342,BUY,2026-07-14,287.54,True
34220,209869342,BUY,2026-07-21,291.43,True
34220,209869342,BUY,2026-07-28,256.64,True
34220,209869342,BUY,2026-08-04,264.85,True
34220,209869342,BUY,2026-08-11,250.38,True
35226,209869989,ABT,2026-05-26,1108.9,True
35226,209869989,ABT,2026-06-02,1119.71,True
35226,209869989,ABT,2026-06-09,1141.36,True
35226,209869989,ABT,2026-06-16,1148.76,True
35226,209869989,ABT,2026-06-23,1152.9,True
35226,209869989,ABT,2026-06-30,1158.36,True
35226,209869989,ABT,2026-07-07,1174.51,True
35226,209869989,ABT,2026-07-14,1184.03,True
35226,209869989,ABT,2026-07-21,1167.67,True
35226,209869989,ABT,2026-07-28,1135.15,True
35226,209869989,ABT,2026-08-04,1134.38,True
35226,209869989,ABT,2026-08-11,999.26,True
35226,209869989,BUY,2026-05-26,1105.25,True
35226,209869989,BUY,2026-06-02,1132.65,True
35226,209869989,BUY,2026-06-09,1108.28,True
35226,209869989,BUY,2026-06-16,1121.18,True
35226,209869989,BUY,2026-06-23,1124.31,True
35226,209869989,BUY,2026-06-30,1124.8,True
35226,209869989,BUY,2026-07-07,1109.57,True
35226,209869989,BUY,2026-07-14,1129.65,True
35226,209869989,BUY,2026-07-21,974.04,True
35226,209869989,BUY,2026-07-28,976.11,True
35226,209869989,BUY,2026-08-04,983.3,True
35226,209869989,BUY,2026-08-11,965.52,True
38001,209871973,ABT,2026-06-09,180.18,True
38001,209871973,ABT,2026-06-16,184.76,True
38001,209871973,ABT,2026-06-23,189.12,True
38001,209871973,ABT,2026-06-30,189.78,True
38001,209871973,ABT,2026-07-07,190.72,True
38001,209871973,ABT,2026-07-14,189.78,True
38001,209871973,ABT,2026-07-21,191.34,True
38001,209871973,ABT,2026-07-28,178.03,True
38001,209871973,ABT,2026-08-04,174.0,True
38001,209871973,ABT,2026-08-11,174.64,True
38001,209871973,BUY,2026-06-09,183.78,True
38001,209871973,BUY,2026-06-16,183.13,True
38001,209871973,BUY,2026-06-23,182.39,True
38001,209871973,BUY,2026-06-30,197.21,True
38001,209871973,BUY,2026-07-07,199.85,True
38001,209871973,BUY,2026-07-14,186.49,True
38001,209871973,BUY,2026-07-21,185.16,True
38001,209871973,BUY,2026-07-28,184.51,True
38001,209871973,BUY,2026-08-04,182.42,True
38001,209871973,BUY,2026-08-11,183.96,True
34465,209890796,ABT,2026-06-16,6.17,True
34465,209890796,ABT,2026-06-23,6.3,True
34465,209890796,ABT,2026-06-30,6.39,True
34465,209890796,ABT,2026-07-07,5.99,True
34465,209890796,ABT,2026-07-14,5.91,True
34465,209890796,ABT,2026-07-21,5.76,True
34465,209890796,ABT,2026-07-28,5.88,True
34465,209890796,ABT,2026-08-04,5.9,True
34465,209890796,ABT,2026-08-11,5.99,True
34465,209890796,BUY,2026-06-16,6.09,True
34465,209890796,BUY,2026-06-23,5.97,True
34465,209890796,BUY,2026-06-30,6.06,True
34465,209890796,BUY,2026-07-07,6.82,True
34465,209890796,BUY,2026-07-14,6.9,True
34465,209890796,BUY,2026-07-21,6.91,True
34465,209890796,BUY,2026-07-28,6.89,True
34465,209890796,BUY,2026-08-04,6.82,True
34465,209890796,BUY,2026-08-11,6.86,True
36556,209891040,ABT,2026-06-09,2967.54,True
36556,209891040,ABT,2026-06-16,2957.18,True
36556,209891040,ABT,2026-06-23,3383.46,True
36556,209891040,ABT,2026-06-30,3359.9,True
36556,209891040,ABT,2026-07-07,3447.17,True
36556,209891040,ABT,2026-07-14,3004.69,True
36556,209891040,ABT,2026-07-21,2985.11,True
36556,209891040,ABT,2026-07-28,2945.42,True
36556,209891040,ABT,2026-08-04,2951.14,True
36556,209891040,ABT,2026-08-11,2569.71,True
36556,209891040,BUY,2026-06-09,3027.46,True
36556,209891040,BUY,2026-06-16,3030.14,True
36556,209891040,BUY,2026-06-23,3051.45,True
36556,209891040,BUY,2026-06-30,3066.19,True
36556,209891040,BUY,2026-07-07,3166.56,True
36556,209891040,BUY,2026-07-14,3146.21,True
36556,209891040,BUY,2026-07-21,3140.18,True
36556,209891040,BUY,2026-07-28,3053.87,True
36556,209891040,BUY,2026-08-04,3124.9,True
36556,209891040,BUY,2026-08-11,3211.06,True
32187,209896109,ABT,2026-06-23,52.46,True
32187,209896109,ABT,2026-06-30,52.84,True
32187,209896109,ABT,2026-07-07,47.53,True
32187,209896109,ABT,2026-07-14,49.05,True
32187,209896109,ABT,2026-07-21,48.38,True
32187,209896109,ABT,2026-07-28,49.0,True
32187,209896109,ABT,2026-08-04,49.31,True
32187,209896109,ABT,2026-08-11,49.65,True
32187,209896109,BUY,2026-06-23,47.45,True
32187,209896109,BUY,2026-06-30,48.57,True
32187,209896109,BUY,2026-07-07,48.3,True
32187,209896109,BUY,2026-07-14,47.83,True
32187,209896109,BUY,2026-07-21,47.78,True
32187,209896109,BUY,2026-07-28,47.88,True
32187,209896109,BUY,2026-08-04,42.76,True
32187,209896109,BUY,2026-08-11,43.13,True
37421,209896693,ABT,2026-06-02,91.67,True
37421,209896693,ABT,2026-06-09,91.96,True
37421,209896693,ABT,2026-06-16,92.4,True
37421,209896693,ABT,2026-06-23,90.91,True
37421,209896693,ABT,2026-06-30,90.44,True
37421,209896693,ABT,2026-07-07,86.08,True
37421,209896693,ABT,2026-07-14,87.31,True
37421,209896693,ABT,2026-07-21,86.75,True
37421,209896693,ABT,2026-07-28,85.34,True
37421,209896693,ABT,2026-08-04,84.17,True
37421,209896693,ABT,2026-08-11,84.63,True
37421,209896693,BUY,2026-06-02,89.64,True
37421,209896693,BUY,2026-06-09,88.05,True
37421,209896693,BUY,2026-06-16,90.3,True
37421,209896693,BUY,2026-06-23,98.48,True
37421,209896693,BUY,2026-06-30,96.95,True
37421,209896693,BUY,2026-07-07,95.49,True
37421,209896693,BUY,2026-07-14,88.73,True
37421,209896693,BUY,2026-07-21,89.36,True
37421,209896693,BUY,2026-07-28,89.8,True
37421,209896693,BUY,2026-08-04,94.11,True
37421,209896693,BUY,2026-08-11,92.7,True
37311,209901963,ABT,2026-06-02,1292.25,True
37311,209901963,ABT,2026-06-09,1312.93,True
37311,209901963,ABT,2026-06-16,1302.93,True
37311,209901963,ABT,2026-06-23,1228.9,True
37311,209901963,ABT,2026-06-30,1240.44,True
37311,209901963,ABT,2026-07-07,1101.93,True
37311,209901963,ABT,2026-07-14,1085.52,True
37311,209901963,ABT,2026-07-21,1065.45,True
37311,209901963,ABT,2026-07-28,947.36,True
37311,209901963,ABT,2026-08-04,953.16,True
37311,209901963,ABT,2026-08-11,967.67,True
37311,209901963,BUY,2026-06-02,1230.29,True
37311,209901963,BUY,2026-06-09,1250.47,True
37311,209901963,BUY,2026-06-16,1084.25,True
37311,209901963,BUY,2026-06-23,1064.6,True
37311,209901963,BUY,2026-06-30,943.25,True
37311,209901963,BUY,2026-07-07,937.65,True
37311,209901963,BUY,2026-07-14,915.15,True
37311,209901963,BUY,2026-07-21,924.61,True
37311,209901963,BUY,2026-07-28,928.36,True
37311,209901963,BUY,2026-08-04,910.45,True
37311,209901963,BUY,2026-08-11,805.71,True
37309,209901964,ABT,2026-06-02,1254.02,True
37309,209901964,ABT,2026-06-09,1264.2,True
37309,209901964,ABT,2026-06-16,1260.23,True
37309,209901964,ABT,2026-06-23,1236.77,True
37309,209901964,ABT,2026-06-30,1215.26,True
37309,209901964,ABT,2026-07-07,1224.95,True
37309,209901964,ABT,2026-07-14,1258.15,True
37309,209901964,ABT,2026-07-21,1260.16,True
37309,209901964,ABT,2026-07-28,1354.42,True
37309,209901964,ABT,2026-08-04,1343.59,True
37309,209901964,ABT,2026-08-11,1360.78,True
37309,209901964,BUY,2026-06-02,1241.85,True
37309,209901964,BUY,2026-06-09,1233.88,True
37309,209901964,BUY,2026-06-16,1134.36,True
37309,209901964,BUY,2026-06-23,1063.82,True
37309,209901964,BUY,2026-06-30,969.05,True
37309,209901964,BUY,2026-07-07,966.13,True
37309,209901964,BUY,2026-07-14,976.32,True
37309,209901964,BUY,2026-07-21,938.69,True
37309,209901964,BUY,2026-07-28,937.82,True
37309,209901964,BUY,2026-08-04,929.57,True
37309,209901964,BUY,2026-08-11,910.37,True
37308,209901965,ABT,2026-06-16,1206.61,True
37308,209901965,ABT,2026-06-23,1222.13,True
37308,209901965,ABT,2026-06-30,1194.8,True
37308,209901965,ABT,2026-07-07,1183.78,True
37308,209901965,ABT,2026-07-14,1164.97,True
37308,209901965,ABT,2026-07-21,1174.79,True
37308,209901965,ABT,2026-07-28,1172.82,True
37308,209901965,ABT,2026-08-04,1175.62,True
37308,209901965,ABT,2026-08-11,1166.45,True
37308,209901965,BUY,2026-06-16,1205.74,True
37308,209901965,BUY,2026-06-23,1220.97,True
37308,209901965,BUY,2026-06-30,1196.48,True
37308,209901965,BUY,2026-07-07,1176.14,True
37308,209901965,BUY,2026-07-14,1168.44,True
37308,209901965,BUY,2026-07-21,1183.16,True
37308,209901965,BUY,2026-07-28,1163.02,True
37308,209901965,BUY,2026-08-04,1163.97,True
37308,209901965,BUY,2026-08-11,1196.94,True
37310,209901966,ABT,2026-06-16,16.35,True
37310,209901966,ABT,2026-06-23,16.32,True
37310,209901966,ABT,2026-06-30,15.66,True
37310,209901966,ABT,2026-07-07,14.13,True
37310,209901966,ABT,2026-07-14,14.26,True
37310,209901966,ABT,2026-07-21,12.32,True
37310,209901966,ABT,2026-07-28,12.51,True
37310,209901966,ABT,2026-08-04,12.44,True
37310,209901966,ABT,2026-08-11,12.16,True
37310,209901966,BUY,2026-06-16,19.08,True
37310,209901966,BUY,2026-06-23,17.78,True
37310,209901966,BUY,2026-06-30,17.87,True
37310,209901966,BUY,2026-07-07,18.36,True
37310,209901966,BUY,2026-07-14,17.97,True
37310,209901966,BUY,2026-07-21,16.67,True
37310,209901966,BUY,2026-07-28,16.71,True
37310,209901966,BUY,2026-08-04,16.92,True
37310,209901966,BUY,2026-08-11,17.17,True
34637,209934620,ABT,2026-06-09,79.24,True
34637,209934620,ABT,2026-06-16,77.47,True
34637,209934620,ABT,2026-06-23,77.67,True
34637,209934620,ABT,2026-06-30,77.13,True
34637,209934620,ABT,2026-07-07,68.08,True
34637,209934620,ABT,2026-07-14,66.38,True
34637,209934620,ABT,2026-07-21,66.28,True
34637,209934620,ABT,2026-07-28,66.47,True
34637,209934620,ABT,2026-08-04,67.27,True
34637,209934620,ABT,2026-08-11,65.77,True
34637,209934620,BUY,2026-06-09,80.35,True
34637,209934620,BUY,2026-06-16,78.33,True
34637,209934620,BUY,2026-06-23,78.82,True
34637,209934620,BUY,2026-06-30,77.56,True
34637,209934620,BUY,2026-07-07,75.74,True
34637,209934620,BUY,2026-07-14,75.12,True
34637,209934620,BUY,2026-07-21,76.24,True
34637,209934620,BUY,2026-07-28,78.22,True
34637,209934620,BUY,2026-08-04,79.89,True
34637,209934620,BUY,2026-08-11,80.61,True
32664,209975310,ABT,2026-06-02,15.15,True
32664,209975310,ABT,2026-06-09,15.29,True
32664,209975310,ABT,2026-06-16,15.07,True
32664,209975310,ABT,2026-06-23,14.99,True
32664,209975310,ABT,2026-06-30,15.24,True
32664,209975310,ABT,2026-07-07,15.74,True
32664,209975310,ABT,2026-07-14,15.98,True
32664,209975310,ABT,2026-07-21,15.81,True
32664,209975310,ABT,2026-07-28,15.37,True
32664,209975310,ABT,2026-08-04,15.34,True
32664,209975310,ABT,2026-08-11,15.49,True
32664,209975310,BUY,2026-06-02,15.05,True
32664,209975310,BUY,2026-06-09,14.63,True
32664,209975310,BUY,2026-06-16,14.43,True
32664,209975310,BUY,2026-06-23,13.02,True
32664,209975310,BUY,2026-06-30,12.89,True
32664,209975310,BUY,2026-07-07,12.92,True
32664,209975310,BUY,2026-07-14,12.87,True
32664,209975310,BUY,2026-07-21,12.72,True
32664,209975310,BUY,2026-07-28,12.7,True
32664,209975310,BUY,2026-08-04,13.0,True
32664,209975310,BUY,2026-08-11,13.24,True
38574,210190784,ABT,2026-06-02,1007.72,True
38574,210190784,ABT,2026-06-09,1037.42,True
38574,210190784,ABT,2026-06-16,1042.72,True
38574,210190784,ABT,2026-06-23,1041.15,True
38574,210190784,ABT,2026-06-30,1048.44,True
38574,210190784,ABT,2026-07-07,1037.54,True
38574,210190784,ABT,2026-07-14,873.97,True
38574,210190784,ABT,2026-07-21,866.18,True
38574,210190784,ABT,2026-07-28,864.69,True
38574,210190784,ABT,2026-08-04,874.12,True
38574,210190784,ABT,2026-08-11,893.15,True
38574,210190784,BUY,2026-06-02,989.51,True
38574,210190784,BUY,2026-06-09,967.58,True
38574,210190784,BUY,2026-06-16,990.14,True
38574,210190784,BUY,2026-06-23,1010.67,True
38574,210190784,BUY,2026-06-30,899.05,True
38574,210190784,BUY,2026-07-07,710.68,True
38574,210190784,BUY,2026-07-14,557.35,True
38574,210190784,BUY,2026-07-21,572.14,True
38574,210190784,BUY,2026-07-28,506.99,True
38574,210190784,BUY,2026-08-04,509.75,True
38574,210190784,BUY,2026-08-11,504.64,True
37872,210190818,ABT,2026-06-09,1397.19,True
37872,210190818,ABT,2026-06-16,1409.72,True
37872,210190818,ABT,2026-06-23,1260.04,True
37872,210190818,ABT,2026-06-30,1121.79,True
37872,210190818,ABT,2026-07-07,987.73,True
37872,210190818,ABT,2026-07-14,875.43,True
37872,210190818,ABT,2026-07-21,789.53,True
37872,210190818,ABT,2026-07-28,805.18,True
37872,210190818,ABT,2026-08-04,812.86,True
37872,210190818,ABT,2026-08-11,821.38,True
37872,210190818,BUY,2026-06-09,1591.75,True
37872,210190818,BUY,2026-06-16,1594.87,True
37872,210190818,BUY,2026-06-23,1594.43,True
37872,210190818,BUY,2026-06-30,1558.55,True
37872,210190818,BUY,2026-07-07,1387.8,True
37872,210190818,BUY,2026-07-14,1366.1,True
37872,210190818,BUY,2026-07-21,1302.07,True
37872,210190818,BUY,2026-07-28,1300.47,True
37872,210190818,BUY,2026-08-04,1311.96,True
37872,210190818,BUY,2026-08-11,1306.99,True
32055,210206538,ABT,2026-06-16,233.75,True
32055,210206538,ABT,2026-06-23,232.32,True
32055,210206538,ABT,2026-06-30,228.09,True
32055,210206538,ABT,2026-07-07,232.27,True
32055,210206538,ABT,2026-07-14,235.13,True
32055,210206538,ABT,2026-07-21,234.43,True
32055,210206538,ABT,2026-07-28,236.55,True
32055,210206538,ABT,2026-08-04,241.56,True
32055,210206538,ABT,2026-08-11,243.52,True
32055,210206538,BUY,2026-06-16,232.38,True
32055,210206538,BUY,2026-06-23,236.34,True
32055,210206538,BUY,2026-06-30,234.25,True
32055,210206538,BUY,2026-07-07,233.35,True
32055,210206538,BUY,2026-07-14,233.93,True
32055,210206538,BUY,2026-07-21,224.24,True
32055,210206538,BUY,2026-07-28,226.82,True
32055,210206538,BUY,2026-08-04,226.19,True
32055,210206538,BUY,2026-08-11,225.07,True
37907,210227260,ABT,2026-06-23,218.47,True
37907,210227260,ABT,2026-06-30,214.9,True
37907,210227260,ABT,2026-07-07,205.46,True
37907,210227260,ABT,2026-07-14,204.3,True
37907,210227260,ABT,2026-07-21,204.84,True
37907,210227260,ABT,2026-07-28,208.33,True
37907,210227260,ABT,2026-08-04,210.75,True
37907,210227260,ABT,2026-08-11,181.06,True
37907,210227260,BUY,2026-06-23,195.56,True
37907,210227260,BUY,2026-06-30,200.88,True
37907,210227260,BUY,2026-07-07,200.42,True
37907,210227260,BUY,2026-07-14,200.47,True
37907,210227260,BUY,2026-07-21,184.43,True
37907,210227260,BUY,2026-07-28,165.49,True
37907,210227260,BUY,2026-08-04,151.49,True
37907,210227260,BUY,2026-08-11,137.04,True
38129,210227261,ABT,2026-06-16,263.3,True
38129,210227261,ABT,2026-06-23,267.11,True
38129,210227261,ABT,2026-06-30,256.13,True
38129,210227261,ABT,2026-07-07,258.36,True
38129,210227261,ABT,2026-07-14,260.71,True
38129,210227261,ABT,2026-07-21,249.46,True
38129,210227261,ABT,2026-07-28,238.67,True
38129,210227261,ABT,2026-08-04,241.37,True
38129,210227261,ABT,2026-08-11,241.94,True
38129,210227261,BUY,2026-06-16,275.17,True
38129,210227261,BUY,2026-06-23,265.78,True
38129,210227261,BUY,2026-06-30,259.69,True
38129,210227261,BUY,2026-07-07,260.06,True
38129,210227261,BUY,2026-07-14,258.06,True
38129,210227261,BUY,2026-07-21,257.5,True
38129,210227261,BUY,2026-07-28,256.58,True
38129,210227261,BUY,2026-08-04,260.44,True
38129,210227261,BUY,2026-08-11,259.7,True
38008,210227271,ABT,2026-05-26,1639.79,True
38008,210227271,ABT,2026-06-02,1662.91,True
38008,210227271,ABT,2026-06-09,1696.24,True
38008,210227271,ABT,2026-06-16,1635.95,True
38008,210227271,ABT,2026-06-23,1666.12,True
38008,210227271,ABT,2026-06-30,1546.59,True
38008,210227271,ABT,2026-07-07,1519.93,True
38008,210227271,ABT,2026-07-14,1532.58,True
38008,210227271,ABT,2026-07-21,1506.74,True
38008,210227271,ABT,2026-07-28,1514.61,True
38008,210227271,ABT,2026-08-04,1517.1,True
38008,210227271,ABT,2026-08-11,1499.76,True
38008,210227271,BUY,2026-05-26,1654.04,True
38008,210227271,BUY,2026-06-02,1611.33,True
38008,210227271,BUY,2026-06-09,1615.71,True
38008,210227271,BUY,2026-06-16,1615.22,True
38008,210227271,BUY,2026-06-23,1432.4,True
38008,210227271,BUY,2026-06-30,1303.48,True
38008,210227271,BUY,2026-07-07,1287.23,True
38008,210227271,BUY,2026-07-14,1155.83,True
38008,210227271,BUY,2026-07-21,1065.53,True
38008,210227271,BUY,2026-07-28,963.88,True
38008,210227271,BUY,2026-08-04,997.09,True
38008,210227271,BUY,2026-08-11,989.98,True
38329,210227282,ABT,2026-06-16,8.05,True
38329,210227282,ABT,2026-06-23,8.16,True
38329,210227282,ABT,2026-06-30,8.05,True
38329,210227282,ABT,2026-07-07,7.21,True
38329,210227282,ABT,2026-07-14,7.27,True
38329,210227282,ABT,2026-07-21,6.61,True
38329,210227282,ABT,2026-07-28,6.51,True
38329,210227282,ABT,2026-08-04,6.51,True
38329,210227282,ABT,2026-08-11,6.4,True
38329,210227282,BUY,2026-06-16,7.91,True
38329,210227282,BUY,2026-06-23,7.73,True
38329,210227282,BUY,2026-06-30,7.59,True
38329,210227282,BUY,2026-07-07,7.48,True
38329,210227282,BUY,2026-07-14,7.55,True
38329,210227282,BUY,2026-07-21,7.53,True
38329,210227282,BUY,2026-07-28,7.51,True
38329,210227282,BUY,2026-08-04,7.58,True
38329,210227282,BUY,2026-08-11,7.57,True
38434,210227285,ABT,2026-06-23,977.4,True
38434,210227285,ABT,2026-06-30,971.07,True
38434,210227285,ABT,2026-07-07,973.93,True
38434,210227285,ABT,2026-07-14,971.59,True
38434,210227285,ABT,2026-07-21,970.29,True
38434,210227285,ABT,2026-07-28,983.85,True
38434,210227285,ABT,2026-08-04,1020.97,True
38434,210227285,ABT,2026-08-11,1018.81,True
38434,210227285,BUY,2026-06-23,1068.27,True
38434,210227285,BUY,2026-06-30,1072.9,True
38434,210227285,BUY,2026-07-07,1067.44,True
38434,210227285,BUY,2026-07-14,1078.47,True
38434,210227285,BUY,2026-07-21,1090.28,True
38434,210227285,BUY,2026-07-28,1094.31,True
38434,210227285,BUY,2026-08-04,1088.25,True
38434,210227285,BUY,2026-08-11,1076.64,True
37796,210239335,ABT,2026-06-02,427.95,True
37796,210239335,ABT,2026-06-09,432.18,True
37796,210239335,ABT,2026-06-16,426.21,True
37796,210239335,ABT,2026-06-23,423.31,True
37796,210239335,ABT,2026-06-30,421.12,True
37796,210239335,ABT,2026-07-07,427.81,True
37796,210239335,ABT,2026-07-14,417.49,True
37796,210239335,ABT,2026-07-21,413.94,True
37796,210239335,ABT,2026-07-28,401.56,True
37796,210239335,ABT,2026-08-04,392.49,True
37796,210239335,ABT,2026-08-11,366.5,True
37796,210239335,BUY,2026-06-02,427.96,True
37796,210239335,BUY,2026-06-09,436.3,True
37796,210239335,BUY,2026-06-16,432.04,True
37796,210239335,BUY,2026-06-23,438.59,True
37796,210239335,BUY,2026-06-30,436.91,True
37796,210239335,BUY,2026-07-07,435.22,True
37796,210239335,BUY,2026-07-14,434.6,True
37796,210239335,BUY,2026-07-21,434.73,True
37796,210239335,BUY,2026-07-28,435.74,True
37796,210239335,BUY,2026-08-04,430.47,True
37796,210239335,BUY,2026-08-11,427.48,True
33464,210245837,ABT,2026-05-26,300.02,True
33464,210245837,ABT,2026-06-02,305.32,True
33464,210245837,ABT,2026-06-09,302.02,True
33464,210245837,ABT,2026-06-16,306.36,True
33464,210245837,ABT,2026-06-23,305.19,True
33464,210245837,ABT,2026-06-30,308.7,True
33464,210245837,ABT,2026-07-07,318.41,True
33464,210245837,ABT,2026-07-14,322.34,True
33464,210245837,ABT,2026-07-21,324.42,True
33464,210245837,ABT,2026-07-28,327.26,True
33464,210245837,ABT,2026-08-04,329.92,True
33464,210245837,ABT,2026-08-11,341.33,True
33464,210245837,BUY,2026-05-26,302.46,True
33464,210245837,BUY,2026-06-02,308.64,True
33464,210245837,BUY,2026-06-09,305.53,True
33464,210245837,BUY,2026-06-16,300.32,True
33464,210245837,BUY,2026-06-23,295.67,True
33464,210245837,BUY,2026-06-30,296.35,True
33464,210245837,BUY,2026-07-07,295.94,True
33464,210245837,BUY,2026-07-14,291.65,True
33464,210245837,BUY,2026-07-21,289.3,True
33464,210245837,BUY,2026-07-28,290.03,True
33464,210245837,BUY,2026-08-04,292.48,True
33464,210245837,BUY,2026-08-11,297.58,True
31032,210251970,ABT,2026-06-02,497.77,True
31032,210251970,ABT,2026-06-09,492.13,True
31032,210251970,ABT,2026-06-16,483.03,True
31032,210251970,ABT,2026-06-23,484.76,True
31032,210251970,ABT,2026-06-30,495.98,True
31032,210251970,ABT,2026-07-07,490.6,True
31032,210251970,ABT,2026-07-14,493.21,True
31032,210251970,ABT,2026-07-21,474.19,True
31032,210251970,ABT,2026-07-28,435.11,True
31032,210251970,ABT,2026-08-04,433.38,True
31032,210251970,ABT,2026-08-11,433.71,True
31032,210251970,BUY,2026-06-02,508.61,True
31032,210251970,BUY,2026-06-09,499.73,True
31032,210251970,BUY,2026-06-16,497.57,True
31032,210251970,BUY,2026-06-23,502.53,True
31032,210251970,BUY,2026-06-30,506.01,True
31032,210251970,BUY,2026-07-07,492.63,True
31032,210251970,BUY,2026-07-14,482.89,True
31032,210251970,BUY,2026-07-21,468.97,True
31032,210251970,BUY,2026-07-28,407.65,True
31032,210251970,BUY,2026-08-04,405.03,True
31032,210251970,BUY,2026-08-11,410.92,True
35530,210252184,ABT,2026-06-16,1435.57,True
35530,210252184,ABT,2026-06-23,1429.73,True
35530,210252184,ABT,2026-06-30,1436.38,True
35530,210252184,ABT,2026-07-07,1484.97,True
35530,210252184,ABT,2026-07-14,1511.77,True
35530,210252184,ABT,2026-07-21,1496.31,True
35530,210252184,ABT,2026-07-28,1488.98,True
35530,210252184,ABT,2026-08-04,1348.13,True
35530,210252184,ABT,2026-08-11,1173.44,True
35530,210252184,BUY,2026-06-16,1527.16,True
35530,210252184,BUY,2026-06-23,1487.88,True
35530,210252184,BUY,2026-06-30,1518.44,True
35530,210252184,BUY,2026-07-07,1504.71,True
35530,210252184,BUY,2026-07-14,1503.16,True
35530,210252184,BUY,2026-07-21,1496.72,True
35530,210252184,BUY,2026-07-28,1507.16,True
35530,210252184,BUY,2026-08-04,1514.41,True
35530,210252184,BUY,2026-08-11,1302.41,True
33790,210252356,ABT,2026-06-16,30.52,True
33790,210252356,ABT,2026-06-23,30.24,True
33790,210252356,ABT,2026-06-30,29.85,True
33790,210252356,ABT,2026-07-07,32.02,True
33790,210252356,ABT,2026-07-14,31.46,True
33790,210252356,ABT,2026-07-21,31.21,True
33790,210252356,ABT,2026-07-28,31.46,True
33790,210252356,ABT,2026-08-04,31.8,True
33790,210252356,ABT,2026-08-11,31.86,True
33790,210252356,BUY,2026-06-16,30.57,True
33790,210252356,BUY,2026-06-23,30.02,True
33790,210252356,BUY,2026-06-30,30.41,True
33790,210252356,BUY,2026-07-07,30.0,True
33790,210252356,BUY,2026-07-14,30.7,True
33790,210252356,BUY,2026-07-21,27.48,True
33790,210252356,BUY,2026-07-28,27.57,True
33790,210252356,BUY,2026-08-04,28.09,True
33790,210252356,BUY,2026-08-11,27.87,True
37652,210254965,ABT,2026-06-16,44.21,True
37652,210254965,ABT,2026-06-23,44.95,True
37652,210254965,ABT,2026-06-30,45.73,True
37652,210254965,ABT,2026-07-07,45.2,True
37652,210254965,ABT,2026-07-14,44.21,True
37652,210254965,ABT,2026-07-21,44.06,True
37652,210254965,ABT,2026-07-28,46.61,True
37652,210254965,ABT,2026-08-04,46.23,True
37652,210254965,ABT,2026-08-11,46.68,True
37652,210254965,BUY,2026-06-16,45.62,True
37652,210254965,BUY,2026-06-23,45.4,True
37652,210254965,BUY,2026-06-30,45.71,True
37652,210254965,BUY,2026-07-07,53.5,True
37652,210254965,BUY,2026-07-14,49.46,True
37652,210254965,BUY,2026-07-21,48.46,True
37652,210254965,BUY,2026-07-28,49.52,True
37652,210254965,BUY,2026-08-04,50.76,True
37652,210254965,BUY,2026-08-11,51.01,True
38483,210259873,ABT,2026-06-09,15.39,True
38483,210259873,ABT,2026-06-16,15.37,True
38483,210259873,ABT,2026-06-23,14.8,True
38483,210259873,ABT,2026-06-30,14.46,True
38483,210259873,ABT,2026-07-07,14.5,True
38483,210259873,ABT,2026-07-14,14.33,True
38483,210259873,ABT,2026-07-21,14.31,True
38483,210259873,ABT,2026-07-28,14.61,True
38483,210259873,ABT,2026-08-04,14.66,True
38483,210259873,ABT,2026-08-11,14.53,True
38483,210259873,BUY,2026-06-09,15.0,True
38483,210259873,BUY,2026-06-16,14.68,True
38483,210259873,BUY,2026-06-23,14.83,True
38483,210259873,BUY,2026-06-30,15.16,True
38483,210259873,BUY,2026-07-07,15.66,True
38483,210259873,BUY,2026-07-14,15.81,True
38483,210259873,BUY,2026-07-21,15.72,True
38483,210259873,BUY,2026-07-28,16.25,True
38483,210259873,BUY,2026-08-04,15.89,True
38483,210259873,BUY,2026-08-11,16.03,True
38522,210267015,ABT,2026-06-09,230.83,True
38522,210267015,ABT,2026-06-16,222.79,True
38522,210267015,ABT,2026-06-23,220.93,True
38522,210267015,ABT,2026-06-30,223.29,True
38522,210267015,ABT,2026-07-07,224.94,True
38522,210267015,ABT,2026-07-14,219.75,True
38522,210267015,ABT,2026-07-21,218.18,True
38522,210267015,ABT,2026-07-28,220.27,True
38522,210267015,ABT,2026-08-04,218.68,True
38522,210267015,ABT,2026-08-11,188.65,True
38522,210267015,BUY,2026-06-09,236.53,True
38522,210267015,BUY,2026-06-16,215.17,True
38522,210267015,BUY,2026-06-23,219.09,True
38522,210267015,BUY,2026-06-30,218.44,True
38522,210267015,BUY,2026-07-07,217.75,True
38522,210267015,BUY,2026-07-14,215.13,True
38522,210267015,BUY,2026-07-21,208.42,True
38522,210267015,BUY,2026-07-28,212.79,True
38522,210267015,BUY,2026-08-04,219.51,True
38522,210267015,BUY,2026-08-11,222.05,True
37749,210399743,ABT,2026-06-02,296.06,True
37749,210399743,ABT,2026-06-09,297.68,True
37749,210399743,ABT,2026-06-16,327.68,True
37749,210399743,ABT,2026-06-23,337.33,True
37749,210399743,ABT,2026-06-30,336.58,True
37749,210399743,ABT,2026-07-07,308.93,True
37749,210399743,ABT,2026-07-14,271.93,True
37749,210399743,ABT,2026-07-21,269.63,True
37749,210399743,ABT,2026-07-28,268.03,True
37749,210399743,ABT,2026-08-04,263.79,True
37749,210399743,ABT,2026-08-11,259.63,True
37749,210399743,BUY,2026-06-02,302.26,True
37749,210399743,BUY,2026-06-09,306.28,True
37749,210399743,BUY,2026-06-16,305.21,True
37749,210399743,BUY,2026-06-23,279.61,True
37749,210399743,BUY,2026-06-30,287.1,True
37749,210399743,BUY,2026-07-07,280.5,True
37749,210399743,BUY,2026-07-14,281.05,True
37749,210399743,BUY,2026-07-21,277.72,True
37749,210399743,BUY,2026-07-28,273.41,True
37749,210399743,BUY,2026-08-04,272.35,True
37749,210399743,BUY,2026-08-11,272.49,True
38214,210399746,ABT,2026-06-16,3653.72,True
38214,210399746,ABT,2026-06-23,3649.27,True
38214,210399746,ABT,2026-06-30,3594.95,True
38214,210399746,ABT,2026-07-07,3584.0,True
38214,210399746,ABT,2026-07-14,3613.87,True
38214,210399746,ABT,2026-07-21,3713.9,True
38214,210399746,ABT,2026-07-28,3436.9,True
38214,210399746,ABT,2026-08-04,3397.07,True
38214,210399746,ABT,2026-08-11,3111.92,True
38214,210399746,BUY,2026-06-16,3229.46,True
38214,210399746,BUY,2026-06-23,3279.4,True
38214,210399746,BUY,2026-06-30,3340.38,True
38214,210399746,BUY,2026-07-07,3095.05,True
38214,210399746,BUY,2026-07-14,3066.83,True
38214,210399746,BUY,2026-07-21,3116.57,True
38214,210399746,BUY,2026-07-28,3057.41,True
38214,210399746,BUY,2026-08-04,3074.86,True
38214,210399746,BUY,2026-08-11,2714.26,True
36808,210399818,ABT,2026-06-02,1053.3,True
36808,210399818,ABT,2026-06-09,1038.8,True
36808,210399818,ABT,2026-06-16,1030.69,True
36808,210399818,ABT,2026-06-23,1042.49,True
36808,210399818,ABT,2026-06-30,1054.55,True
36808,210399818,ABT,2026-07-07,1044.4,True
36808,210399818,ABT,2026-07-14,1039.39,True
36808,210399818,ABT,2026-07-21,1072.82,True
36808,210399818,ABT,2026-07-28,1077.59,True
36808,210399818,ABT,2026-08-04,1081.91,True
36808,210399818,ABT,2026-08-11,1089.97,True
36808,210399818,BUY,2026-06-02,1071.29,True
36808,210399818,BUY,2026-06-09,1082.71,True
36808,210399818,BUY,2026-06-16,1084.04,True
36808,210399818,BUY,2026-06-23,1076.51,True
36808,210399818,BUY,2026-06-30,1063.77,True
36808,210399818,BUY,2026-07-07,1105.17,True
36808,210399818,BUY,2026-07-14,1129.17,True
36808,210399818,BUY,2026-07-21,1164.94,True
36808,210399818,BUY,2026-07-28,1163.64,True
36808,210399818,BUY,2026-08-04,1162.05,True
36808,210399818,BUY,2026-08-11,1162.64,True
36812,210399819,ABT,2026-06-09,1462.64,True
36812,210399819,ABT,2026-06-16,1485.7,True
36812,210399819,ABT,2026-06-23,1509.77,True
36812,210399819,ABT,2026-06-30,1475.83,True
36812,210399819,ABT,2026-07-07,1445.23,True
36812,210399819,ABT,2026-07-14,1299.28,True
36812,210399819,ABT,2026-07-21,1144.13,True
36812,210399819,ABT,2026-07-28,1016.53,True
36812,210399819,ABT,2026-08-04,943.31,True
36812,210399819,ABT,2026-08-11,947.64,True
36812,210399819,BUY,2026-06-09,1466.49,True
36812,210399819,BUY,2026-06-16,1683.28,True
36812,210399819,BUY,2026-06-23,1673.34,True
36812,210399819,BUY,2026-06-30,1665.51,True
36812,210399819,BUY,2026-07-07,1693.68,True
36812,210399819,BUY,2026-07-14,1695.38,True
36812,210399819,BUY,2026-07-21,1705.88,True
36812,210399819,BUY,2026-07-28,1704.34,True
36812,210399819,BUY,2026-08-04,1670.6,True
36812,210399819,BUY,2026-08-11,1664.75,True
37010,210399855,ABT,2026-06-02,156.38,True
37010,210399855,ABT,2026-06-09,138.89,True
37010,210399855,ABT,2026-06-16,120.61,True
37010,210399855,ABT,2026-06-23,107.01,True
37010,210399855,ABT,2026-06-30,97.17,True
37010,210399855,ABT,2026-07-07,84.43,True
37010,210399855,ABT,2026-07-14,82.37,True
37010,210399855,ABT,2026-07-21,83.19,True
37010,210399855,ABT,2026-07-28,82.93,True
37010,210399855,ABT,2026-08-04,81.74,True
37010,210399855,ABT,2026-08-11,81.21,True
37010,210399855,BUY,2026-06-02,162.03,True
37010,210399855,BUY,2026-06-09,149.68,True
37010,210399855,BUY,2026-06-16,148.64,True
37010,210399855,BUY,2026-06-23,148.29,True
37010,210399855,BUY,2026-06-30,146.18,True
37010,210399855,BUY,2026-07-07,149.23,True
37010,210399855,BUY,2026-07-14,145.85,True
37010,210399855,BUY,2026-07-21,145.02,True
37010,210399855,BUY,2026-07-28,143.06,True
37010,210399855,BUY,2026-08-04,144.2,True
37010,210399855,BUY,2026-08-11,130.95,True
37078,210399915,ABT,2026-06-16,42.83,True
37078,210399915,ABT,2026-06-23,43.59,True
37078,210399915,ABT,2026-06-30,42.25,True
37078,210399915,ABT,2026-07-07,47.35,True
37078,210399915,ABT,2026-07-14,47.16,True
37078,210399915,ABT,2026-07-21,47.94,True
37078,210399915,ABT,2026-07-28,49.0,True
37078,210399915,ABT,2026-08-04,49.32,True
37078,210399915,ABT,2026-08-11,49.42,True
37078,210399915,BUY,2026-06-16,40.71,True
37078,210399915,BUY,2026-06-23,42.28,True
37078,210399915,BUY,2026-06-30,42.49,True
37078,210399915,BUY,2026-07-07,42.18,True
37078,210399915,BUY,2026-07-14,42.02,True
37078,210399915,BUY,2026-07-21,42.31,True
37078,210399915,BUY,2026-07-28,42.2,True
37078,210399915,BUY,2026-08-04,42.31,True
37078,210399915,BUY,2026-08-11,41.73,True
33458,210401450,ABT,2026-06-23,93.2,True
33458,210401450,ABT,2026-06-30,95.01,True
33458,210401450,ABT,2026-07-07,96.11,True
33458,210401450,ABT,2026-07-14,94.24,True
33458,210401450,ABT,2026-07-21,95.0,True
33458,210401450,ABT,2026-07-28,94.65,True
33458,210401450,ABT,2026-08-04,96.33,True
33458,210401450,ABT,2026-08-11,90.86,True
33458,210401450,BUY,2026-06-23,96.89,True
33458,210401450,BUY,2026-06-30,96.03,True
33458,210401450,BUY,2026-07-07,97.82,True
33458,210401450,BUY,2026-07-14,89.87,True
33458,210401450,BUY,2026-07-21,90.35,True
33458,210401450,BUY,2026-07-28,91.58,True
33458,210401450,BUY,2026-08-04,93.15,True
33458,210401450,BUY,2026-08-11,93.05,True
34378,210402319,ABT,2026-06-09,332.73,True
34378,210402319,ABT,2026-06-16,333.43,True
34378,210402319,ABT,2026-06-23,293.95,True
34378,210402319,ABT,2026-06-30,292.54,True
34378,210402319,ABT,2026-07-07,293.97,True
34378,210402319,ABT,2026-07-14,300.1,True
34378,210402319,ABT,2026-07-21,324.29,True
34378,210402319,ABT,2026-07-28,331.93,True
34378,210402319,ABT,2026-08-04,330.69,True
34378,210402319,ABT,2026-08-11,329.01,True
34378,210402319,BUY,2026-06-09,340.4,True
34378,210402319,BUY,2026-06-16,331.71,True
34378,210402319,BUY,2026-06-23,327.78,True
34378,210402319,BUY,2026-06-30,323.34,True
34378,210402319,BUY,2026-07-07,323.54,True
34378,210402319,BUY,2026-07-14,322.38,True
34378,210402319,BUY,2026-07-21,322.48,True
34378,210402319,BUY,2026-07-28,321.14,True
34378,210402319,BUY,2026-08-04,320.44,True
34378,210402319,BUY,2026-08-11,324.97,True
36127,210402579,ABT,2026-06-02,50.12,True
36127,210402579,ABT,2026-06-09,49.45,True
36127,210402579,ABT,2026-06-16,50.9,True
36127,210402579,ABT,2026-06-23,50.66,True
36127,210402579,ABT,2026-06-30,50.95,True
36127,210402579,ABT,2026-07-07,50.05,True
36127,210402579,ABT,2026-07-14,50.12,True
36127,210402579,ABT,2026-07-21,56.78,True
36127,210402579,ABT,2026-07-28,49.73,True
36127,210402579,ABT,2026-08-04,49.69,True
36127,210402579,ABT,2026-08-11,48.86,True
36127,210402579,BUY,2026-06-02,49.67,True
36127,210402579,BUY,2026-06-09,42.71,True
36127,210402579,BUY,2026-06-16,37.22,True
36127,210402579,BUY,2026-06-23,37.17,True
36127,210402579,BUY,2026-06-30,37.08,True
36127,210402579,BUY,2026-07-07,37.08,True
36127,210402579,BUY,2026-07-14,36.19,True
36127,210402579,BUY,2026-07-21,36.36,True
36127,210402579,BUY,2026-07-28,35.99,True
36127,210402579,BUY,2026-08-04,36.27,True
36127,210402579,BUY,2026-08-11,36.8,True
38003,210404123,ABT,2026-05-26,251.22,True
38003,210404123,ABT,2026-06-02,248.03,True
38003,210404123,ABT,2026-06-09,250.56,True
38003,210404123,ABT,2026-06-16,221.62,True
38003,210404123,ABT,2026-06-23,220.88,True
38003,210404123,ABT,2026-06-30,218.81,True
38003,210404123,ABT,2026-07-07,217.19,True
38003,210404123,ABT,2026-07-14,215.74,True
38003,210404123,ABT,2026-07-21,214.78,True
38003,210404123,ABT,2026-07-28,211.62,True
38003,210404123,ABT,2026-08-04,210.04,True
38003,210404123,ABT,2026-08-11,207.51,True
38003,210404123,BUY,2026-05-26,217.98,True
38003,210404123,BUY,2026-06-02,223.75,True
38003,210404123,BUY,2026-06-09,217.82,True
38003,210404123,BUY,2026-06-16,219.98,True
38003,210404123,BUY,2026-06-23,219.67,True
38003,210404123,BUY,2026-06-30,219.49,True
38003,210404123,BUY,2026-07-07,211.9,True
38003,210404123,BUY,2026-07-14,211.78,True
38003,210404123,BUY,2026-07-21,218.38,True
38003,210404123,BUY,2026-07-28,221.4,True
38003,210404123,BUY,2026-08-04,229.21,True
38003,210404123,BUY,2026-08-11,230.95,True
38468,210435432,ABT,2026-06-23,1004.1,True
38468,210435432,ABT,2026-06-30,995.48,True
38468,210435432,ABT,2026-07-07,999.04,True
38468,210435432,ABT,2026-07-14,1021.82,True
38468,210435432,ABT,2026-07-21,1017.78,True
38468,210435432,ABT,2026-07-28,1025.37,True
38468,210435432,ABT,2026-08-04,1006.24,True
38468,210435432,ABT,2026-08-11,929.74,True
38468,210435432,BUY,2026-06-23,997.25,True
38468,210435432,BUY,2026-06-30,1005.99,True
38468,210435432,BUY,2026-07-07,992.03,True
38468,210435432,BUY,2026-07-14,1005.03,True
38468,210435432,BUY,2026-07-21,1039.8,True
38468,210435432,BUY,2026-07-28,1048.23,True
38468,210435432,BUY,2026-08-04,1035.67,True
38468,210435432,BUY,2026-08-11,1022.63,True
35748,210435439,ABT,2026-06-16,240.37,True
35748,210435439,ABT,2026-06-23,235.7,True
35748,210435439,ABT,2026-06-30,238.8,True
35748,210435439,ABT,2026-07-07,237.07,True
35748,210435439,ABT,2026-07-14,274.66,True
35748,210435439,ABT,2026-07-21,276.75,True
35748,210435439,ABT,2026-07-28,278.15,True
35748,210435439,ABT,2026-08-04,255.11,True
35748,210435439,ABT,2026-08-11,256.01,True
35748,210435439,BUY,2026-06-16,245.27,True
35748,210435439,BUY,2026-06-23,211.49,True
35748,210435439,BUY,2026-06-30,217.65,True
35748,210435439,BUY,2026-07-07,218.07,True
35748,210435439,BUY,2026-07-14,218.08,True
35748,210435439,BUY,2026-07-21,212.88,True
35748,210435439,BUY,2026-07-28,237.12,True
35748,210435439,BUY,2026-08-04,236.0,True
35748,210435439,BUY,2026-08-11,268.38,True
36861,210442348,ABT,2026-06-16,1921.0,True
36861,210442348,ABT,2026-06-23,1898.51,True
36861,210442348,ABT,2026-06-30,1882.71,True
36861,210442348,ABT,2026-07-07,1868.42,True
36861,210442348,ABT,2026-07-14,1698.28,True
36861,210442348,ABT,2026-07-21,1714.64,True
36861,210442348,ABT,2026-07-28,1723.86,True
36861,210442348,ABT,2026-08-04,1733.1,True
36861,210442348,ABT,2026-08-11,1709.0,True
36861,210442348,BUY,2026-06-16,1974.49,True
36861,210442348,BUY,2026-06-23,1938.96,True
36861,210442348,BUY,2026-06-30,1896.59,True
36861,210442348,BUY,2026-07-07,1906.73,True
36861,210442348,BUY,2026-07-14,1773.07,True
36861,210442348,BUY,2026-07-21,1773.53,True
36861,210442348,BUY,2026-07-28,1762.33,True
36861,210442348,BUY,2026-08-04,1766.03,True
36861,210442348,BUY,2026-08-11,1809.64,True
36864,210442350,ABT,2026-06-23,2557.34,True
36864,210442350,ABT,2026-06-30,2528.16,True
36864,210442350,ABT,2026-07-07,2529.05,True
36864,210442350,ABT,2026-07-14,2526.72,True
36864,210442350,ABT,2026-07-21,2274.78,True
36864,210442350,ABT,2026-07-28,2339.56,True
36864,210442350,ABT,2026-08-04,2315.03,True
36864,210442350,ABT,2026-08-11,2190.55,True
36864,210442350,BUY,2026-06-23,2544.03,True
36864,210442350,BUY,2026-06-30,2522.57,True
36864,210442350,BUY,2026-07-07,2478.84,True
36864,210442350,BUY,2026-07-14,2505.17,True
36864,210442350,BUY,2026-07-21,2549.16,True
36864,210442350,BUY,2026-07-28,2420.19,True
36864,210442350,BUY,2026-08-04,2394.74,True
36864,210442350,BUY,2026-08-11,2464.51,True
38511,210460676,ABT,2026-06-02,39.96,True
38511,210460676,ABT,2026-06-09,39.42,True
38511,210460676,ABT,2026-06-16,38.73,True
38511,210460676,ABT,2026-06-23,37.6,True
38511,210460676,ABT,2026-06-30,37.73,True
38511,210460676,ABT,2026-07-07,33.75,True
38511,210460676,ABT,2026-07-14,33.22,True
38511,210460676,ABT,2026-07-21,32.71,True
38511,210460676,ABT,2026-07-28,32.95,True
38511,210460676,ABT,2026-08-04,33.29,True
38511,210460676,ABT,2026-08-11,31.58,True
38511,210460676,BUY,2026-06-02,36.02,True
38511,210460676,BUY,2026-06-09,35.57,True
38511,210460676,BUY,2026-06-16,35.46,True
38511,210460676,BUY,2026-06-23,35.3,True
38511,210460676,BUY,2026-06-30,34.81,True
38511,210460676,BUY,2026-07-07,35.66,True
38511,210460676,BUY,2026-07-14,36.16,True
38511,210460676,BUY,2026-07-21,34.91,True
38511,210460676,BUY,2026-07-28,35.28,True
38511,210460676,BUY,2026-08-04,35.42,True
38511,210460676,BUY,2026-08-11,31.67,True
32027,210461432,ABT,2026-06-09,2371.56,True
32027,210461432,ABT,2026-06-16,2325.96,True
32027,210461432,ABT,2026-06-23,1978.14,True
32027,210461432,ABT,2026-06-30,1685.65,True
32027,210461432,ABT,2026-07-07,1684.48,True
32027,210461432,ABT,2026-07-14,1538.65,True
32027,210461432,ABT,2026-07-21,1509.09,True
32027,210461432,ABT,2026-07-28,1480.22,True
32027,210461432,ABT,2026-08-04,1478.62,True
32027,210461432,ABT,2026-08-11,1394.65,True
32027,210461432,BUY,2026-06-09,2373.97,True
32027,210461432,BUY,2026-06-16,2171.33,True
32027,210461432,BUY,2026-06-23,1950.37,True
32027,210461432,BUY,2026-06-30,1950.14,True
32027,210461432,BUY,2026-07-07,1962.36,True
32027,210461432,BUY,2026-07-14,1974.7,True
32027,210461432,BUY,2026-07-21,1844.93,True
32027,210461432,BUY,2026-07-28,1857.89,True
32027,210461432,BUY,2026-08-04,1917.22,True
32027,210461432,BUY,2026-08-11,1922.93,True
38399,210479062,ABT,2026-06-23,12.92,True
38399,210479062,ABT,2026-06-30,13.38,True
38399,210479062,ABT,2026-07-07,13.29,True
38399,210479062,ABT,2026-07-14,13.14,True
38399,210479062,ABT,2026-07-21,12.99,True
38399,210479062,ABT,2026-07-28,12.94,True
38399,210479062,ABT,2026-08-04,12.92,True
38399,210479062,ABT,2026-08-11,13.1,True
38399,210479062,BUY,2026-06-23,12.97,True
38399,210479062,BUY,2026-06-30,13.18,True
38399,210479062,BUY,2026-07-07,12.37,True
38399,210479062,BUY,2026-07-14,12.15,True
38399,210479062,BUY,2026-07-21,11.85,True
38399,210479062,BUY,2026-07-28,11.79,True
38399,210479062,BUY,2026-08-04,11.89,True
38399,210479062,BUY,2026-08-11,12.05,True
34092,210520736,ABT,2026-06-02,338.57,True
34092,210520736,ABT,2026-06-09,340.3,True
34092,210520736,ABT,2026-06-16,344.53,True
34092,210520736,ABT,2026-06-23,347.98,True
34092,210520736,ABT,2026-06-30,348.88,True
34092,210520736,ABT,2026-07-07,350.71,True
34092,210520736,ABT,2026-07-14,357.33,True
34092,210520736,ABT,2026-07-21,353.8,True
34092,210520736,ABT,2026-07-28,354.23,True
34092,210520736,ABT,2026-08-04,350.51,True
34092,210520736,ABT,2026-08-11,349.29,True
34092,210520736,BUY,2026-06-02,341.7,True
34092,210520736,BUY,2026-06-09,343.27,True
34092,210520736,BUY,2026-06-16,350.78,True
34092,210520736,BUY,2026-06-23,360.53,True
34092,210520736,BUY,2026-06-30,360.46,True
34092,210520736,BUY,2026-07-07,363.46,True
34092,210520736,BUY,2026-07-14,362.54,True
34092,210520736,BUY,2026-07-21,356.78,True
34092,210520736,BUY,2026-07-28,361.01,True
34092,210520736,BUY,2026-08-04,363.77,True
34092,210520736,BUY,2026-08-11,377.1,True
34227,210521551,ABT,2026-06-02,4.67,True
34227,210521551,ABT,2026-06-09,4.75,True
34227,210521551,ABT,2026-06-16,4.69,True
34227,210521551,ABT,2026-06-23,4.79,True
34227,210521551,ABT,2026-06-30,4.82,True
34227,210521551,ABT,2026-07-07,4.76,True
34227,210521551,ABT,2026-07-14,4.38,True
34227,210521551,ABT,2026-07-21,4.2,True
34227,210521551,ABT,2026-07-28,4.16,True
34227,210521551,ABT,2026-08-04,4.17,True
34227,210521551,ABT,2026-08-11,4.16,True
34227,210521551,BUY,2026-06-02,4.72,True
34227,210521551,BUY,2026-06-09,4.87,True
34227,210521551,BUY,2026-06-16,5.0,True
34227,210521551,BUY,2026-06-23,4.96,True
34227,210521551,BUY,2026-06-30,5.11,True
34227,210521551,BUY,2026-07-07,5.17,True
34227,210521551,BUY,2026-07-14,5.05,True
34227,210521551,BUY,2026-07-21,5.19,True
34227,210521551,BUY,2026-07-28,5.23,True
34227,210521551,BUY,2026-08-04,5.0,True
34227,210521551,BUY,2026-08-11,4.9,True
16329,210521578,ABT,2026-06-16,540.16,True
16329,210521578,ABT,2026-06-23,530.19,True
16329,210521578,ABT,2026-06-30,505.76,True
16329,210521578,ABT,2026-07-07,514.47,True
16329,210521578,ABT,2026-07-14,514.99,True
16329,210521578,ABT,2026-07-21,484.58,True
16329,210521578,ABT,2026-07-28,488.78,True
16329,210521578,ABT,2026-08-04,501.4,True
16329,210521578,ABT,2026-08-11,510.79,True
16329,210521578,BUY,2026-06-16,522.56,True
16329,210521578,BUY,2026-06-23,513.05,True
16329,210521578,BUY,2026-06-30,517.92,True
16329,210521578,BUY,2026-07-07,518.99,True
16329,210521578,BUY,2026-07-14,531.77,True
16329,210521578,BUY,2026-07-21,540.54,True
16329,210521578,BUY,2026-07-28,531.21,True
16329,210521578,BUY,2026-08-04,525.02,True
16329,210521578,BUY,2026-08-11,524.3,True
38806,210536123,ABT,2026-05-26,4005.46,True
38806,210536123,ABT,2026-06-02,4024.29,True
38806,210536123,ABT,2026-06-09,4027.08,True
38806,210536123,ABT,2026-06-16,3941.81,True
38806,210536123,ABT,2026-06-23,3963.67,True
38806,210536123,ABT,2026-06-30,3903.27,True
38806,210536123,ABT,2026-07-07,3882.68,True
38806,210536123,ABT,2026-07-14,3943.59,True
38806,210536123,ABT,2026-07-21,3910.65,True
38806,210536123,ABT,2026-07-28,3938.49,True
38806,210536123,ABT,2026-08-04,3947.53,True
38806,210536123,ABT,2026-08-11,3948.8,True
38806,210536123,BUY,2026-05-26,4022.8,True
38806,210536123,BUY,2026-06-02,3986.0,True
38806,210536123,BUY,2026-06-09,4044.41,True
38806,210536123,BUY,2026-06-16,4137.1,True
38806,210536123,BUY,2026-06-23,4020.05,True
38806,210536123,BUY,2026-06-30,4028.13,True
38806,210536123,BUY,2026-07-07,4119.99,True
38806,210536123,BUY,2026-07-14,3561.09,True
38806,210536123,BUY,2026-07-21,3081.93,True
38806,210536123,BUY,2026-07-28,2699.24,True
38806,210536123,BUY,2026-08-04,2324.05,True
38806,210536123,BUY,2026-08-11,2266.95,True
38653,210571462,ABT,2026-06-02,79.58,True
38653,210571462,ABT,2026-06-09,81.15,True
38653,210571462,ABT,2026-06-16,80.57,True
38653,210571462,ABT,2026-06-23,80.01,True
38653,210571462,ABT,2026-06-30,82.81,True
38653,210571462,ABT,2026-07-07,83.85,True
38653,210571462,ABT,2026-07-14,83.64,True
38653,210571462,ABT,2026-07-21,84.94,True
38653,210571462,ABT,2026-07-28,85.16,True
38653,210571462,ABT,2026-08-04,86.05,True
38653,210571462,ABT,2026-08-11,87.33,True
38653,210571462,BUY,2026-06-02,80.34,True
38653,210571462,BUY,2026-06-09,78.66,True
38653,210571462,BUY,2026-06-16,79.18,True
38653,210571462,BUY,2026-06-23,77.97,True
38653,210571462,BUY,2026-06-30,80.03,True
38653,210571462,BUY,2026-07-07,81.33,True
38653,210571462,BUY,2026-07-14,74.07,True
38653,210571462,BUY,2026-07-21,70.95,True
38653,210571462,BUY,2026-07-28,64.94,True
38653,210571462,BUY,2026-08-04,64.3,True
38653,210571462,BUY,2026-08-11,66.27,True
38876,210634625,ABT,2026-06-09,80.54,True
38876,210634625,ABT,2026-06-16,75.94,True
38876,210634625,ABT,2026-06-23,71.65,True
38876,210634625,ABT,2026-06-30,65.29,True
38876,210634625,ABT,2026-07-07,62.45,True
38876,210634625,ABT,2026-07-14,62.46,True
38876,210634625,ABT,2026-07-21,61.69,True
38876,210634625,ABT,2026-07-28,63.09,True
38876,210634625,ABT,2026-08-04,62.85,True
38876,210634625,ABT,2026-08-11,62.2,True
38876,210634625,BUY,2026-06-09,78.08,True
38876,210634625,BUY,2026-06-16,77.68,True
38876,210634625,BUY,2026-06-23,76.7,True
38876,210634625,BUY,2026-06-30,78.8,True
38876,210634625,BUY,2026-07-07,79.25,True
38876,210634625,BUY,2026-07-14,77.72,True
38876,210634625,BUY,2026-07-21,75.7,True
38876,210634625,BUY,2026-07-28,75.28,True
38876,210634625,BUY,2026-08-04,75.07,True
38876,210634625,BUY,2026-08-11,75.75,True
38880,210634626,ABT,2026-05-26,100.98,True
38880,210634626,ABT,2026-06-02,102.94,True
38880,210634626,ABT,2026-06-09,101.83,True
38880,210634626,ABT,2026-06-16,104.32,True
38880,210634626,ABT,2026-06-23,106.93,True
38880,210634626,ABT,2026-06-30,107.17,True
38880,210634626,ABT,2026-07-07,105.57,True
38880,210634626,ABT,2026-07-14,116.91,True
38880,210634626,ABT,2026-07-21,115.88,True
38880,210634626,ABT,2026-07-28,110.44,True
38880,210634626,ABT,2026-08-04,109.76,True
38880,210634626,ABT,2026-08-11,109.8,True
38880,210634626,BUY,2026-05-26,96.93,True
38880,210634626,BUY,2026-06-02,96.63,True
38880,210634626,BUY,2026-06-09,81.84,True
38880,210634626,BUY,2026-06-16,78.96,True
38880,210634626,BUY,2026-06-23,78.39,True
38880,210634626,BUY,2026-06-30,67.43,True
38880,210634626,BUY,2026-07-07,71.99,True
38880,210634626,BUY,2026-07-14,72.19,True
38880,210634626,BUY,2026-07-21,71.12,True
38880,210634626,BUY,2026-07-28,72.29,True
38880,210634626,BUY,2026-08-04,73.41,True
38880,210634626,BUY,2026-08-11,73.39,True
23349,50009858,ABT,2026-06-02,23.26,True
23349,50009858,ABT,2026-06-09,21.68,True
23349,50009858,ABT,2026-06-16,21.26,True
23349,50009858,ABT,2026-06-23,21.28,True
23349,50009858,ABT,2026-06-30,18.79,True
23349,50009858,ABT,2026-07-07,16.32,True
23349,50009858,ABT,2026-07-14,14.38,True
23349,50009858,ABT,2026-07-21,12.26,True
23349,50009858,ABT,2026-07-28,10.67,True
23349,50009858,ABT,2026-08-04,9.22,True
23349,50009858,ABT,2026-08-11,8.82,True
23349,50009858,BUY,2026-06-02,25.64,True
23349,50009858,BUY,2026-06-09,25.47,True
23349,50009858,BUY,2026-06-16,25.48,True
23349,50009858,BUY,2026-06-23,25.66,True
23349,50009858,BUY,2026-06-30,25.5,True
23349,50009858,BUY,2026-07-07,22.36,True
23349,50009858,BUY,2026-07-14,22.14,True
23349,50009858,BUY,2026-07-21,22.37,True
23349,50009858,BUY,2026-07-28,22.14,True
23349,50009858,BUY,2026-08-04,22.18,True
23349,50009858,BUY,2026-08-11,21.59,True
23350,50012447,ABT,2026-05-26,34.7,True
23350,50012447,ABT,2026-06-02,34.33,True
23350,50012447,ABT,2026-06-09,34.65,True
23350,50012447,ABT,2026-06-16,34.93,True
23350,50012447,ABT,2026-06-23,34.92,True
23350,50012447,ABT,2026-06-30,35.85,True
23350,50012447,ABT,2026-07-07,31.83,True
23350,50012447,ABT,2026-07-14,32.21,True
23350,50012447,ABT,2026-07-21,32.91,True
23350,50012447,ABT,2026-07-28,32.76,True
23350,50012447,ABT,2026-08-04,33.14,True
23350,50012447,ABT,2026-08-11,33.13,True
23350,50012447,BUY,2026-05-26,34.3,True
23350,50012447,BUY,2026-06-02,34.16,True
23350,50012447,BUY,2026-06-09,34.41,True
23350,50012447,BUY,2026-06-16,32.91,True
23350,50012447,BUY,2026-06-23,32.72,True
23350,50012447,BUY,2026-06-30,31.9,True
23350,50012447,BUY,2026-07-07,31.93,True
23350,50012447,BUY,2026-07-14,31.89,True
23350,50012447,BUY,2026-07-21,34.95,True
23350,50012447,BUY,2026-07-28,35.36,True
23350,50012447,BUY,2026-08-04,35.4,True
23350,50012447,BUY,2026-08-11,34.74,True
23347,50012453,ABT,2026-06-23,21.7,True
23347,50012453,ABT,2026-06-30,18.82,True
23347,50012453,ABT,2026-07-07,19.24,True
23347,50012453,ABT,2026-07-14,19.39,True
23347,50012453,ABT,2026-07-21,18.86,True
23347,50012453,ABT,2026-07-28,18.72,True
23347,50012453,ABT,2026-08-04,18.17,True
23347,50012453,ABT,2026-08-11,18.01,True
23347,50012453,BUY,2026-06-23,24.86,True
23347,50012453,BUY,2026-06-30,25.34,True
23347,50012453,BUY,2026-07-07,25.27,True
23347,50012453,BUY,2026-07-14,24.61,True
23347,50012453,BUY,2026-07-21,24.56,True
23347,50012453,BUY,2026-07-28,24.89,True
23347,50012453,BUY,2026-08-04,24.58,True
23347,50012453,BUY,2026-08-11,24.28,True
33024,90049752,ABT,2026-06-09,14.18,True
33024,90049752,ABT,2026-06-16,14.22,True
33024,90049752,ABT,2026-06-23,14.92,True
33024,90049752,ABT,2026-06-30,14.75,True
33024,90049752,ABT,2026-07-07,14.52,True
33024,90049752,ABT,2026-07-14,14.48,True
33024,90049752,ABT,2026-07-21,14.55,True
33024,90049752,ABT,2026-07-28,12.3,True
33024,90049752,ABT,2026-08-04,12.4,True
33024,90049752,ABT,2026-08-11,12.22,True
33024,90049752,BUY,2026-06-09,14.51,True
33024,90049752,BUY,2026-06-16,14.6,True
33024,90049752,BUY,2026-06-23,14.59,True
33024,90049752,BUY,2026-06-30,14.55,True
33024,90049752,BUY,2026-07-07,14.46,True
33024,90049752,BUY,2026-07-14,14.76,True
33024,90049752,BUY,2026-07-21,15.14,True
33024,90049752,BUY,2026-07-28,14.65,True
33024,90049752,BUY,2026-08-04,14.7,True
33024,90049752,BUY,2026-08-11,13.34,True
4696,90049928,ABT,2026-05-26,50.05,True
4696,90049928,ABT,2026-06-02,49.79,True
4696,90049928,ABT,2026-06-09,50.88,True
4696,90049928,ABT,2026-06-16,51.36,True
4696,90049928,ABT,2026-06-23,51.36,True
4696,90049928,ABT,2026-06-30,50.45,True
4696,90049928,ABT,2026-07-07,49.64,True
4696,90049928,ABT,2026-07-14,50.31,True
4696,90049928,ABT,2026-07-21,47.93,True
4696,90049928,ABT,2026-07-28,48.28,True
4696,90049928,ABT,2026-08-04,48.22,True
4696,90049928,ABT,2026-08-11,47.39,True
4696,90049928,BUY,2026-05-26,42.84,True
4696,90049928,BUY,2026-06-02,42.7,True
4696,90049928,BUY,2026-06-09,42.18,True
4696,90049928,BUY,2026-06-16,42.5,True
4696,90049928,BUY,2026-06-23,42.03,True
4696,90049928,BUY,2026-06-30,41.88,True
4696,90049928,BUY,2026-07-07,41.13,True
4696,90049928,BUY,2026-07-14,40.78,True
4696,90049928,BUY,2026-07-21,40.81,True
4696,90049928,BUY,2026-07-28,41.47,True
4696,90049928,BUY,2026-08-04,36.26,True
4696,90049928,BUY,2026-08-11,39.93,True
8060,90105056,ABT,2026-06-23,506.55,True
8060,90105056,ABT,2026-06-30,455.96,True
8060,90105056,ABT,2026-07-07,420.11,True
8060,90105056,ABT,2026-07-14,431.96,True
8060,90105056,ABT,2026-07-21,432.84,True
8060,90105056,ABT,2026-07-28,437.46,True
8060,90105056,ABT,2026-08-04,429.26,True
8060,90105056,ABT,2026-08-11,435.13,True
8060,90105056,BUY,2026-06-23,522.34,True
8060,90105056,BUY,2026-06-30,518.78,True
8060,90105056,BUY,2026-07-07,532.88,True
8060,90105056,BUY,2026-07-14,542.63,True
8060,90105056,BUY,2026-07-21,551.03,True
8060,90105056,BUY,2026-07-28,556.44,True
8060,90105056,BUY,2026-08-04,563.1,True
8060,90105056,BUY,2026-08-11,562.05,True
14033,90105156,ABT,2026-06-23,17.75,True
14033,90105156,ABT,2026-06-30,16.75,True
14033,90105156,ABT,2026-07-07,15.44,True
14033,90105156,ABT,2026-07-14,15.62,True
14033,90105156,ABT,2026-07-21,15.46,True
14033,90105156,ABT,2026-07-28,14.19,True
14033,90105156,ABT,2026-08-04,14.21,True
14033,90105156,ABT,2026-08-11,14.34,True
14033,90105156,BUY,2026-06-23,17.18,True
14033,90105156,BUY,2026-06-30,17.5,True
14033,90105156,BUY,2026-07-07,18.22,True
14033,90105156,BUY,2026-07-14,18.71,True
14033,90105156,BUY,2026-07-21,18.42,True
14033,90105156,BUY,2026-07-28,18.21,True
14033,90105156,BUY,2026-08-04,18.33,True
14033,90105156,BUY,2026-08-11,18.16,True
20532,90105654,ABT,2026-05-26,12.36,True
20532,90105654,ABT,2026-06-02,12.53,True
20532,90105654,ABT,2026-06-09,12.68,True
20532,90105654,ABT,2026-06-16,12.3,True
20532,90105654,ABT,2026-06-23,12.3,True
20532,90105654,ABT,2026-06-30,12.39,True
20532,90105654,ABT,2026-07-07,12.15,True
20532,90105654,ABT,2026-07-14,11.97,True
20532,90105654,ABT,2026-07-21,13.19,True
20532,90105654,ABT,2026-07-28,12.21,True
20532,90105654,ABT,2026-08-04,10.81,True
20532,90105654,ABT,2026-08-11,10.77,True
20532,90105654,BUY,2026-05-26,12.22,True
20532,90105654,BUY,2026-06-02,12.41,True
20532,90105654,BUY,2026-06-09,12.23,True
20532,90105654,BUY,2026-06-16,12.21,True
20532,90105654,BUY,2026-06-23,12.02,True
20532,90105654,BUY,2026-06-30,12.14,True
20532,90105654,BUY,2026-07-07,12.0,True
20532,90105654,BUY,2026-07-14,11.81,True
20532,90105654,BUY,2026-07-21,11.83,True
20532,90105654,BUY,2026-07-28,11.54,True
20532,90105654,BUY,2026-08-04,12.92,True
20532,90105654,BUY,2026-08-11,12.82,True
10101,90106172,ABT,2026-06-16,26.39,True
10101,90106172,ABT,2026-06-23,26.64,True
10101,90106172,ABT,2026-06-30,26.28,True
10101,90106172,ABT,2026-07-07,25.63,True
10101,90106172,ABT,2026-07-14,25.66,True
10101,90106172,ABT,2026-07-21,25.33,True
10101,90106172,ABT,2026-07-28,25.41,True
10101,90106172,ABT,2026-08-04,26.09,True
10101,90106172,ABT,2026-08-11,25.18,True
10101,90106172,BUY,2026-06-16,24.78,True
10101,90106172,BUY,2026-06-23,24.48,True
10101,90106172,BUY,2026-06-30,24.51,True
10101,90106172,BUY,2026-07-07,24.55,True
10101,90106172,BUY,2026-07-14,24.73,True
10101,90106172,BUY,2026-07-21,25.06,True
10101,90106172,BUY,2026-07-28,25.09,True
10101,90106172,BUY,2026-08-04,21.48,True
10101,90106172,BUY,2026-08-11,21.33,True
10102,90106210,ABT,2026-06-02,39.86,True
10102,90106210,ABT,2026-06-09,40.1,True
10102,90106210,ABT,2026-06-16,40.05,True
10102,90106210,ABT,2026-06-23,40.05,True
10102,90106210,ABT,2026-06-30,40.05,True
10102,90106210,ABT,2026-07-07,39.12,True
10102,90106210,ABT,2026-07-14,38.91,True
10102,90106210,ABT,2026-07-21,44.53,True
10102,90106210,ABT,2026-07-28,44.99,True
10102,90106210,ABT,2026-08-04,44.6,True
10102,90106210,ABT,2026-08-11,44.6,True
10102,90106210,BUY,2026-06-02,40.96,True
10102,90106210,BUY,2026-06-09,35.97,True
10102,90106210,BUY,2026-06-16,36.21,True
10102,90106210,BUY,2026-06-23,33.63,True
10102,90106210,BUY,2026-06-30,34.06,True
10102,90106210,BUY,2026-07-07,33.44,True
10102,90106210,BUY,2026-07-14,32.65,True
10102,90106210,BUY,2026-07-21,32.31,True
10102,90106210,BUY,2026-07-28,31.98,True
10102,90106210,BUY,2026-08-04,32.14,True
10102,90106210,BUY,2026-08-11,33.6,True
13701,90108521,ABT,2026-06-23,79.85,True
13701,90108521,ABT,2026-06-30,72.54,True
13701,90108521,ABT,2026-07-07,71.62,True
13701,90108521,ABT,2026-07-14,72.86,True
13701,90108521,ABT,2026-07-21,67.12,True
13701,90108521,ABT,2026-07-28,62.17,True
13701,90108521,ABT,2026-08-04,61.11,True
13701,90108521,ABT,2026-08-11,61.47,True
13701,90108521,BUY,2026-06-23,79.78,True
13701,90108521,BUY,2026-06-30,78.97,True
13701,90108521,BUY,2026-07-07,79.88,True
13701,90108521,BUY,2026-07-14,78.99,True
13701,90108521,BUY,2026-07-21,77.77,True
13701,90108521,BUY,2026-07-28,78.86,True
13701,90108521,BUY,2026-08-04,80.97,True
13701,90108521,BUY,2026-08-11,81.51,True
13155,90109367,ABT,2026-06-09,580.48,True
13155,90109367,ABT,2026-06-16,508.26,True
13155,90109367,ABT,2026-06-23,447.25,True
13155,90109367,ABT,2026-06-30,393.39,True
13155,90109367,ABT,2026-07-07,342.23,True
13155,90109367,ABT,2026-07-14,302.82,True
13155,90109367,ABT,2026-07-21,309.94,True
13155,90109367,ABT,2026-07-28,304.11,True
13155,90109367,ABT,2026-08-04,306.95,True
13155,90109367,ABT,2026-08-11,300.01,True
13155,90109367,BUY,2026-06-09,588.51,True
13155,90109367,BUY,2026-06-16,531.56,True
13155,90109367,BUY,2026-06-23,527.7,True
13155,90109367,BUY,2026-06-30,525.54,True
13155,90109367,BUY,2026-07-07,520.04,True
13155,90109367,BUY,2026-07-14,443.08,True
13155,90109367,BUY,2026-07-21,431.03,True
13155,90109367,BUY,2026-07-28,427.0,True
13155,90109367,BUY,2026-08-04,432.55,True
13155,90109367,BUY,2026-08-11,383.21,True
13700,90111702,ABT,2026-06-09,80.99,True
13700,90111702,ABT,2026-06-16,72.94,True
13700,90111702,ABT,2026-06-23,63.68,True
13700,90111702,ABT,2026-06-30,57.04,True
13700,90111702,ABT,2026-07-07,51.85,True
13700,90111702,ABT,2026-07-14,47.14,True
13700,90111702,ABT,2026-07-21,48.18,True
13700,90111702,ABT,2026-07-28,47.39,True
13700,90111702,ABT,2026-08-04,47.39,True
13700,90111702,ABT,2026-08-11,47.61,True
13700,90111702,BUY,2026-06-09,80.72,True
13700,90111702,BUY,2026-06-16,80.33,True
13700,90111702,BUY,2026-06-23,91.61,True
13700,90111702,BUY,2026-06-30,83.65,True
13700,90111702,BUY,2026-07-07,84.15,True
13700,90111702,BUY,2026-07-14,85.13,True
13700,90111702,BUY,2026-07-21,85.34,True
13700,90111702,BUY,2026-07-28,84.79,True
13700,90111702,BUY,2026-08-04,83.88,True
13700,90111702,BUY,2026-08-11,84.52,True
9312,90114398,ABT,2026-06-02,10.78,True
9312,90114398,ABT,2026-06-09,10.61,True
9312,90114398,ABT,2026-06-16,10.59,True
9312,90114398,ABT,2026-06-23,8.9,True
9312,90114398,ABT,2026-06-30,8.82,True
9312,90114398,ABT,2026-07-07,8.0,True
9312,90114398,ABT,2026-07-14,7.32,True
9312,90114398,ABT,2026-07-21,6.69,True
9312,90114398,ABT,2026-07-28,6.56,True
9312,90114398,ABT,2026-08-04,6.41,True
9312,90114398,ABT,2026-08-11,6.43,True
9312,90114398,BUY,2026-06-02,11.05,True
9312,90114398,BUY,2026-06-09,10.97,True
9312,90114398,BUY,2026-06-16,11.08,True
9312,90114398,BUY,2026-06-23,10.98,True
9312,90114398,BUY,2026-06-30,11.1,True
9312,90114398,BUY,2026-07-07,10.39,True
9312,90114398,BUY,2026-07-14,10.24,True
9312,90114398,BUY,2026-07-21,9.87,True
9312,90114398,BUY,2026-07-28,9.89,True
9312,90114398,BUY,2026-08-04,9.68,True
9312,90114398,BUY,2026-08-11,9.63,True
25776,90114631,ABT,2026-06-16,129.54,True
25776,90114631,ABT,2026-06-23,126.65,True
25776,90114631,ABT,2026-06-30,125.46,True
25776,90114631,ABT,2026-07-07,114.83,True
25776,90114631,ABT,2026-07-14,113.48,True
25776,90114631,ABT,2026-07-21,114.77,True
25776,90114631,ABT,2026-07-28,113.0,True
25776,90114631,ABT,2026-08-04,111.24,True
25776,90114631,ABT,2026-08-11,110.82,True
25776,90114631,BUY,2026-06-16,128.36,True
25776,90114631,BUY,2026-06-23,128.4,True
25776,90114631,BUY,2026-06-30,127.72,True
25776,90114631,BUY,2026-07-07,116.3,True
25776,90114631,BUY,2026-07-14,111.02,True
25776,90114631,BUY,2026-07-21,110.91,True
25776,90114631,BUY,2026-07-28,111.06,True
25776,90114631,BUY,2026-08-04,115.11,True
25776,90114631,BUY,2026-08-11,116.02,True
17417,90120953,ABT,2026-06-16,41.03,True
17417,90120953,ABT,2026-06-23,35.46,True
17417,90120953,ABT,2026-06-30,35.46,True
17417,90120953,ABT,2026-07-07,35.08,True
17417,90120953,ABT,2026-07-14,35.07,True
17417,90120953,ABT,2026-07-21,34.21,True
17417,90120953,ABT,2026-07-28,33.75,True
17417,90120953,ABT,2026-08-04,29.73,True
17417,90120953,ABT,2026-08-11,29.69,True
17417,90120953,BUY,2026-06-16,40.55,True
17417,90120953,BUY,2026-06-23,40.74,True
17417,90120953,BUY,2026-06-30,40.48,True
17417,90120953,BUY,2026-07-07,39.99,True
17417,90120953,BUY,2026-07-14,40.02,True
17417,90120953,BUY,2026-07-21,40.1,True
17417,90120953,BUY,2026-07-28,40.09,True
17417,90120953,BUY,2026-08-04,39.65,True
17417,90120953,BUY,2026-08-11,40.26,True
13580,90125772,ABT,2026-06-16,30.67,True
13580,90125772,ABT,2026-06-23,31.11,True
13580,90125772,ABT,2026-06-30,31.37,True
13580,90125772,ABT,2026-07-07,28.19,True
13580,90125772,ABT,2026-07-14,28.43,True
13580,90125772,ABT,2026-07-21,28.29,True
13580,90125772,ABT,2026-07-28,28.99,True
13580,90125772,ABT,2026-08-04,29.12,True
13580,90125772,ABT,2026-08-11,28.94,True
13580,90125772,BUY,2026-06-16,30.03,True
13580,90125772,BUY,2026-06-23,29.21,True
13580,90125772,BUY,2026-06-30,29.68,True
13580,90125772,BUY,2026-07-07,29.83,True
13580,90125772,BUY,2026-07-14,29.28,True
13580,90125772,BUY,2026-07-21,29.4,True
13580,90125772,BUY,2026-07-28,25.29,True
13580,90125772,BUY,2026-08-04,25.01,True
13580,90125772,BUY,2026-08-11,25.13,True
13581,90125786,ABT,2026-06-23,30.17,True
13581,90125786,ABT,2026-06-30,30.77,True
13581,90125786,ABT,2026-07-07,30.33,True
13581,90125786,ABT,2026-07-14,30.69,True
13581,90125786,ABT,2026-07-21,30.81,True
13581,90125786,ABT,2026-07-28,30.83,True
13581,90125786,ABT,2026-08-04,30.35,True
13581,90125786,ABT,2026-08-11,30.14,True
13581,90125786,BUY,2026-06-23,30.07,True
13581,90125786,BUY,2026-06-30,29.6,True
13581,90125786,BUY,2026-07-07,27.66,True
13581,90125786,BUY,2026-07-14,24.28,True
13581,90125786,BUY,2026-07-21,27.67,True
13581,90125786,BUY,2026-07-28,27.79,True
13581,90125786,BUY,2026-08-04,27.8,True
13581,90125786,BUY,2026-08-11,27.46,True
20447,90128026,ABT,2026-06-16,7.09,True
20447,90128026,ABT,2026-06-23,6.97,True
20447,90128026,ABT,2026-06-30,6.93,True
20447,90128026,ABT,2026-07-07,6.88,True
20447,90128026,ABT,2026-07-14,6.84,True
20447,90128026,ABT,2026-07-21,6.84,True
20447,90128026,ABT,2026-07-28,6.63,True
20447,90128026,ABT,2026-08-04,6.75,True
20447,90128026,ABT,2026-08-11,5.7,True
20447,90128026,BUY,2026-06-16,6.98,True
20447,90128026,BUY,2026-06-23,7.17,True
20447,90128026,BUY,2026-06-30,7.39,True
20447,90128026,BUY,2026-07-07,7.51,True
20447,90128026,BUY,2026-07-14,7.43,True
20447,90128026,BUY,2026-07-21,7.27,True
20447,90128026,BUY,2026-07-28,7.18,True
20447,90128026,BUY,2026-08-04,7.03,True
20447,90128026,BUY,2026-08-11,6.99,True
36295,90128026,ABT,2026-06-16,5.93,True
36295,90128026,ABT,2026-06-23,5.91,True
36295,90128026,ABT,2026-06-30,6.02,True
36295,90128026,ABT,2026-07-07,5.91,True
36295,90128026,ABT,2026-07-14,5.71,True
36295,90128026,ABT,2026-07-21,5.7,True
36295,90128026,ABT,2026-07-28,5.61,True
36295,90128026,ABT,2026-08-04,5.58,True
36295,90128026,ABT,2026-08-11,5.69,True
36295,90128026,BUY,2026-06-16,6.93,True
36295,90128026,BUY,2026-06-23,6.98,True
36295,90128026,BUY,2026-06-30,7.09,True
36295,90128026,BUY,2026-07-07,7.22,True
36295,90128026,BUY,2026-07-14,7.22,True
36295,90128026,BUY,2026-07-21,7.15,True
36295,90128026,BUY,2026-07-28,7.15,True
36295,90128026,BUY,2026-08-04,7.08,True
36295,90128026,BUY,2026-08-11,7.81,True
13954,90128649,ABT,2026-05-26,304.89,True
13954,90128649,ABT,2026-06-02,352.29,True
13954,90128649,ABT,2026-06-09,349.17,True
13954,90128649,ABT,2026-06-16,334.0,True
13954,90128649,ABT,2026-06-23,336.42,True
13954,90128649,ABT,2026-06-30,334.73,True
13954,90128649,ABT,2026-07-07,332.62,True
13954,90128649,ABT,2026-07-14,330.15,True
13954,90128649,ABT,2026-07-21,325.59,True
13954,90128649,ABT,2026-07-28,333.73,True
13954,90128649,ABT,2026-08-04,335.99,True
13954,90128649,ABT,2026-08-11,343.18,True
13954,90128649,BUY,2026-05-26,292.46,True
13954,90128649,BUY,2026-06-02,292.32,True
13954,90128649,BUY,2026-06-09,289.86,True
13954,90128649,BUY,2026-06-16,292.38,True
13954,90128649,BUY,2026-06-23,291.88,True
13954,90128649,BUY,2026-06-30,293.48,True
13954,90128649,BUY,2026-07-07,295.84,True
13954,90128649,BUY,2026-07-14,290.17,True
13954,90128649,BUY,2026-07-21,292.59,True
13954,90128649,BUY,2026-07-28,292.59,True
13954,90128649,BUY,2026-08-04,296.48,True
13954,90128649,BUY,2026-08-11,329.53,True
22212,90131741,ABT,2026-06-23,47.19,True
22212,90131741,ABT,2026-06-30,47.27,True
22212,90131741,ABT,2026-07-07,45.68,True
22212,90131741,ABT,2026-07-14,43.31,True
22212,90131741,ABT,2026-07-21,41.58,True
22212,90131741,ABT,2026-07-28,38.56,True
22212,90131741,ABT,2026-08-04,36.75,True
22212,90131741,ABT,2026-08-11,36.8,True
22212,90131741,BUY,2026-06-23,47.98,True
22212,90131741,BUY,2026-06-30,46.58,True
22212,90131741,BUY,2026-07-07,46.62,True
22212,90131741,BUY,2026-07-14,46.77,True
22212,90131741,BUY,2026-07-21,46.37,True
22212,90131741,BUY,2026-07-28,47.34,True
22212,90131741,BUY,2026-08-04,47.35,True
22212,90131741,BUY,2026-08-11,44.68,True
22382,90131941,ABT,2026-06-09,40.43,True
22382,90131941,ABT,2026-06-16,39.78,True
22382,90131941,ABT,2026-06-23,39.66,True
22382,90131941,ABT,2026-06-30,38.86,True
22382,90131941,ABT,2026-07-07,33.98,True
22382,90131941,ABT,2026-07-14,33.23,True
22382,90131941,ABT,2026-07-21,32.41,True
22382,90131941,ABT,2026-07-28,32.14,True
22382,90131941,ABT,2026-08-04,31.53,True
22382,90131941,ABT,2026-08-11,32.75,True
22382,90131941,BUY,2026-06-09,38.94,True
22382,90131941,BUY,2026-06-16,39.88,True
22382,90131941,BUY,2026-06-23,38.89,True
22382,90131941,BUY,2026-06-30,39.6,True
22382,90131941,BUY,2026-07-07,39.46,True
22382,90131941,BUY,2026-07-14,40.44,True
22382,90131941,BUY,2026-07-21,38.99,True
22382,90131941,BUY,2026-07-28,41.79,True
22382,90131941,BUY,2026-08-04,43.05,True
22382,90131941,BUY,2026-08-11,43.83,True
15452,90136420,ABT,2026-05-26,122.35,True
15452,90136420,ABT,2026-06-02,123.96,True
15452,90136420,ABT,2026-06-09,124.81,True
15452,90136420,ABT,2026-06-16,114.19,True
15452,90136420,ABT,2026-06-23,116.26,True
15452,90136420,ABT,2026-06-30,117.29,True
15452,90136420,ABT,2026-07-07,117.6,True
15452,90136420,ABT,2026-07-14,114.02,True
15452,90136420,ABT,2026-07-21,115.83,True
15452,90136420,ABT,2026-07-28,103.25,True
15452,90136420,ABT,2026-08-04,103.1,True
15452,90136420,ABT,2026-08-11,102.95,True
15452,90136420,BUY,2026-05-26,121.24,True
15452,90136420,BUY,2026-06-02,122.46,True
15452,90136420,BUY,2026-06-09,119.13,True
15452,90136420,BUY,2026-06-16,120.29,True
15452,90136420,BUY,2026-06-23,121.14,True
15452,90136420,BUY,2026-06-30,118.75,True
15452,90136420,BUY,2026-07-07,120.77,True
15452,90136420,BUY,2026-07-14,119.79,True
15452,90136420,BUY,2026-07-21,119.85,True
15452,90136420,BUY,2026-07-28,119.1,True
15452,90136420,BUY,2026-08-04,118.53,True
15452,90136420,BUY,2026-08-11,119.24,True
9314,90138520,ABT,2026-06-02,18.22,True
9314,90138520,ABT,2026-06-09,18.27,True
9314,90138520,ABT,2026-06-16,17.97,True
9314,90138520,ABT,2026-06-23,17.23,True
9314,90138520,ABT,2026-06-30,16.61,True
9314,90138520,ABT,2026-07-07,14.44,True
9314,90138520,ABT,2026-07-14,12.46,True
9314,90138520,ABT,2026-07-21,10.89,True
9314,90138520,ABT,2026-07-28,11.1,True
9314,90138520,ABT,2026-08-04,10.91,True
9314,90138520,ABT,2026-08-11,10.79,True
9314,90138520,BUY,2026-06-02,18.3,True
9314,90138520,BUY,2026-06-09,18.13,True
9314,90138520,BUY,2026-06-16,17.98,True
9314,90138520,BUY,2026-06-23,18.17,True
9314,90138520,BUY,2026-06-30,17.79,True
9314,90138520,BUY,2026-07-07,17.4,True
9314,90138520,BUY,2026-07-14,17.4,True
9314,90138520,BUY,2026-07-21,16.49,True
9314,90138520,BUY,2026-07-28,18.77,True
9314,90138520,BUY,2026-08-04,18.26,True
9314,90138520,BUY,2026-08-11,17.87,True
30590,90138537,ABT,2026-06-16,73.58,True
30590,90138537,ABT,2026-06-23,72.54,True
30590,90138537,ABT,2026-06-30,72.68,True
30590,90138537,ABT,2026-07-07,72.8,True
30590,90138537,ABT,2026-07-14,71.6,True
30590,90138537,ABT,2026-07-21,71.27,True
30590,90138537,ABT,2026-07-28,61.2,True
30590,90138537,ABT,2026-08-04,61.35,True
30590,90138537,ABT,2026-08-11,59.95,True
30590,90138537,BUY,2026-06-16,74.24,True
30590,90138537,BUY,2026-06-23,75.93,True
30590,90138537,BUY,2026-06-30,75.85,True
30590,90138537,BUY,2026-07-07,77.77,True
30590,90138537,BUY,2026-07-14,77.95,True
30590,90138537,BUY,2026-07-21,78.78,True
30590,90138537,BUY,2026-07-28,76.68,True
30590,90138537,BUY,2026-08-04,77.43,True
30590,90138537,BUY,2026-08-11,77.25,True
8552,90138609,ABT,2026-05-26,166.15,True
8552,90138609,ABT,2026-06-02,165.81,True
8552,90138609,ABT,2026-06-09,185.93,True
8552,90138609,ABT,2026-06-16,189.48,True
8552,90138609,ABT,2026-06-23,190.83,True
8552,90138609,ABT,2026-06-30,184.8,True
8552,90138609,ABT,2026-07-07,183.56,True
8552,90138609,ABT,2026-07-14,183.67,True
8552,90138609,ABT,2026-07-21,181.79,True
8552,90138609,ABT,2026-07-28,180.78,True
8552,90138609,ABT,2026-08-04,183.53,True
8552,90138609,ABT,2026-08-11,186.55,True
8552,90138609,BUY,2026-05-26,169.76,True
8552,90138609,BUY,2026-06-02,167.41,True
8552,90138609,BUY,2026-06-09,169.84,True
8552,90138609,BUY,2026-06-16,146.04,True
8552,90138609,BUY,2026-06-23,120.44,True
8552,90138609,BUY,2026-06-30,103.49,True
8552,90138609,BUY,2026-07-07,89.11,True
8552,90138609,BUY,2026-07-14,75.79,True
8552,90138609,BUY,2026-07-21,59.92,True
8552,90138609,BUY,2026-07-28,58.59,True
8552,90138609,BUY,2026-08-04,56.38,True
8552,90138609,BUY,2026-08-11,56.92,True
36102,90139585,ABT,2026-06-16,290.05,True
36102,90139585,ABT,2026-06-23,288.23,True
36102,90139585,ABT,2026-06-30,293.53,True
36102,90139585,ABT,2026-07-07,295.68,True
36102,90139585,ABT,2026-07-14,298.52,True
36102,90139585,ABT,2026-07-21,273.28,True
36102,90139585,ABT,2026-07-28,245.13,True
36102,90139585,ABT,2026-08-04,220.7,True
36102,90139585,ABT,2026-08-11,185.96,True
36102,90139585,BUY,2026-06-16,302.63,True
36102,90139585,BUY,2026-06-23,305.98,True
36102,90139585,BUY,2026-06-30,300.12,True
36102,90139585,BUY,2026-07-07,300.76,True
36102,90139585,BUY,2026-07-14,297.77,True
36102,90139585,BUY,2026-07-21,300.99,True
36102,90139585,BUY,2026-07-28,308.73,True
36102,90139585,BUY,2026-08-04,301.18,True
36102,90139585,BUY,2026-08-11,297.93,True
11338,90140166,ABT,2026-06-09,135.78,True
11338,90140166,ABT,2026-06-16,136.8,True
11338,90140166,ABT,2026-06-23,118.41,True
11338,90140166,ABT,2026-06-30,103.47,True
11338,90140166,ABT,2026-07-07,102.75,True
11338,90140166,ABT,2026-07-14,103.84,True
11338,90140166,ABT,2026-07-21,104.85,True
11338,90140166,ABT,2026-07-28,104.76,True
11338,90140166,ABT,2026-08-04,106.48,True
11338,90140166,ABT,2026-08-11,109.42,True
11338,90140166,BUY,2026-06-09,134.73,True
11338,90140166,BUY,2026-06-16,135.4,True
11338,90140166,BUY,2026-06-23,136.19,True
11338,90140166,BUY,2026-06-30,117.95,True
11338,90140166,BUY,2026-07-07,117.55,True
11338,90140166,BUY,2026-07-14,118.47,True
11338,90140166,BUY,2026-07-21,119.14,True
11338,90140166,BUY,2026-07-28,124.57,True
11338,90140166,BUY,2026-08-04,123.38,True
11338,90140166,BUY,2026-08-11,122.06,True
16669,90140203,ABT,2026-05-26,21.54,True
16669,90140203,ABT,2026-06-02,21.78,True
16669,90140203,ABT,2026-06-09,22.44,True
16669,90140203,ABT,2026-06-16,22.69,True
16669,90140203,ABT,2026-06-23,23.41,True
16669,90140203,ABT,2026-06-30,23.52,True
16669,90140203,ABT,2026-07-07,23.79,True
16669,90140203,ABT,2026-07-14,23.47,True
16669,90140203,ABT,2026-07-21,23.68,True
16669,90140203,ABT,2026-07-28,22.83,True
16669,90140203,ABT,2026-08-04,23.18,True
16669,90140203,ABT,2026-08-11,25.77,True
16669,90140203,BUY,2026-05-26,21.64,True
16669,90140203,BUY,2026-06-02,20.39,True
16669,90140203,BUY,2026-06-09,20.43,True
16669,90140203,BUY,2026-06-16,20.27,True
16669,90140203,BUY,2026-06-23,20.51,True
16669,90140203,BUY,2026-06-30,20.18,True
16669,90140203,BUY,2026-07-07,20.09,True
16669,90140203,BUY,2026-07-14,20.12,True
16669,90140203,BUY,2026-07-21,20.15,True
16669,90140203,BUY,2026-07-28,20.44,True
16669,90140203,BUY,2026-08-04,20.57,True
16669,90140203,BUY,2026-08-11,18.91,True
17067,90140498,ABT,2026-05-26,37.04,True
17067,90140498,ABT,2026-06-02,37.8,True
17067,90140498,ABT,2026-06-09,37.8,True
17067,90140498,ABT,2026-06-16,37.43,True
17067,90140498,ABT,2026-06-23,37.66,True
17067,90140498,ABT,2026-06-30,38.56,True
17067,90140498,ABT,2026-07-07,38.15,True
17067,90140498,ABT,2026-07-14,39.19,True
17067,90140498,ABT,2026-07-21,38.93,True
17067,90140498,ABT,2026-07-28,39.01,True
17067,90140498,ABT,2026-08-04,39.94,True
17067,90140498,ABT,2026-08-11,40.1,True
17067,90140498,BUY,2026-05-26,37.02,True
17067,90140498,BUY,2026-06-02,37.21,True
17067,90140498,BUY,2026-06-09,37.8,True
17067,90140498,BUY,2026-06-16,37.77,True
17067,90140498,BUY,2026-06-23,36.76,True
17067,90140498,BUY,2026-06-30,37.19,True
17067,90140498,BUY,2026-07-07,37.01,True
17067,90140498,BUY,2026-07-14,36.73,True
17067,90140498,BUY,2026-07-21,36.11,True
17067,90140498,BUY,2026-07-28,36.1,True
17067,90140498,BUY,2026-08-04,35.86,True
17067,90140498,BUY,2026-08-11,35.36,True
17220,90141074,ABT,2026-06-16,14.92,True
17220,90141074,ABT,2026-06-23,15.27,True
17220,90141074,ABT,2026-06-30,15.45,True
17220,90141074,ABT,2026-07-07,15.21,True
17220,90141074,ABT,2026-07-14,14.02,True
17220,90141074,ABT,2026-07-21,14.14,True
17220,90141074,ABT,2026-07-28,14.21,True
17220,90141074,ABT,2026-08-04,14.37,True
17220,90141074,ABT,2026-08-11,14.68,True
17220,90141074,BUY,2026-06-16,15.11,True
17220,90141074,BUY,2026-06-23,14.94,True
17220,90141074,BUY,2026-06-30,14.99,True
17220,90141074,BUY,2026-07-07,14.41,True
17220,90141074,BUY,2026-07-14,14.38,True
17220,90141074,BUY,2026-07-21,14.47,True
17220,90141074,BUY,2026-07-28,14.59,True
17220,90141074,BUY,2026-08-04,14.84,True
17220,90141074,BUY,2026-08-11,15.03,True
36053,90141687,ABT,2026-05-26,100.72,True
36053,90141687,ABT,2026-06-02,99.41,True
36053,90141687,ABT,2026-06-09,100.83,True
36053,90141687,ABT,2026-06-16,97.82,True
36053,90141687,ABT,2026-06-23,100.65,True
36053,90141687,ABT,2026-06-30,100.89,True
36053,90141687,ABT,2026-07-07,101.83,True
36053,90141687,ABT,2026-07-14,87.07,True
36053,90141687,ABT,2026-07-21,66.08,True
36053,90141687,ABT,2026-07-28,56.69,True
36053,90141687,ABT,2026-08-04,54.83,True
36053,90141687,ABT,2026-08-11,46.19,True
36053,90141687,BUY,2026-05-26,99.7,True
36053,90141687,BUY,2026-06-02,99.37,True
36053,90141687,BUY,2026-06-09,97.92,True
36053,90141687,BUY,2026-06-16,100.79,True
36053,90141687,BUY,2026-06-23,99.35,True
36053,90141687,BUY,2026-06-30,100.74,True
36053,90141687,BUY,2026-07-07,100.17,True
36053,90141687,BUY,2026-07-14,99.73,True
36053,90141687,BUY,2026-07-21,100.33,True
36053,90141687,BUY,2026-07-28,100.96,True
36053,90141687,BUY,2026-08-04,99.46,True
36053,90141687,BUY,2026-08-11,98.15,True
36052,90142591,ABT,2026-06-23,535.12,True
36052,90142591,ABT,2026-06-30,527.99,True
36052,90142591,ABT,2026-07-07,531.6,True
36052,90142591,ABT,2026-07-14,536.53,True
36052,90142591,ABT,2026-07-21,528.47,True
36052,90142591,ABT,2026-07-28,533.16,True
36052,90142591,ABT,2026-08-04,538.08,True
36052,90142591,ABT,2026-08-11,507.07,True
36052,90142591,BUY,2026-06-23,531.64,True
36052,90142591,BUY,2026-06-30,511.3,True
36052,90142591,BUY,2026-07-07,504.25,True
36052,90142591,BUY,2026-07-14,473.19,True
36052,90142591,BUY,2026-07-21,431.73,True
36052,90142591,BUY,2026-07-28,413.23,True
36052,90142591,BUY,2026-08-04,418.53,True
36052,90142591,BUY,2026-08-11,417.1,True
35498,90144998,ABT,2026-06-23,143.25,True
35498,90144998,ABT,2026-06-30,145.36,True
35498,90144998,ABT,2026-07-07,146.71,True
35498,90144998,ABT,2026-07-14,145.88,True
35498,90144998,ABT,2026-07-21,144.26,True
35498,90144998,ABT,2026-07-28,137.09,True
35498,90144998,ABT,2026-08-04,138.01,True
35498,90144998,ABT,2026-08-11,138.92,True
35498,90144998,BUY,2026-06-23,150.48,True
35498,90144998,BUY,2026-06-30,147.42,True
35498,90144998,BUY,2026-07-07,139.12,True
35498,90144998,BUY,2026-07-14,130.45,True
35498,90144998,BUY,2026-07-21,131.66,True
35498,90144998,BUY,2026-07-28,127.29,True
35498,90144998,BUY,2026-08-04,125.78,True
35498,90144998,BUY,2026-08-11,124.64,True
36169,90145444,ABT,2026-06-16,34.6,True
36169,90145444,ABT,2026-06-23,34.59,True
36169,90145444,ABT,2026-06-30,34.48,True
36169,90145444,ABT,2026-07-07,34.67,True
36169,90145444,ABT,2026-07-14,35.21,True
36169,90145444,ABT,2026-07-21,35.77,True
36169,90145444,ABT,2026-07-28,36.4,True
36169,90145444,ABT,2026-08-04,36.58,True
36169,90145444,ABT,2026-08-11,36.32,True
36169,90145444,BUY,2026-06-16,34.7,True
36169,90145444,BUY,2026-06-23,34.81,True
36169,90145444,BUY,2026-06-30,34.34,True
36169,90145444,BUY,2026-07-07,34.53,True
36169,90145444,BUY,2026-07-14,34.35,True
36169,90145444,BUY,2026-07-21,34.82,True
36169,90145444,BUY,2026-07-28,33.75,True
36169,90145444,BUY,2026-08-04,34.78,True
36169,90145444,BUY,2026-08-11,35.09,True
19676,90145560,ABT,2026-06-23,141.13,True
19676,90145560,ABT,2026-06-30,157.1,True
19676,90145560,ABT,2026-07-07,161.25,True
19676,90145560,ABT,2026-07-14,159.01,True
19676,90145560,ABT,2026-07-21,171.1,True
19676,90145560,ABT,2026-07-28,173.0,True
19676,90145560,ABT,2026-08-04,170.77,True
19676,90145560,ABT,2026-08-11,174.16,True
19676,90145560,BUY,2026-06-23,145.68,True
19676,90145560,BUY,2026-06-30,143.34,True
19676,90145560,BUY,2026-07-07,145.5,True
19676,90145560,BUY,2026-07-14,145.88,True
19676,90145560,BUY,2026-07-21,150.23,True
19676,90145560,BUY,2026-07-28,149.5,True
19676,90145560,BUY,2026-08-04,169.2,True
19676,90145560,BUY,2026-08-11,188.76,True
17872,90145561,ABT,2026-06-02,186.07,True
17872,90145561,ABT,2026-06-09,183.24,True
17872,90145561,ABT,2026-06-16,162.67,True
17872,90145561,ABT,2026-06-23,163.95,True
17872,90145561,ABT,2026-06-30,188.36,True
17872,90145561,ABT,2026-07-07,186.22,True
17872,90145561,ABT,2026-07-14,177.04,True
17872,90145561,ABT,2026-07-21,178.45,True
17872,90145561,ABT,2026-07-28,178.17,True
17872,90145561,ABT,2026-08-04,179.64,True
17872,90145561,ABT,2026-08-11,172.69,True
17872,90145561,BUY,2026-06-02,217.05,True
17872,90145561,BUY,2026-06-09,203.67,True
17872,90145561,BUY,2026-06-16,200.89,True
17872,90145561,BUY,2026-06-23,204.71,True
17872,90145561,BUY,2026-06-30,178.94,True
17872,90145561,BUY,2026-07-07,135.89,True
17872,90145561,BUY,2026-07-14,120.96,True
17872,90145561,BUY,2026-07-21,106.98,True
17872,90145561,BUY,2026-07-28,97.46,True
17872,90145561,BUY,2026-08-04,97.03,True
17872,90145561,BUY,2026-08-11,98.0,True
25388,90145568,ABT,2026-06-16,99.99,True
25388,90145568,ABT,2026-06-23,103.55,True
25388,90145568,ABT,2026-06-30,104.04,True
25388,90145568,ABT,2026-07-07,104.7,True
25388,90145568,ABT,2026-07-14,102.58,True
25388,90145568,ABT,2026-07-21,100.16,True
25388,90145568,ABT,2026-07-28,100.64,True
25388,90145568,ABT,2026-08-04,96.93,True
25388,90145568,ABT,2026-08-11,93.49,True
25388,90145568,BUY,2026-06-16,99.3,True
25388,90145568,BUY,2026-06-23,100.2,True
25388,90145568,BUY,2026-06-30,101.02,True
25388,90145568,BUY,2026-07-07,96.25,True
25388,90145568,BUY,2026-07-14,94.9,True
25388,90145568,BUY,2026-07-21,95.16,True
25388,90145568,BUY,2026-07-28,96.73,True
25388,90145568,BUY,2026-08-04,96.17,True
25388,90145568,BUY,2026-08-11,96.5,True
17873,90145584,ABT,2026-06-09,322.7,True
17873,90145584,ABT,2026-06-16,323.17,True
17873,90145584,ABT,2026-06-23,326.49,True
17873,90145584,ABT,2026-06-30,325.19,True
17873,90145584,ABT,2026-07-07,319.25,True
17873,90145584,ABT,2026-07-14,314.44,True
17873,90145584,ABT,2026-07-21,318.92,True
17873,90145584,ABT,2026-07-28,310.08,True
17873,90145584,ABT,2026-08-04,307.69,True
17873,90145584,ABT,2026-08-11,307.61,True
17873,90145584,BUY,2026-06-09,311.54,True
17873,90145584,BUY,2026-06-16,314.15,True
17873,90145584,BUY,2026-06-23,301.34,True
17873,90145584,BUY,2026-06-30,279.23,True
17873,90145584,BUY,2026-07-07,229.62,True
17873,90145584,BUY,2026-07-14,215.86,True
17873,90145584,BUY,2026-07-21,220.55,True
17873,90145584,BUY,2026-07-28,218.31,True
17873,90145584,BUY,2026-08-04,215.36,True
17873,90145584,BUY,2026-08-11,211.82,True
19141,90145586,ABT,2026-06-23,129.72,True
19141,90145586,ABT,2026-06-30,132.07,True
19141,90145586,ABT,2026-07-07,134.1,True
19141,90145586,ABT,2026-07-14,134.12,True
19141,90145586,ABT,2026-07-21,132.96,True
19141,90145586,ABT,2026-07-28,134.25,True
19141,90145586,ABT,2026-08-04,131.01,True
19141,90145586,ABT,2026-08-11,133.27,True
19141,90145586,BUY,2026-06-23,126.85,True
19141,90145586,BUY,2026-06-30,125.18,True
19141,90145586,BUY,2026-07-07,111.6,True
19141,90145586,BUY,2026-07-14,100.09,True
19141,90145586,BUY,2026-07-21,88.75,True
19141,90145586,BUY,2026-07-28,79.83,True
19141,90145586,BUY,2026-08-04,79.01,True
19141,90145586,BUY,2026-08-11,73.73,True
18524,90145909,ABT,2026-06-09,281.28,True
18524,90145909,ABT,2026-06-16,286.11,True
18524,90145909,ABT,2026-06-23,284.86,True
18524,90145909,ABT,2026-06-30,290.06,True
18524,90145909,ABT,2026-07-07,291.4,True
18524,90145909,ABT,2026-07-14,300.13,True
18524,90145909,ABT,2026-07-21,289.63,True
18524,90145909,ABT,2026-07-28,292.7,True
18524,90145909,ABT,2026-08-04,297.01,True
18524,90145909,ABT,2026-08-11,297.52,True
18524,90145909,BUY,2026-06-09,328.47,True
18524,90145909,BUY,2026-06-16,333.17,True
18524,90145909,BUY,2026-06-23,331.61,True
18524,90145909,BUY,2026-06-30,328.53,True
18524,90145909,BUY,2026-07-07,328.13,True
18524,90145909,BUY,2026-07-14,329.4,True
18524,90145909,BUY,2026-07-21,329.16,True
18524,90145909,BUY,2026-07-28,325.8,True
18524,90145909,BUY,2026-08-04,327.34,True
18524,90145909,BUY,2026-08-11,355.94,True
17479,90145972,ABT,2026-06-09,322.75,True
17479,90145972,ABT,2026-06-16,334.64,True
17479,90145972,ABT,2026-06-23,333.02,True
17479,90145972,ABT,2026-06-30,365.25,True
17479,90145972,ABT,2026-07-07,368.54,True
17479,90145972,ABT,2026-07-14,389.63,True
17479,90145972,ABT,2026-07-21,393.27,True
17479,90145972,ABT,2026-07-28,387.63,True
17479,90145972,ABT,2026-08-04,387.58,True
17479,90145972,ABT,2026-08-11,387.54,True
17479,90145972,BUY,2026-06-09,333.36,True
17479,90145972,BUY,2026-06-16,339.9,True
17479,90145972,BUY,2026-06-23,344.34,True
17479,90145972,BUY,2026-06-30,351.14,True
17479,90145972,BUY,2026-07-07,353.31,True
17479,90145972,BUY,2026-07-14,353.6,True
17479,90145972,BUY,2026-07-21,349.4,True
17479,90145972,BUY,2026-07-28,353.8,True
17479,90145972,BUY,2026-08-04,367.01,True
17479,90145972,BUY,2026-08-11,369.43,True
23246,90146847,ABT,2026-06-16,315.12,True
23246,90146847,ABT,2026-06-23,313.61,True
23246,90146847,ABT,2026-06-30,311.3,True
23246,90146847,ABT,2026-07-07,312.69,True
23246,90146847,ABT,2026-07-14,314.44,True
23246,90146847,ABT,2026-07-21,306.15,True
23246,90146847,ABT,2026-07-28,302.66,True
23246,90146847,ABT,2026-08-04,274.12,True
23246,90146847,ABT,2026-08-11,277.81,True
23246,90146847,BUY,2026-06-16,294.83,True
23246,90146847,BUY,2026-06-23,292.48,True
23246,90146847,BUY,2026-06-30,297.07,True
23246,90146847,BUY,2026-07-07,302.92,True
23246,90146847,BUY,2026-07-14,309.65,True
23246,90146847,BUY,2026-07-21,306.43,True
23246,90146847,BUY,2026-07-28,299.18,True
23246,90146847,BUY,2026-08-04,299.4,True
23246,90146847,BUY,2026-08-11,294.98,True
16668,90148258,ABT,2026-06-23,48.84,True
16668,90148258,ABT,2026-06-30,48.38,True
16668,90148258,ABT,2026-07-07,48.89,True
16668,90148258,ABT,2026-07-14,48.87,True
16668,90148258,ABT,2026-07-21,50.27,True
16668,90148258,ABT,2026-07-28,49.47,True
16668,90148258,ABT,2026-08-04,49.27,True
16668,90148258,ABT,2026-08-11,48.46,True
16668,90148258,BUY,2026-06-23,48.6,True
16668,90148258,BUY,2026-06-30,44.22,True
16668,90148258,BUY,2026-07-07,40.67,True
16668,90148258,BUY,2026-07-14,38.07,True
16668,90148258,BUY,2026-07-21,38.26,True
16668,90148258,BUY,2026-07-28,38.84,True
16668,90148258,BUY,2026-08-04,39.51,True
16668,90148258,BUY,2026-08-11,39.18,True
19112,90148541,ABT,2026-06-16,10.0,True
19112,90148541,ABT,2026-06-23,10.1,True
19112,90148541,ABT,2026-06-30,10.25,True
19112,90148541,ABT,2026-07-07,10.34,True
19112,90148541,ABT,2026-07-14,10.48,True
19112,90148541,ABT,2026-07-21,10.62,True
19112,90148541,ABT,2026-07-28,10.96,True
19112,90148541,ABT,2026-08-04,10.83,True
19112,90148541,ABT,2026-08-11,10.82,True
19112,90148541,BUY,2026-06-16,10.11,True
19112,90148541,BUY,2026-06-23,10.04,True
19112,90148541,BUY,2026-06-30,10.08,True
19112,90148541,BUY,2026-07-07,8.52,True
19112,90148541,BUY,2026-07-14,7.77,True
19112,90148541,BUY,2026-07-21,7.91,True
19112,90148541,BUY,2026-07-28,7.79,True
19112,90148541,BUY,2026-08-04,7.74,True
19112,90148541,BUY,2026-08-11,7.65,True
20458,201953021,ABT,2026-06-23,13.94,True
20458,201953021,ABT,2026-06-30,13.64,True
20458,201953021,ABT,2026-07-07,13.65,True
20458,201953021,ABT,2026-07-14,13.56,True
20458,201953021,ABT,2026-07-21,13.55,True
20458,201953021,ABT,2026-07-28,13.68,True
20458,201953021,ABT,2026-08-04,13.96,True
20458,201953021,ABT,2026-08-11,13.82,True
20458,201953021,BUY,2026-06-23,13.36,True
20458,201953021,BUY,2026-06-30,12.59,True
20458,201953021,BUY,2026-07-07,11.9,True
20458,201953021,BUY,2026-07-14,10.87,True
20458,201953021,BUY,2026-07-21,11.17,True
20458,201953021,BUY,2026-07-28,11.0,True
20458,201953021,BUY,2026-08-04,10.98,True
20458,201953021,BUY,2026-08-11,10.85,True
20459,201953025,ABT,2026-06-16,14.21,True
20459,201953025,ABT,2026-06-23,14.21,True
20459,201953025,ABT,2026-06-30,12.66,True
20459,201953025,ABT,2026-07-07,12.61,True
20459,201953025,ABT,2026-07-14,11.28,True
20459,201953025,ABT,2026-07-21,11.25,True
20459,201953025,ABT,2026-07-28,11.2,True
20459,201953025,ABT,2026-08-04,11.26,True
20459,201953025,ABT,2026-08-11,10.97,True
20459,201953025,BUY,2026-06-16,14.22,True
20459,201953025,BUY,2026-06-23,14.07,True
20459,201953025,BUY,2026-06-30,16.12,True
20459,201953025,BUY,2026-07-07,16.04,True
20459,201953025,BUY,2026-07-14,16.06,True
20459,201953025,BUY,2026-07-21,16.13,True
20459,201953025,BUY,2026-07-28,16.03,True
20459,201953025,BUY,2026-08-04,16.09,True
20459,201953025,BUY,2026-08-11,15.64,True
22306,202291459,ABT,2026-05-26,98.64,True
22306,202291459,ABT,2026-06-02,98.91,True
22306,202291459,ABT,2026-06-09,99.46,True
22306,202291459,ABT,2026-06-16,87.41,True
22306,202291459,ABT,2026-06-23,85.76,True
22306,202291459,ABT,2026-06-30,85.38,True
22306,202291459,ABT,2026-07-07,87.78,True
22306,202291459,ABT,2026-07-14,85.15,True
22306,202291459,ABT,2026-07-21,85.16,True
22306,202291459,ABT,2026-07-28,95.41,True
22306,202291459,ABT,2026-08-04,98.72,True
22306,202291459,ABT,2026-08-11,97.85,True
22306,202291459,BUY,2026-05-26,97.02,True
22306,202291459,BUY,2026-06-02,98.88,True
22306,202291459,BUY,2026-06-09,83.77,True
22306,202291459,BUY,2026-06-16,75.64,True
22306,202291459,BUY,2026-06-23,63.27,True
22306,202291459,BUY,2026-06-30,63.42,True
22306,202291459,BUY,2026-07-07,56.47,True
22306,202291459,BUY,2026-07-14,56.55,True
22306,202291459,BUY,2026-07-21,56.92,True
22306,202291459,BUY,2026-07-28,56.57,True
22306,202291459,BUY,2026-08-04,56.25,True
22306,202291459,BUY,2026-08-11,56.85,True
32005,202899998,ABT,2026-06-16,1387.83,True
32005,202899998,ABT,2026-06-23,1430.26,True
32005,202899998,ABT,2026-06-30,1427.9,True
32005,202899998,ABT,2026-07-07,1429.44,True
32005,202899998,ABT,2026-07-14,1421.21,True
32005,202899998,ABT,2026-07-21,1427.74,True
32005,202899998,ABT,2026-07-28,1427.26,True
32005,202899998,ABT,2026-08-04,1430.1,True
32005,202899998,ABT,2026-08-11,1313.8,True
32005,202899998,BUY,2026-06-16,1643.24,True
32005,202899998,BUY,2026-06-23,1654.96,True
32005,202899998,BUY,2026-06-30,1646.24,True
32005,202899998,BUY,2026-07-07,1664.81,True
32005,202899998,BUY,2026-07-14,1645.77,True
32005,202899998,BUY,2026-07-21,1678.5,True
32005,202899998,BUY,2026-07-28,1458.44,True
32005,202899998,BUY,2026-08-04,1471.84,True
32005,202899998,BUY,2026-08-11,1485.39,True
25813,202973389,ABT,2026-05-26,147.73,True
25813,202973389,ABT,2026-06-02,146.38,True
25813,202973389,ABT,2026-06-09,147.1,True
25813,202973389,ABT,2026-06-16,125.47,True
25813,202973389,ABT,2026-06-23,124.93,True
25813,202973389,ABT,2026-06-30,124.79,True
25813,202973389,ABT,2026-07-07,127.28,True
25813,202973389,ABT,2026-07-14,128.43,True
25813,202973389,ABT,2026-07-21,129.14,True
25813,202973389,ABT,2026-07-28,128.01,True
25813,202973389,ABT,2026-08-04,122.23,True
25813,202973389,ABT,2026-08-11,118.94,True
25813,202973389,BUY,2026-05-26,128.06,True
25813,202973389,BUY,2026-06-02,125.95,True
25813,202973389,BUY,2026-06-09,128.17,True
25813,202973389,BUY,2026-06-16,127.68,True
25813,202973389,BUY,2026-06-23,127.61,True
25813,202973389,BUY,2026-06-30,129.61,True
25813,202973389,BUY,2026-07-07,127.25,True
25813,202973389,BUY,2026-07-14,129.26,True
25813,202973389,BUY,2026-07-21,127.93,True
25813,202973389,BUY,2026-07-28,129.4,True
25813,202973389,BUY,2026-08-04,124.98,True
25813,202973389,BUY,2026-08-11,122.54,True
25670,203389465,ABT,2026-05-26,382.42,True
25670,203389465,ABT,2026-06-02,360.86,True
25670,203389465,ABT,2026-06-09,386.56,True
25670,203389465,ABT,2026-06-16,395.29,True
25670,203389465,ABT,2026-06-23,397.61,True
25670,203389465,ABT,2026-06-30,393.31,True
25670,203389465,ABT,2026-07-07,364.16,True
25670,203389465,ABT,2026-07-14,310.27,True
25670,203389465,ABT,2026-07-21,308.18,True
25670,203389465,ABT,2026-07-28,300.42,True
25670,203389465,ABT,2026-08-04,300.09,True
25670,203389465,ABT,2026-08-11,289.83,True
25670,203389465,BUY,2026-05-26,325.51,True
25670,203389465,BUY,2026-06-02,327.32,True
25670,203389465,BUY,2026-06-09,316.96,True
25670,203389465,BUY,2026-06-16,311.57,True
25670,203389465,BUY,2026-06-23,307.77,True
25670,203389465,BUY,2026-06-30,302.49,True
25670,203389465,BUY,2026-07-07,301.79,True
25670,203389465,BUY,2026-07-14,305.65,True
25670,203389465,BUY,2026-07-21,307.8,True
25670,203389465,BUY,2026-07-28,294.04,True
25670,203389465,BUY,2026-08-04,290.26,True
25670,203389465,BUY,2026-08-11,293.43,True
36027,203396159,ABT,2026-06-02,46.26,True
36027,203396159,ABT,2026-06-09,46.04,True
36027,203396159,ABT,2026-06-16,45.61,True
36027,203396159,ABT,2026-06-23,45.78,True
36027,203396159,ABT,2026-06-30,45.19,True
36027,203396159,ABT,2026-07-07,45.93,True
36027,203396159,ABT,2026-07-14,46.14,True
36027,203396159,ABT,2026-07-21,45.65,True
36027,203396159,ABT,2026-07-28,45.85,True
36027,203396159,ABT,2026-08-04,43.91,True
36027,203396159,ABT,2026-08-11,44.96,True
36027,203396159,BUY,2026-06-02,41.84,True
36027,203396159,BUY,2026-06-09,38.07,True
36027,203396159,BUY,2026-06-16,38.54,True
36027,203396159,BUY,2026-06-23,38.72,True
36027,203396159,BUY,2026-06-30,39.24,True
36027,203396159,BUY,2026-07-07,39.59,True
36027,203396159,BUY,2026-07-14,39.01,True
36027,203396159,BUY,2026-07-21,38.97,True
36027,203396159,BUY,2026-07-28,39.39,True
36027,203396159,BUY,2026-08-04,39.55,True
36027,203396159,BUY,2026-08-11,39.8,True
26805,203900180,ABT,2026-05-26,305.36,True
26805,203900180,ABT,2026-06-02,301.35,True
26805,203900180,ABT,2026-06-09,300.0,True
26805,203900180,ABT,2026-06-16,300.96,True
26805,203900180,ABT,2026-06-23,300.4,True
26805,203900180,ABT,2026-06-30,297.84,True
26805,203900180,ABT,2026-07-07,303.52,True
26805,203900180,ABT,2026-07-14,308.79,True
26805,203900180,ABT,2026-07-21,309.77,True
26805,203900180,ABT,2026-07-28,315.11,True
26805,203900180,ABT,2026-08-04,303.89,True
26805,203900180,ABT,2026-08-11,309.51,True
26805,203900180,BUY,2026-05-26,295.29,True
26805,203900180,BUY,2026-06-02,294.57,True
26805,203900180,BUY,2026-06-09,292.56,True
26805,203900180,BUY,2026-06-16,293.36,True
26805,203900180,BUY,2026-06-23,255.0,True
26805,203900180,BUY,2026-06-30,206.93,True
26805,203900180,BUY,2026-07-07,210.35,True
26805,203900180,BUY,2026-07-14,208.47,True
26805,203900180,BUY,2026-07-21,211.62,True
26805,203900180,BUY,2026-07-28,208.6,True
26805,203900180,BUY,2026-08-04,208.65,True
26805,203900180,BUY,2026-08-11,208.28,True
28067,203922244,ABT,2026-06-23,26.02,True
28067,203922244,ABT,2026-06-30,25.99,True
28067,203922244,ABT,2026-07-07,25.9,True
28067,203922244,ABT,2026-07-14,25.77,True
28067,203922244,ABT,2026-07-21,25.18,True
28067,203922244,ABT,2026-07-28,25.35,True
28067,203922244,ABT,2026-08-04,25.43,True
28067,203922244,ABT,2026-08-11,24.75,True
28067,203922244,BUY,2026-06-23,26.95,True
28067,203922244,BUY,2026-06-30,26.47,True
28067,203922244,BUY,2026-07-07,25.84,True
28067,203922244,BUY,2026-07-14,25.78,True
28067,203922244,BUY,2026-07-21,25.81,True
28067,203922244,BUY,2026-07-28,25.85,True
28067,203922244,BUY,2026-08-04,25.52,True
28067,203922244,BUY,2026-08-11,25.76,True
29238,204206937,ABT,2026-06-23,35.93,True
29238,204206937,ABT,2026-06-30,35.94,True
29238,204206937,ABT,2026-07-07,35.4,True
29238,204206937,ABT,2026-07-14,33.96,True
29238,204206937,ABT,2026-07-21,34.13,True
29238,204206937,ABT,2026-07-28,33.73,True
29238,204206937,ABT,2026-08-04,33.15,True
29238,204206937,ABT,2026-08-11,32.53,True
29238,204206937,BUY,2026-06-23,39.39,True
29238,204206937,BUY,2026-06-30,34.5,True
29238,204206937,BUY,2026-07-07,30.71,True
29238,204206937,BUY,2026-07-14,27.44,True
29238,204206937,BUY,2026-07-21,24.82,True
29238,204206937,BUY,2026-07-28,18.34,True
29238,204206937,BUY,2026-08-04,18.11,True
29238,204206937,BUY,2026-08-11,17.06,True
29099,204222472,ABT,2026-06-02,44.72,True
29099,204222472,ABT,2026-06-09,44.56,True
29099,204222472,ABT,2026-06-16,44.02,True
29099,204222472,ABT,2026-06-23,45.01,True
29099,204222472,ABT,2026-06-30,45.04,True
29099,204222472,ABT,2026-07-07,36.57,True
29099,204222472,ABT,2026-07-14,32.26,True
29099,204222472,ABT,2026-07-21,28.25,True
29099,204222472,ABT,2026-07-28,25.41,True
29099,204222472,ABT,2026-08-04,21.55,True
29099,204222472,ABT,2026-08-11,22.31,True
29099,204222472,BUY,2026-06-02,39.68,True
29099,204222472,BUY,2026-06-09,39.65,True
29099,204222472,BUY,2026-06-16,39.2,True
29099,204222472,BUY,2026-06-23,39.08,True
29099,204222472,BUY,2026-06-30,39.25,True
29099,204222472,BUY,2026-07-07,39.45,True
29099,204222472,BUY,2026-07-14,39.87,True
29099,204222472,BUY,2026-07-21,39.46,True
29099,204222472,BUY,2026-07-28,39.64,True
29099,204222472,BUY,2026-08-04,39.37,True
29099,204222472,BUY,2026-08-11,39.63,True
37531,204226641,ABT,2026-06-09,10.14,True
37531,204226641,ABT,2026-06-16,9.86,True
37531,204226641,ABT,2026-06-23,10.04,True
37531,204226641,ABT,2026-06-30,10.38,True
37531,204226641,ABT,2026-07-07,10.33,True
37531,204226641,ABT,2026-07-14,9.44,True
37531,204226641,ABT,2026-07-21,9.43,True
37531,204226641,ABT,2026-07-28,9.46,True
37531,204226641,ABT,2026-08-04,9.5,True
37531,204226641,ABT,2026-08-11,9.54,True
37531,204226641,BUY,2026-06-09,10.16,True
37531,204226641,BUY,2026-06-16,9.56,True
37531,204226641,BUY,2026-06-23,9.3,True
37531,204226641,BUY,2026-06-30,8.54,True
37531,204226641,BUY,2026-07-07,8.52,True
37531,204226641,BUY,2026-07-14,8.76,True
37531,204226641,BUY,2026-07-21,8.98,True
37531,204226641,BUY,2026-07-28,8.78,True
37531,204226641,BUY,2026-08-04,8.7,True
37531,204226641,BUY,2026-08-11,8.44,True
28554,204443417,ABT,2026-06-16,619.48,True
28554,204443417,ABT,2026-06-23,608.45,True
28554,204443417,ABT,2026-06-30,613.3,True
28554,204443417,ABT,2026-07-07,601.65,True
28554,204443417,ABT,2026-07-14,598.1,True
28554,204443417,ABT,2026-07-21,592.1,True
28554,204443417,ABT,2026-07-28,596.03,True
28554,204443417,ABT,2026-08-04,600.79,True
28554,204443417,ABT,2026-08-11,606.82,True
28554,204443417,BUY,2026-06-16,559.09,True
28554,204443417,BUY,2026-06-23,562.18,True
28554,204443417,BUY,2026-06-30,546.71,True
28554,204443417,BUY,2026-07-07,556.42,True
28554,204443417,BUY,2026-07-14,524.35,True
28554,204443417,BUY,2026-07-21,526.29,True
28554,204443417,BUY,2026-07-28,528.28,True
28554,204443417,BUY,2026-08-04,510.52,True
28554,204443417,BUY,2026-08-11,502.12,True
30436,204505951,ABT,2026-06-16,110.8,True
30436,204505951,ABT,2026-06-23,111.29,True
30436,204505951,ABT,2026-06-30,110.58,True
30436,204505951,ABT,2026-07-07,112.21,True
30436,204505951,ABT,2026-07-14,110.54,True
30436,204505951,ABT,2026-07-21,109.77,True
30436,204505951,ABT,2026-07-28,108.12,True
30436,204505951,ABT,2026-08-04,106.59,True
30436,204505951,ABT,2026-08-11,108.45,True
30436,204505951,BUY,2026-06-16,112.43,True
30436,204505951,BUY,2026-06-23,112.74,True
30436,204505951,BUY,2026-06-30,112.37,True
30436,204505951,BUY,2026-07-07,112.6,True
30436,204505951,BUY,2026-07-14,113.33,True
30436,204505951,BUY,2026-07-21,101.07,True
30436,204505951,BUY,2026-07-28,89.71,True
30436,204505951,BUY,2026-08-04,80.76,True
30436,204505951,BUY,2026-08-11,70.79,True
32882,204563949,ABT,2026-06-09,13.43,True
32882,204563949,ABT,2026-06-16,13.33,True
32882,204563949,ABT,2026-06-23,14.52,True
32882,204563949,ABT,2026-06-30,13.3,True
32882,204563949,ABT,2026-07-07,13.35,True
32882,204563949,ABT,2026-07-14,13.26,True
32882,204563949,ABT,2026-07-21,13.72,True
32882,204563949,ABT,2026-07-28,13.57,True
32882,204563949,ABT,2026-08-04,13.89,True
32882,204563949,ABT,2026-08-11,13.86,True
32882,204563949,BUY,2026-06-09,14.1,True
32882,204563949,BUY,2026-06-16,14.26,True
32882,204563949,BUY,2026-06-23,14.34,True
32882,204563949,BUY,2026-06-30,14.15,True
32882,204563949,BUY,2026-07-07,13.77,True
32882,204563949,BUY,2026-07-14,13.56,True
32882,204563949,BUY,2026-07-21,13.36,True
32882,204563949,BUY,2026-07-28,13.45,True
32882,204563949,BUY,2026-08-04,12.11,True
32882,204563949,BUY,2026-08-11,12.18,True
27364,204791586,ABT,2026-06-23,19.82,True
27364,204791586,ABT,2026-06-30,18.46,True
27364,204791586,ABT,2026-07-07,18.85,True
27364,204791586,ABT,2026-07-14,19.07,True
27364,204791586,ABT,2026-07-21,18.65,True
27364,204791586,ABT,2026-07-28,19.11,True
27364,204791586,ABT,2026-08-04,19.2,True
27364,204791586,ABT,2026-08-11,19.22,True
27364,204791586,BUY,2026-06-23,19.83,True
27364,204791586,BUY,2026-06-30,19.79,True
27364,204791586,BUY,2026-07-07,19.49,True
27364,204791586,BUY,2026-07-14,17.06,True
27364,204791586,BUY,2026-07-21,16.87,True
27364,204791586,BUY,2026-07-28,17.01,True
27364,204791586,BUY,2026-08-04,15.66,True
27364,204791586,BUY,2026-08-11,15.09,True
33472,205777549,ABT,2026-06-23,18.59,True
33472,205777549,ABT,2026-06-30,18.71,True
33472,205777549,ABT,2026-07-07,18.34,True
33472,205777549,ABT,2026-07-14,18.7,True
33472,205777549,ABT,2026-07-21,18.23,True
33472,205777549,ABT,2026-07-28,18.03,True
33472,205777549,ABT,2026-08-04,18.58,True
33472,205777549,ABT,2026-08-11,18.23,True
33472,205777549,BUY,2026-06-23,18.69,True
33472,205777549,BUY,2026-06-30,18.39,True
33472,205777549,BUY,2026-07-07,18.58,True
33472,205777549,BUY,2026-07-14,18.53,True
33472,205777549,BUY,2026-07-21,18.77,True
33472,205777549,BUY,2026-07-28,18.98,True
33472,205777549,BUY,2026-08-04,19.46,True
33472,205777549,BUY,2026-08-11,19.85,True
38486,205865187,ABT,2026-06-16,38.63,True
38486,205865187,ABT,2026-06-23,37.97,True
38486,205865187,ABT,2026-06-30,38.65,True
38486,205865187,ABT,2026-07-07,38.77,True
38486,205865187,ABT,2026-07-14,39.06,True
38486,205865187,ABT,2026-07-21,39.25,True
38486,205865187,ABT,2026-07-28,39.84,True
38486,205865187,ABT,2026-08-04,43.82,True
38486,205865187,ABT,2026-08-11,44.21,True
38486,205865187,BUY,2026-06-16,37.31,True
38486,205865187,BUY,2026-06-23,34.63,True
38486,205865187,BUY,2026-06-30,35.06,True
38486,205865187,BUY,2026-07-07,34.56,True
38486,205865187,BUY,2026-07-14,35.58,True
38486,205865187,BUY,2026-07-21,36.31,True
38486,205865187,BUY,2026-07-28,36.16,True
38486,205865187,BUY,2026-08-04,36.37,True
38486,205865187,BUY,2026-08-11,36.92,True
38278,206725964,ABT,2026-06-02,198.88,True
38278,206725964,ABT,2026-06-09,199.91,True
38278,206725964,ABT,2026-06-16,203.59,True
38278,206725964,ABT,2026-06-23,201.4,True
38278,206725964,ABT,2026-06-30,200.31,True
38278,206725964,ABT,2026-07-07,175.86,True
38278,206725964,ABT,2026-07-14,156.11,True
38278,206725964,ABT,2026-07-21,134.42,True
38278,206725964,ABT,2026-07-28,116.95,True
38278,206725964,ABT,2026-08-04,103.81,True
38278,206725964,ABT,2026-08-11,101.04,True
38278,206725964,BUY,2026-06-02,202.57,True
38278,206725964,BUY,2026-06-09,198.47,True
38278,206725964,BUY,2026-06-16,194.11,True
38278,206725964,BUY,2026-06-23,193.45,True
38278,206725964,BUY,2026-06-30,195.59,True
38278,206725964,BUY,2026-07-07,196.86,True
38278,206725964,BUY,2026-07-14,192.99,True
38278,206725964,BUY,2026-07-21,196.52,True
38278,206725964,BUY,2026-07-28,202.13,True
38278,206725964,BUY,2026-08-04,207.55,True
38278,206725964,BUY,2026-08-11,207.73,True
34363,206892902,ABT,2026-05-26,14.12,True
34363,206892902,ABT,2026-06-02,14.4,True
34363,206892902,ABT,2026-06-09,14.15,True
34363,206892902,ABT,2026-06-16,14.27,True
34363,206892902,ABT,2026-06-23,13.95,True
34363,206892902,ABT,2026-06-30,14.1,True
34363,206892902,ABT,2026-07-07,13.88,True
34363,206892902,ABT,2026-07-14,13.85,True
34363,206892902,ABT,2026-07-21,12.81,True
34363,206892902,ABT,2026-07-28,12.97,True
34363,206892902,ABT,2026-08-04,13.23,True
34363,206892902,ABT,2026-08-11,13.39,True
34363,206892902,BUY,2026-05-26,14.06,True
34363,206892902,BUY,2026-06-02,13.67,True
34363,206892902,BUY,2026-06-09,13.87,True
34363,206892902,BUY,2026-06-16,14.11,True
34363,206892902,BUY,2026-06-23,14.08,True
34363,206892902,BUY,2026-06-30,12.62,True
34363,206892902,BUY,2026-07-07,11.21,True
34363,206892902,BUY,2026-07-14,10.06,True
34363,206892902,BUY,2026-07-21,8.79,True
34363,206892902,BUY,2026-07-28,8.96,True
34363,206892902,BUY,2026-08-04,9.81,True
34363,206892902,BUY,2026-08-11,10.0,True
38327,207390671,ABT,2026-06-02,50.5,True
38327,207390671,ABT,2026-06-09,43.96,True
38327,207390671,ABT,2026-06-16,44.6,True
38327,207390671,ABT,2026-06-23,44.21,True
38327,207390671,ABT,2026-06-30,43.82,True
38327,207390671,ABT,2026-07-07,42.93,True
38327,207390671,ABT,2026-07-14,42.89,True
38327,207390671,ABT,2026-07-21,39.99,True
38327,207390671,ABT,2026-07-28,40.17,True
38327,207390671,ABT,2026-08-04,40.78,True
38327,207390671,ABT,2026-08-11,40.2,True
38327,207390671,BUY,2026-06-02,52.41,True
38327,207390671,BUY,2026-06-09,48.42,True
38327,207390671,BUY,2026-06-16,48.37,True
38327,207390671,BUY,2026-06-23,47.45,True
38327,207390671,BUY,2026-06-30,47.59,True
38327,207390671,BUY,2026-07-07,48.65,True
38327,207390671,BUY,2026-07-14,48.42,True
38327,207390671,BUY,2026-07-21,48.08,True
38327,207390671,BUY,2026-07-28,48.48,True
38327,207390671,BUY,2026-08-04,48.49,True
38327,207390671,BUY,2026-08-11,48.5,True
36803,207469300,ABT,2026-06-09,146.62,True
36803,207469300,ABT,2026-06-16,146.35,True
36803,207469300,ABT,2026-06-23,145.51,True
36803,207469300,ABT,2026-06-30,144.3,True
36803,207469300,ABT,2026-07-07,147.47,True
36803,207469300,ABT,2026-07-14,127.78,True
36803,207469300,ABT,2026-07-21,112.09,True
36803,207469300,ABT,2026-07-28,88.17,True
36803,207469300,ABT,2026-08-04,71.04,True
36803,207469300,ABT,2026-08-11,62.13,True
36803,207469300,BUY,2026-06-09,161.1,True
36803,207469300,BUY,2026-06-16,160.69,True
36803,207469300,BUY,2026-06-23,161.25,True
36803,207469300,BUY,2026-06-30,165.22,True
36803,207469300,BUY,2026-07-07,163.29,True
36803,207469300,BUY,2026-07-14,144.88,True
36803,207469300,BUY,2026-07-21,143.25,True
36803,207469300,BUY,2026-07-28,142.26,True
36803,207469300,BUY,2026-08-04,143.76,True
36803,207469300,BUY,2026-08-11,146.89,True
34150,207514563,ABT,2026-06-23,32.19,True
34150,207514563,ABT,2026-06-30,29.65,True
34150,207514563,ABT,2026-07-07,29.5,True
34150,207514563,ABT,2026-07-14,29.75,True
34150,207514563,ABT,2026-07-21,29.42,True
34150,207514563,ABT,2026-07-28,29.03,True
34150,207514563,ABT,2026-08-04,29.08,True
34150,207514563,ABT,2026-08-11,28.55,True
34150,207514563,BUY,2026-06-23,33.18,True
34150,207514563,BUY,2026-06-30,31.21,True
34150,207514563,BUY,2026-07-07,28.48,True
34150,207514563,BUY,2026-07-14,28.2,True
34150,207514563,BUY,2026-07-21,28.2,True
34150,207514563,BUY,2026-07-28,28.47,True
34150,207514563,BUY,2026-08-04,28.56,True
34150,207514563,BUY,2026-08-11,28.97,True
34119,207514567,ABT,2026-05-26,68.99,True
34119,207514567,ABT,2026-06-02,66.02,True
34119,207514567,ABT,2026-06-09,65.27,True
34119,207514567,ABT,2026-06-16,59.18,True
34119,207514567,ABT,2026-06-23,58.76,True
34119,207514567,ABT,2026-06-30,58.64,True
34119,207514567,ABT,2026-07-07,57.82,True
34119,207514567,ABT,2026-07-14,58.92,True
34119,207514567,ABT,2026-07-21,51.59,True
34119,207514567,ABT,2026-07-28,51.98,True
34119,207514567,ABT,2026-08-04,51.26,True
34119,207514567,ABT,2026-08-11,50.76,True
34119,207514567,BUY,2026-05-26,70.2,True
34119,207514567,BUY,2026-06-02,69.5,True
34119,207514567,BUY,2026-06-09,67.47,True
34119,207514567,BUY,2026-06-16,67.5,True
34119,207514567,BUY,2026-06-23,69.03,True
34119,207514567,BUY,2026-06-30,71.96,True
34119,207514567,BUY,2026-07-07,66.2,True
34119,207514567,BUY,2026-07-14,65.66,True
34119,207514567,BUY,2026-07-21,66.55,True
34119,207514567,BUY,2026-07-28,73.17,True
34119,207514567,BUY,2026-08-04,74.37,True
34119,207514567,BUY,2026-08-11,74.42,True
34905,207514568,ABT,2026-06-16,177.79,True
34905,207514568,ABT,2026-06-23,177.75,True
34905,207514568,ABT,2026-06-30,179.4,True
34905,207514568,ABT,2026-07-07,176.92,True
34905,207514568,ABT,2026-07-14,176.95,True
34905,207514568,ABT,2026-07-21,169.28,True
34905,207514568,ABT,2026-07-28,171.04,True
34905,207514568,ABT,2026-08-04,171.92,True
34905,207514568,ABT,2026-08-11,172.67,True
34905,207514568,BUY,2026-06-16,184.38,True
34905,207514568,BUY,2026-06-23,187.81,True
34905,207514568,BUY,2026-06-30,185.88,True
34905,207514568,BUY,2026-07-07,186.08,True
34905,207514568,BUY,2026-07-14,186.66,True
34905,207514568,BUY,2026-07-21,175.72,True
34905,207514568,BUY,2026-07-28,176.83,True
34905,207514568,BUY,2026-08-04,177.43,True
34905,207514568,BUY,2026-08-11,178.56,True
38208,207527632,ABT,2026-05-26,28.89,True
38208,207527632,ABT,2026-06-02,29.26,True
38208,207527632,ABT,2026-06-09,29.07,True
38208,207527632,ABT,2026-06-16,27.26,True
38208,207527632,ABT,2026-06-23,27.45,True
38208,207527632,ABT,2026-06-30,27.35,True
38208,207527632,ABT,2026-07-07,27.63,True
38208,207527632,ABT,2026-07-14,27.42,True
38208,207527632,ABT,2026-07-21,23.82,True
38208,207527632,ABT,2026-07-28,23.77,True
38208,207527632,ABT,2026-08-04,23.48,True
38208,207527632,ABT,2026-08-11,23.15,True
38208,207527632,BUY,2026-05-26,28.46,True
38208,207527632,BUY,2026-06-02,28.89,True
38208,207527632,BUY,2026-06-09,29.08,True
38208,207527632,BUY,2026-06-16,28.75,True
38208,207527632,BUY,2026-06-23,28.46,True
38208,207527632,BUY,2026-06-30,28.95,True
38208,207527632,BUY,2026-07-07,24.88,True
38208,207527632,BUY,2026-07-14,25.1,True
38208,207527632,BUY,2026-07-21,25.37,True
38208,207527632,BUY,2026-07-28,25.4,True
38208,207527632,BUY,2026-08-04,23.3,True
38208,207527632,BUY,2026-08-11,20.9,True
34831,207682339,ABT,2026-06-16,325.28,True
34831,207682339,ABT,2026-06-23,329.93,True
34831,207682339,ABT,2026-06-30,332.2,True
34831,207682339,ABT,2026-07-07,334.46,True
34831,207682339,ABT,2026-07-14,331.24,True
34831,207682339,ABT,2026-07-21,323.96,True
34831,207682339,ABT,2026-07-28,299.65,True
34831,207682339,ABT,2026-08-04,301.3,True
34831,207682339,ABT,2026-08-11,314.03,True
34831,207682339,BUY,2026-06-16,319.39,True
34831,207682339,BUY,2026-06-23,322.15,True
34831,207682339,BUY,2026-06-30,301.91,True
34831,207682339,BUY,2026-07-07,302.8,True
34831,207682339,BUY,2026-07-14,256.87,True
34831,207682339,BUY,2026-07-21,253.41,True
34831,207682339,BUY,2026-07-28,248.37,True
34831,207682339,BUY,2026-08-04,247.02,True
34831,207682339,BUY,2026-08-11,226.75,True
34829,207682340,ABT,2026-06-23,48.6,True
34829,207682340,ABT,2026-06-30,49.59,True
34829,207682340,ABT,2026-07-07,49.4,True
34829,207682340,ABT,2026-07-14,49.47,True
34829,207682340,ABT,2026-07-21,50.23,True
34829,207682340,ABT,2026-07-28,49.7,True
34829,207682340,ABT,2026-08-04,49.58,True
34829,207682340,ABT,2026-08-11,49.4,True
34829,207682340,BUY,2026-06-23,49.48,True
34829,207682340,BUY,2026-06-30,50.41,True
34829,207682340,BUY,2026-07-07,44.51,True
34829,207682340,BUY,2026-07-14,44.19,True
34829,207682340,BUY,2026-07-21,44.52,True
34829,207682340,BUY,2026-07-28,47.69,True
34829,207682340,BUY,2026-08-04,47.25,True
34829,207682340,BUY,2026-08-11,46.94,True
33522,207986293,ABT,2026-06-09,157.03,True
33522,207986293,ABT,2026-06-16,137.98,True
33522,207986293,ABT,2026-06-23,121.81,True
33522,207986293,ABT,2026-06-30,110.55,True
33522,207986293,ABT,2026-07-07,100.59,True
33522,207986293,ABT,2026-07-14,89.39,True
33522,207986293,ABT,2026-07-21,90.45,True
33522,207986293,ABT,2026-07-28,91.13,True
33522,207986293,ABT,2026-08-04,91.05,True
33522,207986293,ABT,2026-08-11,91.98,True
33522,207986293,BUY,2026-06-09,144.12,True
33522,207986293,BUY,2026-06-16,144.45,True
33522,207986293,BUY,2026-06-23,146.94,True
33522,207986293,BUY,2026-06-30,143.49,True
33522,207986293,BUY,2026-07-07,144.1,True
33522,207986293,BUY,2026-07-14,142.28,True
33522,207986293,BUY,2026-07-21,141.93,True
33522,207986293,BUY,2026-07-28,140.74,True
33522,207986293,BUY,2026-08-04,143.04,True
33522,207986293,BUY,2026-08-11,143.4,True
34016,208042911,ABT,2026-06-02,248.79,True
34016,208042911,ABT,2026-06-09,211.32,True
34016,208042911,ABT,2026-06-16,209.93,True
34016,208042911,ABT,2026-06-23,206.67,True
34016,208042911,ABT,2026-06-30,176.23,True
34016,208042911,ABT,2026-07-07,177.09,True
34016,208042911,ABT,2026-07-14,180.14,True
34016,208042911,ABT,2026-07-21,183.63,True
34016,208042911,ABT,2026-07-28,182.02,True
34016,208042911,ABT,2026-08-04,183.85,True
34016,208042911,ABT,2026-08-11,181.84,True
34016,208042911,BUY,2026-06-02,237.76,True
34016,208042911,BUY,2026-06-09,205.95,True
34016,208042911,BUY,2026-06-16,224.51,True
34016,208042911,BUY,2026-06-23,224.9,True
34016,208042911,BUY,2026-06-30,224.31,True
34016,208042911,BUY,2026-07-07,224.26,True
34016,208042911,BUY,2026-07-14,226.04,True
34016,208042911,BUY,2026-07-21,229.58,True
34016,208042911,BUY,2026-07-28,234.22,True
34016,208042911,BUY,2026-08-04,237.44,True
34016,208042911,BUY,2026-08-11,233.26,True
30603,208111279,ABT,2026-05-26,68.03,True
30603,208111279,ABT,2026-06-02,68.82,True
30603,208111279,ABT,2026-06-09,69.89,True
30603,208111279,ABT,2026-06-16,69.18,True
30603,208111279,ABT,2026-06-23,61.82,True
30603,208111279,ABT,2026-06-30,61.85,True
30603,208111279,ABT,2026-07-07,63.04,True
30603,208111279,ABT,2026-07-14,65.21,True
30603,208111279,ABT,2026-07-21,64.58,True
30603,208111279,ABT,2026-07-28,64.45,True
30603,208111279,ABT,2026-08-04,64.92,True
30603,208111279,ABT,2026-08-11,64.81,True
30603,208111279,BUY,2026-05-26,68.13,True
30603,208111279,BUY,2026-06-02,68.19,True
30603,208111279,BUY,2026-06-09,69.45,True
30603,208111279,BUY,2026-06-16,69.13,True
30603,208111279,BUY,2026-06-23,70.4,True
30603,208111279,BUY,2026-06-30,70.29,True
30603,208111279,BUY,2026-07-07,68.55,True
30603,208111279,BUY,2026-07-14,67.86,True
30603,208111279,BUY,2026-07-21,66.38,True
30603,208111279,BUY,2026-07-28,65.91,True
30603,208111279,BUY,2026-08-04,64.75,True
30603,208111279,BUY,2026-08-11,59.37,True
36430,208226690,ABT,2026-05-26,10.08,True
36430,208226690,ABT,2026-06-02,10.26,True
36430,208226690,ABT,2026-06-09,10.16,True
36430,208226690,ABT,2026-06-16,10.23,True
36430,208226690,ABT,2026-06-23,10.35,True
36430,208226690,ABT,2026-06-30,10.39,True
36430,208226690,ABT,2026-07-07,10.15,True
36430,208226690,ABT,2026-07-14,9.97,True
36430,208226690,ABT,2026-07-21,9.99,True
36430,208226690,ABT,2026-07-28,9.82,True
36430,208226690,ABT,2026-08-04,9.79,True
36430,208226690,ABT,2026-08-11,9.57,True
36430,208226690,BUY,2026-05-26,9.97,True
36430,208226690,BUY,2026-06-02,10.57,True
36430,208226690,BUY,2026-06-09,10.46,True
36430,208226690,BUY,2026-06-16,10.57,True
36430,208226690,BUY,2026-06-23,10.53,True
36430,208226690,BUY,2026-06-30,11.26,True
36430,208226690,BUY,2026-07-07,11.02,True
36430,208226690,BUY,2026-07-14,11.13,True
36430,208226690,BUY,2026-07-21,10.98,True
36430,208226690,BUY,2026-07-28,10.99,True
36430,208226690,BUY,2026-08-04,10.92,True
36430,208226690,BUY,2026-08-11,10.79,True
36456,208226692,ABT,2026-06-02,19.35,True
36456,208226692,ABT,2026-06-09,17.7,True
36456,208226692,ABT,2026-06-16,15.88,True
36456,208226692,ABT,2026-06-23,15.93,True
36456,208226692,ABT,2026-06-30,15.99,True
36456,208226692,ABT,2026-07-07,15.82,True
36456,208226692,ABT,2026-07-14,16.06,True
36456,208226692,ABT,2026-07-21,16.68,True
36456,208226692,ABT,2026-07-28,15.09,True
36456,208226692,ABT,2026-08-04,15.58,True
36456,208226692,ABT,2026-08-11,15.5,True
36456,208226692,BUY,2026-06-02,18.76,True
36456,208226692,BUY,2026-06-09,18.61,True
36456,208226692,BUY,2026-06-16,18.32,True
36456,208226692,BUY,2026-06-23,18.42,True
36456,208226692,BUY,2026-06-30,17.6,True
36456,208226692,BUY,2026-07-07,17.36,True
36456,208226692,BUY,2026-07-14,17.24,True
36456,208226692,BUY,2026-07-21,17.33,True
36456,208226692,BUY,2026-07-28,17.5,True
36456,208226692,BUY,2026-08-04,17.19,True
36456,208226692,BUY,2026-08-11,16.28,True
36021,208226693,ABT,2026-06-09,178.24,True
36021,208226693,ABT,2026-06-16,181.27,True
36021,208226693,ABT,2026-06-23,182.19,True
36021,208226693,ABT,2026-06-30,186.3,True
36021,208226693,ABT,2026-07-07,190.25,True
36021,208226693,ABT,2026-07-14,190.61,True
36021,208226693,ABT,2026-07-21,186.07,True
36021,208226693,ABT,2026-07-28,185.14,True
36021,208226693,ABT,2026-08-04,185.62,True
36021,208226693,ABT,2026-08-11,182.58,True
36021,208226693,BUY,2026-06-09,184.95,True
36021,208226693,BUY,2026-06-16,184.63,True
36021,208226693,BUY,2026-06-23,180.32,True
36021,208226693,BUY,2026-06-30,176.16,True
36021,208226693,BUY,2026-07-07,177.75,True
36021,208226693,BUY,2026-07-14,179.58,True
36021,208226693,BUY,2026-07-21,180.89,True
36021,208226693,BUY,2026-07-28,179.05,True
36021,208226693,BUY,2026-08-04,180.36,True
36021,208226693,BUY,2026-08-11,184.86,True
36388,208226694,ABT,2026-06-23,99.26,True
36388,208226694,ABT,2026-06-30,92.86,True
36388,208226694,ABT,2026-07-07,91.81,True
36388,208226694,ABT,2026-07-14,83.22,True
36388,208226694,ABT,2026-07-21,83.27,True
36388,208226694,ABT,2026-07-28,82.19,True
36388,208226694,ABT,2026-08-04,83.07,True
36388,208226694,ABT,2026-08-11,82.19,True
36388,208226694,BUY,2026-06-23,96.94,True
36388,208226694,BUY,2026-06-30,97.83,True
36388,208226694,BUY,2026-07-07,97.74,True
36388,208226694,BUY,2026-07-14,95.99,True
36388,208226694,BUY,2026-07-21,95.14,True
36388,208226694,BUY,2026-07-28,97.69,True
36388,208226694,BUY,2026-08-04,98.18,True
36388,208226694,BUY,2026-08-11,97.71,True
36381,208226695,ABT,2026-06-16,187.1,True
36381,208226695,ABT,2026-06-23,185.16,True
36381,208226695,ABT,2026-06-30,184.66,True
36381,208226695,ABT,2026-07-07,185.29,True
36381,208226695,ABT,2026-07-14,195.19,True
36381,208226695,ABT,2026-07-21,195.09,True
36381,208226695,ABT,2026-07-28,192.55,True
36381,208226695,ABT,2026-08-04,194.25,True
36381,208226695,ABT,2026-08-11,193.79,True
36381,208226695,BUY,2026-06-16,195.83,True
36381,208226695,BUY,2026-06-23,196.54,True
36381,208226695,BUY,2026-06-30,196.48,True
36381,208226695,BUY,2026-07-07,173.59,True
36381,208226695,BUY,2026-07-14,189.44,True
36381,208226695,BUY,2026-07-21,172.07,True
36381,208226695,BUY,2026-07-28,161.84,True
36381,208226695,BUY,2026-08-04,159.26,True
36381,208226695,BUY,2026-08-11,162.72,True
36365,208226696,ABT,2026-06-09,390.45,True
36365,208226696,ABT,2026-06-16,394.92,True
36365,208226696,ABT,2026-06-23,396.51,True
36365,208226696,ABT,2026-06-30,398.5,True
36365,208226696,ABT,2026-07-07,397.56,True
36365,208226696,ABT,2026-07-14,388.24,True
36365,208226696,ABT,2026-07-21,419.38,True
36365,208226696,ABT,2026-07-28,416.41,True
36365,208226696,ABT,2026-08-04,446.69,True
36365,208226696,ABT,2026-08-11,444.86,True
36365,208226696,BUY,2026-06-09,336.15,True
36365,208226696,BUY,2026-06-16,344.57,True
36365,208226696,BUY,2026-06-23,349.5,True
36365,208226696,BUY,2026-06-30,323.27,True
36365,208226696,BUY,2026-07-07,299.43,True
36365,208226696,BUY,2026-07-14,286.8,True
36365,208226696,BUY,2026-07-21,271.9,True
36365,208226696,BUY,2026-07-28,256.3,True
36365,208226696,BUY,2026-08-04,258.61,True
36365,208226696,BUY,2026-08-11,256.32,True
36022,208226697,ABT,2026-06-23,252.56,True
36022,208226697,ABT,2026-06-30,252.49,True
36022,208226697,ABT,2026-07-07,252.38,True
36022,208226697,ABT,2026-07-14,252.99,True
36022,208226697,ABT,2026-07-21,250.41,True
36022,208226697,ABT,2026-07-28,251.81,True
36022,208226697,ABT,2026-08-04,256.93,True
36022,208226697,ABT,2026-08-11,254.62,True
36022,208226697,BUY,2026-06-23,207.8,True
36022,208226697,BUY,2026-06-30,233.19,True
36022,208226697,BUY,2026-07-07,239.84,True
36022,208226697,BUY,2026-07-14,238.25,True
36022,208226697,BUY,2026-07-21,230.23,True
36022,208226697,BUY,2026-07-28,227.96,True
36022,208226697,BUY,2026-08-04,229.21,True
36022,208226697,BUY,2026-08-11,232.16,True
36446,208226698,ABT,2026-06-02,34.35,True
36446,208226698,ABT,2026-06-09,35.01,True
36446,208226698,ABT,2026-06-16,34.41,True
36446,208226698,ABT,2026-06-23,34.13,True
36446,208226698,ABT,2026-06-30,33.93,True
36446,208226698,ABT,2026-07-07,33.75,True
36446,208226698,ABT,2026-07-14,33.29,True
36446,208226698,ABT,2026-07-21,34.22,True
36446,208226698,ABT,2026-07-28,33.46,True
36446,208226698,ABT,2026-08-04,32.88,True
36446,208226698,ABT,2026-08-11,31.61,True
36446,208226698,BUY,2026-06-02,35.51,True
36446,208226698,BUY,2026-06-09,35.81,True
36446,208226698,BUY,2026-06-16,36.23,True
36446,208226698,BUY,2026-06-23,36.26,True
36446,208226698,BUY,2026-06-30,36.08,True
36446,208226698,BUY,2026-07-07,35.87,True
36446,208226698,BUY,2026-07-14,35.61,True
36446,208226698,BUY,2026-07-21,34.02,True
36446,208226698,BUY,2026-07-28,36.17,True
36446,208226698,BUY,2026-08-04,36.08,True
36446,208226698,BUY,2026-08-11,35.61,True
36383,208226699,ABT,2026-06-23,79.38,True
36383,208226699,ABT,2026-06-30,80.28,True
36383,208226699,ABT,2026-07-07,80.79,True
36383,208226699,ABT,2026-07-14,78.79,True
36383,208226699,ABT,2026-07-21,77.81,True
36383,208226699,ABT,2026-07-28,79.35,True
36383,208226699,ABT,2026-08-04,80.95,True
36383,208226699,ABT,2026-08-11,81.99,True
36383,208226699,BUY,2026-06-23,80.08,True
36383,208226699,BUY,2026-06-30,79.13,True
36383,208226699,BUY,2026-07-07,78.67,True
36383,208226699,BUY,2026-07-14,78.13,True
36383,208226699,BUY,2026-07-21,77.3,True
36383,208226699,BUY,2026-07-28,78.45,True
36383,208226699,BUY,2026-08-04,77.61,True
36383,208226699,BUY,2026-08-11,76.75,True
36364,208226700,ABT,2026-06-16,921.8,True
36364,208226700,ABT,2026-06-23,913.07,True
36364,208226700,ABT,2026-06-30,916.04,True
36364,208226700,ABT,2026-07-07,920.3,True
36364,208226700,ABT,2026-07-14,902.93,True
36364,208226700,ABT,2026-07-21,895.11,True
36364,208226700,ABT,2026-07-28,886.52,True
36364,208226700,ABT,2026-08-04,893.08,True
36364,208226700,ABT,2026-08-11,880.7,True
36364,208226700,BUY,2026-06-16,919.05,True
36364,208226700,BUY,2026-06-23,943.8,True
36364,208226700,BUY,2026-06-30,920.77,True
36364,208226700,BUY,2026-07-07,937.72,True
36364,208226700,BUY,2026-07-14,911.28,True
36364,208226700,BUY,2026-07-21,903.75,True
36364,208226700,BUY,2026-07-28,885.95,True
36364,208226700,BUY,2026-08-04,881.84,True
36364,208226700,BUY,2026-08-11,892.23,True
36451,208237792,ABT,2026-06-16,37.03,True
36451,208237792,ABT,2026-06-23,36.89,True
36451,208237792,ABT,2026-06-30,37.43,True
36451,208237792,ABT,2026-07-07,36.91,True
36451,208237792,ABT,2026-07-14,33.26,True
36451,208237792,ABT,2026-07-21,30.11,True
36451,208237792,ABT,2026-07-28,30.32,True
36451,208237792,ABT,2026-08-04,29.91,True
36451,208237792,ABT,2026-08-11,30.13,True
36451,208237792,BUY,2026-06-16,37.96,True
36451,208237792,BUY,2026-06-23,35.67,True
36451,208237792,BUY,2026-06-30,36.05,True
36451,208237792,BUY,2026-07-07,36.44,True
36451,208237792,BUY,2026-07-14,35.75,True
36451,208237792,BUY,2026-07-21,36.21,True
36451,208237792,BUY,2026-07-28,35.57,True
36451,208237792,BUY,2026-08-04,36.25,True
36451,208237792,BUY,2026-08-11,36.0,True
36454,208237793,ABT,2026-05-26,298.16,True
36454,208237793,ABT,2026-06-02,302.34,True
36454,208237793,ABT,2026-06-09,304.18,True
36454,208237793,ABT,2026-06-16,307.7,True
36454,208237793,ABT,2026-06-23,281.83,True
36454,208237793,ABT,2026-06-30,286.55,True
36454,208237793,ABT,2026-07-07,275.68,True
36454,208237793,ABT,2026-07-14,268.48,True
36454,208237793,ABT,2026-07-21,274.29,True
36454,208237793,ABT,2026-07-28,277.17,True
36454,208237793,ABT,2026-08-04,274.52,True
36454,208237793,ABT,2026-08-11,272.79,True
36454,208237793,BUY,2026-05-26,298.81,True
36454,208237793,BUY,2026-06-02,293.27,True
36454,208237793,BUY,2026-06-09,291.02,True
36454,208237793,BUY,2026-06-16,288.45,True
36454,208237793,BUY,2026-06-23,289.4,True
36454,208237793,BUY,2026-06-30,286.93,True
36454,208237793,BUY,2026-07-07,285.87,True
36454,208237793,BUY,2026-07-14,280.1,True
36454,208237793,BUY,2026-07-21,275.3,True
36454,208237793,BUY,2026-07-28,273.7,True
36454,208237793,BUY,2026-08-04,264.85,True
36454,208237793,BUY,2026-08-11,304.23,True
36458,208237795,ABT,2026-05-26,32.73,True
36458,208237795,ABT,2026-06-02,32.79,True
36458,208237795,ABT,2026-06-09,33.36,True
36458,208237795,ABT,2026-06-16,33.36,True
36458,208237795,ABT,2026-06-23,33.11,True
36458,208237795,ABT,2026-06-30,33.49,True
36458,208237795,ABT,2026-07-07,33.41,True
36458,208237795,ABT,2026-07-14,34.38,True
36458,208237795,ABT,2026-07-21,34.54,True
36458,208237795,ABT,2026-07-28,29.82,True
36458,208237795,ABT,2026-08-04,28.98,True
36458,208237795,ABT,2026-08-11,28.5,True
36458,208237795,BUY,2026-05-26,32.3,True
36458,208237795,BUY,2026-06-02,32.13,True
36458,208237795,BUY,2026-06-09,29.41,True
36458,208237795,BUY,2026-06-16,25.82,True
36458,208237795,BUY,2026-06-23,22.62,True
36458,208237795,BUY,2026-06-30,19.68,True
36458,208237795,BUY,2026-07-07,19.21,True
36458,208237795,BUY,2026-07-14,21.9,True
36458,208237795,BUY,2026-07-21,22.04,True
36458,208237795,BUY,2026-07-28,22.07,True
36458,208237795,BUY,2026-08-04,22.85,True
36458,208237795,BUY,2026-08-11,22.92,True
36309,208409785,ABT,2026-06-23,150.71,True
36309,208409785,ABT,2026-06-30,149.06,True
36309,208409785,ABT,2026-07-07,148.39,True
36309,208409785,ABT,2026-07-14,162.1,True
36309,208409785,ABT,2026-07-21,160.17,True
36309,208409785,ABT,2026-07-28,161.11,True
36309,208409785,ABT,2026-08-04,159.39,True
36309,208409785,ABT,2026-08-11,172.26,True
36309,208409785,BUY,2026-06-23,139.25,True
36309,208409785,BUY,2026-06-30,142.68,True
36309,208409785,BUY,2026-07-07,143.88,True
36309,208409785,BUY,2026-07-14,141.74,True
36309,208409785,BUY,2026-07-21,134.16,True
36309,208409785,BUY,2026-07-28,133.91,True
36309,208409785,BUY,2026-08-04,125.77,True
36309,208409785,BUY,2026-08-11,125.57,True
36906,208656495,ABT,2026-06-23,104.23,True
36906,208656495,ABT,2026-06-30,105.45,True
36906,208656495,ABT,2026-07-07,104.38,True
36906,208656495,ABT,2026-07-14,105.33,True
36906,208656495,ABT,2026-07-21,104.42,True
36906,208656495,ABT,2026-07-28,105.26,True
36906,208656495,ABT,2026-08-04,108.51,True
36906,208656495,ABT,2026-08-11,106.55,True
36906,208656495,BUY,2026-06-23,99.06,True
36906,208656495,BUY,2026-06-30,99.3,True
36906,208656495,BUY,2026-07-07,103.11,True
36906,208656495,BUY,2026-07-14,102.6,True
36906,208656495,BUY,2026-07-21,102.95,True
36906,208656495,BUY,2026-07-28,100.68,True
36906,208656495,BUY,2026-08-04,103.21,True
36906,208656495,BUY,2026-08-11,90.11,True
33485,208792604,ABT,2026-06-16,13.98,True
33485,208792604,ABT,2026-06-23,14.03,True
33485,208792604,ABT,2026-06-30,14.02,True
33485,208792604,ABT,2026-07-07,12.22,True
33485,208792604,ABT,2026-07-14,10.54,True
33485,208792604,ABT,2026-07-21,10.54,True
33485,208792604,ABT,2026-07-28,10.52,True
33485,208792604,ABT,2026-08-04,10.03,True
33485,208792604,ABT,2026-08-11,9.96,True
33485,208792604,BUY,2026-06-16,13.8,True
33485,208792604,BUY,2026-06-23,14.1,True
33485,208792604,BUY,2026-06-30,14.3,True
33485,208792604,BUY,2026-07-07,14.78,True
33485,208792604,BUY,2026-07-14,14.68,True
33485,208792604,BUY,2026-07-21,16.49,True
33485,208792604,BUY,2026-07-28,16.53,True
33485,208792604,BUY,2026-08-04,16.47,True
33485,208792604,BUY,2026-08-11,16.41,True
24346,208972043,ABT,2026-06-16,49.43,True
24346,208972043,ABT,2026-06-23,43.79,True
24346,208972043,ABT,2026-06-30,40.37,True
24346,208972043,ABT,2026-07-07,35.45,True
24346,208972043,ABT,2026-07-14,35.67,True
24346,208972043,ABT,2026-07-21,35.36,True
24346,208972043,ABT,2026-07-28,35.38,True
24346,208972043,ABT,2026-08-04,35.61,True
24346,208972043,ABT,2026-08-11,35.38,True
24346,208972043,BUY,2026-06-16,49.64,True
24346,208972043,BUY,2026-06-23,49.26,True
24346,208972043,BUY,2026-06-30,45.78,True
24346,208972043,BUY,2026-07-07,45.79,True
24346,208972043,BUY,2026-07-14,46.44,True
24346,208972043,BUY,2026-07-21,46.8,True
24346,208972043,BUY,2026-07-28,48.0,True
24346,208972043,BUY,2026-08-04,47.81,True
24346,208972043,BUY,2026-08-11,47.07,True
38813,209301534,ABT,2026-05-26,18.47,True
38813,209301534,ABT,2026-06-02,18.41,True
38813,209301534,ABT,2026-06-09,18.41,True
38813,209301534,ABT,2026-06-16,18.23,True
38813,209301534,ABT,2026-06-23,18.23,True
38813,209301534,ABT,2026-06-30,18.41,True
38813,209301534,ABT,2026-07-07,18.36,True
38813,209301534,ABT,2026-07-14,17.99,True
38813,209301534,ABT,2026-07-21,17.91,True
38813,209301534,ABT,2026-07-28,17.9,True
38813,209301534,ABT,2026-08-04,17.81,True
38813,209301534,ABT,2026-08-11,17.31,True
38813,209301534,BUY,2026-05-26,18.48,True
38813,209301534,BUY,2026-06-02,18.5,True
38813,209301534,BUY,2026-06-09,18.48,True
38813,209301534,BUY,2026-06-16,18.32,True
38813,209301534,BUY,2026-06-23,18.84,True
38813,209301534,BUY,2026-06-30,19.22,True
38813,209301534,BUY,2026-07-07,19.37,True
38813,209301534,BUY,2026-07-14,19.37,True
38813,209301534,BUY,2026-07-21,19.51,True
38813,209301534,BUY,2026-07-28,19.75,True
38813,209301534,BUY,2026-08-04,20.26,True
38813,209301534,BUY,2026-08-11,19.6,True
38164,209700735,ABT,2026-05-26,29.08,True
38164,209700735,ABT,2026-06-02,25.14,True
38164,209700735,ABT,2026-06-09,25.28,True
38164,209700735,ABT,2026-06-16,25.6,True
38164,209700735,ABT,2026-06-23,26.52,True
38164,209700735,ABT,2026-06-30,26.41,True
38164,209700735,ABT,2026-07-07,25.86,True
38164,209700735,ABT,2026-07-14,25.56,True
38164,209700735,ABT,2026-07-21,25.93,True
38164,209700735,ABT,2026-07-28,26.4,True
38164,209700735,ABT,2026-08-04,25.96,True
38164,209700735,ABT,2026-08-11,25.94,True
38164,209700735,BUY,2026-05-26,33.1,True
38164,209700735,BUY,2026-06-02,32.82,True
38164,209700735,BUY,2026-06-09,32.88,True
38164,209700735,BUY,2026-06-16,33.63,True
38164,209700735,BUY,2026-06-23,33.47,True
38164,209700735,BUY,2026-06-30,33.07,True
38164,209700735,BUY,2026-07-07,33.63,True
38164,209700735,BUY,2026-07-14,33.88,True
38164,209700735,BUY,2026-07-21,33.72,True
38164,209700735,BUY,2026-07-28,33.32,True
38164,209700735,BUY,2026-08-04,34.6,True
38164,209700735,BUY,2026-08-11,33.55,True
34638,209934621,ABT,2026-06-16,60.69,True
34638,209934621,ABT,2026-06-23,61.9,True
34638,209934621,ABT,2026-06-30,54.75,True
34638,209934621,ABT,2026-07-07,54.12,True
34638,209934621,ABT,2026-07-14,46.17,True
34638,209934621,ABT,2026-07-21,38.76,True
34638,209934621,ABT,2026-07-28,33.23,True
34638,209934621,ABT,2026-08-04,27.78,True
34638,209934621,ABT,2026-08-11,27.06,True
34638,209934621,BUY,2026-06-16,60.62,True
34638,209934621,BUY,2026-06-23,49.99,True
34638,209934621,BUY,2026-06-30,55.16,True
34638,209934621,BUY,2026-07-07,55.9,True
34638,209934621,BUY,2026-07-14,54.16,True
34638,209934621,BUY,2026-07-21,53.62,True
34638,209934621,BUY,2026-07-28,53.4,True
34638,209934621,BUY,2026-08-04,53.28,True
34638,209934621,BUY,2026-08-11,53.02,True
37878,210258465,ABT,2026-05-26,2345.09,True
37878,210258465,ABT,2026-06-02,1981.48,True
37878,210258465,ABT,2026-06-09,1938.52,True
37878,210258465,ABT,2026-06-16,1960.77,True
37878,210258465,ABT,2026-06-23,2180.53,True
37878,210258465,ABT,2026-06-30,2214.96,True
37878,210258465,ABT,2026-07-07,2191.29,True
37878,210258465,ABT,2026-07-14,2170.82,True
37878,210258465,ABT,2026-07-21,2235.74,True
37878,210258465,ABT,2026-07-28,2173.12,True
37878,210258465,ABT,2026-08-04,2222.68,True
37878,210258465,ABT,2026-08-11,2169.62,True
37878,210258465,BUY,2026-05-26,2333.13,True
37878,210258465,BUY,2026-06-02,2315.11,True
37878,210258465,BUY,2026-06-09,2316.8,True
37878,210258465,BUY,2026-06-16,2338.73,True
37878,210258465,BUY,2026-06-23,2386.23,True
37878,210258465,BUY,2026-06-30,2798.71,True
37878,210258465,BUY,2026-07-07,2788.39,True
37878,210258465,BUY,2026-07-14,2792.75,True
37878,210258465,BUY,2026-07-21,2829.49,True
37878,210258465,BUY,2026-07-28,2809.6,True
37878,210258465,BUY,2026-08-04,2819.24,True
37878,210258465,BUY,2026-08-11,2772.48,True
38388,210399777,ABT,2026-06-02,77.45,True
38388,210399777,ABT,2026-06-09,77.61,True
38388,210399777,ABT,2026-06-16,77.78,True
38388,210399777,ABT,2026-06-23,77.13,True
38388,210399777,ABT,2026-06-30,83.16,True
38388,210399777,ABT,2026-07-07,96.22,True
38388,210399777,ABT,2026-07-14,96.58,True
38388,210399777,ABT,2026-07-21,97.96,True
38388,210399777,ABT,2026-07-28,98.5,True
38388,210399777,ABT,2026-08-04,99.01,True
38388,210399777,ABT,2026-08-11,98.57,True
38388,210399777,BUY,2026-06-02,69.88,True
38388,210399777,BUY,2026-06-09,70.6,True
38388,210399777,BUY,2026-06-16,70.8,True
38388,210399777,BUY,2026-06-23,70.2,True
38388,210399777,BUY,2026-06-30,61.58,True
38388,210399777,BUY,2026-07-07,61.56,True
38388,210399777,BUY,2026-07-14,62.0,True
38388,210399777,BUY,2026-07-21,62.12,True
38388,210399777,BUY,2026-07-28,62.73,True
38388,210399777,BUY,2026-08-04,63.04,True
38388,210399777,BUY,2026-08-11,62.04,True
37877,210401451,ABT,2026-05-26,1700.38,True
37877,210401451,ABT,2026-06-02,1701.34,True
37877,210401451,ABT,2026-06-09,1701.54,True
37877,210401451,ABT,2026-06-16,1696.14,True
37877,210401451,ABT,2026-06-23,1713.79,True
37877,210401451,ABT,2026-06-30,1712.78,True
37877,210401451,ABT,2026-07-07,1669.94,True
37877,210401451,ABT,2026-07-14,1532.95,True
37877,210401451,ABT,2026-07-21,1411.56,True
37877,210401451,ABT,2026-07-28,1312.19,True
37877,210401451,ABT,2026-08-04,1213.93,True
37877,210401451,ABT,2026-08-11,1197.48,True
37877,210401451,BUY,2026-05-26,1822.8,True
37877,210401451,BUY,2026-06-02,1851.57,True
37877,210401451,BUY,2026-06-09,1840.93,True
37877,210401451,BUY,2026-06-16,1800.82,True
37877,210401451,BUY,2026-06-23,1829.27,True
37877,210401451,BUY,2026-06-30,1857.74,True
37877,210401451,BUY,2026-07-07,1882.33,True
37877,210401451,BUY,2026-07-14,1866.98,True
37877,210401451,BUY,2026-07-21,1867.63,True
37877,210401451,BUY,2026-07-28,1878.7,True
37877,210401451,BUY,2026-08-04,1910.41,True
37877,210401451,BUY,2026-08-11,1927.18,True
38773,210441166,ABT,2026-06-02,148.3,True
38773,210441166,ABT,2026-06-09,147.73,True
38773,210441166,ABT,2026-06-16,148.19,True
38773,210441166,ABT,2026-06-23,151.83,True
38773,210441166,ABT,2026-06-30,151.68,True
38773,210441166,ABT,2026-07-07,150.03,True
38773,210441166,ABT,2026-07-14,150.56,True
38773,210441166,ABT,2026-07-21,146.07,True
38773,210441166,ABT,2026-07-28,147.05,True
38773,210441166,ABT,2026-08-04,144.51,True
38773,210441166,ABT,2026-08-11,149.13,True
38773,210441166,BUY,2026-06-02,153.97,True
38773,210441166,BUY,2026-06-09,155.25,True
38773,210441166,BUY,2026-06-16,154.4,True
38773,210441166,BUY,2026-06-23,155.1,True
38773,210441166,BUY,2026-06-30,157.77,True
38773,210441166,BUY,2026-07-07,154.95,True
38773,210441166,BUY,2026-07-14,158.07,True
38773,210441166,BUY,2026-07-21,160.38,True
38773,210441166,BUY,2026-07-28,161.17,True
38773,210441166,BUY,2026-08-04,159.06,True
38773,210441166,BUY,2026-08-11,159.18,True
37810,210462233,ABT,2026-05-26,1611.36,True
37810,210462233,ABT,2026-06-02,1635.59,True
37810,210462233,ABT,2026-06-09,1658.0,True
37810,210462233,ABT,2026-06-16,1703.21,True
37810,210462233,ABT,2026-06-23,1679.79,True
37810,210462233,ABT,2026-06-30,1492.15,True
37810,210462233,ABT,2026-07-07,1442.19,True
37810,210462233,ABT,2026-07-14,1282.66,True
37810,210462233,ABT,2026-07-21,1287.55,True
37810,210462233,ABT,2026-07-28,1283.95,True
37810,210462233,ABT,2026-08-04,1290.21,True
37810,210462233,ABT,2026-08-11,1300.32,True
37810,210462233,BUY,2026-05-26,1617.46,True
37810,210462233,BUY,2026-06-02,1576.73,True
37810,210462233,BUY,2026-06-09,1580.08,True
37810,210462233,BUY,2026-06-16,1539.97,True
37810,210462233,BUY,2026-06-23,1507.68,True
37810,210462233,BUY,2026-06-30,1502.1,True
37810,210462233,BUY,2026-07-07,1477.31,True
37810,210462233,BUY,2026-07-14,1441.12,True
37810,210462233,BUY,2026-07-21,1430.3,True
37810,210462233,BUY,2026-07-28,1432.78,True
37810,210462233,BUY,2026-08-04,1418.44,True
37810,210462233,BUY,2026-08-11,1407.38,True
38782,210566840,ABT,2026-06-16,1016.53,True
38782,210566840,ABT,2026-06-23,1016.87,True
38782,210566840,ABT,2026-06-30,1031.9,True
38782,210566840,ABT,2026-07-07,1035.79,True
38782,210566840,ABT,2026-07-14,1033.23,True
38782,210566840,ABT,2026-07-21,1015.23,True
38782,210566840,ABT,2026-07-28,1020.12,True
38782,210566840,ABT,2026-08-04,1022.28,True
38782,210566840,ABT,2026-08-11,1012.2,True
38782,210566840,BUY,2026-06-16,1032.92,True
38782,210566840,BUY,2026-06-23,1047.22,True
38782,210566840,BUY,2026-06-30,1053.53,True
38782,210566840,BUY,2026-07-07,1059.74,True
38782,210566840,BUY,2026-07-14,1038.06,True
38782,210566840,BUY,2026-07-21,1038.89,True
38782,210566840,BUY,2026-07-28,1030.49,True
38782,210566840,BUY,2026-08-04,1011.97,True
38782,210566840,BUY,2026-08-11,1035.0,True
25413,90049795,ABT,2026-06-16,7.86,True
25413,90049795,ABT,2026-06-23,7.81,True
25413,90049795,ABT,2026-06-30,7.81,True
25413,90049795,ABT,2026-07-07,7.86,True
25413,90049795,ABT,2026-07-14,7.93,True
25413,90049795,ABT,2026-07-21,8.14,True
25413,90049795,ABT,2026-07-28,8.03,True
25413,90049795,ABT,2026-08-04,7.99,True
25413,90049795,ABT,2026-08-11,7.68,True
25413,90049795,BUY,2026-06-16,8.79,True
25413,90049795,BUY,2026-06-23,8.68,True
25413,90049795,BUY,2026-06-30,8.56,True
25413,90049795,BUY,2026-07-07,8.75,True
25413,90049795,BUY,2026-07-14,8.52,True
25413,90049795,BUY,2026-07-21,8.48,True
25413,90049795,BUY,2026-07-28,8.63,True
25413,90049795,BUY,2026-08-04,8.49,True
25413,90049795,BUY,2026-08-11,8.55,True
17596,90139261,ABT,2026-06-09,69.97,True
17596,90139261,ABT,2026-06-16,70.01,True
17596,90139261,ABT,2026-06-23,68.72,True
17596,90139261,ABT,2026-06-30,67.94,True
17596,90139261,ABT,2026-07-07,67.24,True
17596,90139261,ABT,2026-07-14,66.57,True
17596,90139261,ABT,2026-07-21,56.5,True
17596,90139261,ABT,2026-07-28,61.76,True
17596,90139261,ABT,2026-08-04,63.42,True
17596,90139261,ABT,2026-08-11,63.27,True
17596,90139261,BUY,2026-06-09,68.7,True
17596,90139261,BUY,2026-06-16,69.44,True
17596,90139261,BUY,2026-06-23,69.72,True
17596,90139261,BUY,2026-06-30,68.88,True
17596,90139261,BUY,2026-07-07,68.64,True
17596,90139261,BUY,2026-07-14,67.34,True
17596,90139261,BUY,2026-07-21,68.23,True
17596,90139261,BUY,2026-07-28,67.32,True
17596,90139261,BUY,2026-08-04,67.28,True
17596,90139261,BUY,2026-08-11,67.21,True
16774,90139860,ABT,2026-06-02,239.94,True
16774,90139860,ABT,2026-06-09,241.4,True
16774,90139860,ABT,2026-06-16,241.41,True
16774,90139860,ABT,2026-06-23,240.66,True
16774,90139860,ABT,2026-06-30,242.39,True
16774,90139860,ABT,2026-07-07,227.64,True
16774,90139860,ABT,2026-07-14,224.13,True
16774,90139860,ABT,2026-07-21,217.25,True
16774,90139860,ABT,2026-07-28,213.27,True
16774,90139860,ABT,2026-08-04,200.01,True
16774,90139860,ABT,2026-08-11,200.68,True
16774,90139860,BUY,2026-06-02,248.3,True
16774,90139860,BUY,2026-06-09,251.05,True
16774,90139860,BUY,2026-06-16,244.15,True
16774,90139860,BUY,2026-06-23,248.48,True
16774,90139860,BUY,2026-06-30,241.2,True
16774,90139860,BUY,2026-07-07,209.68,True
16774,90139860,BUY,2026-07-14,209.92,True
16774,90139860,BUY,2026-07-21,204.64,True
16774,90139860,BUY,2026-07-28,203.64,True
16774,90139860,BUY,2026-08-04,203.37,True
16774,90139860,BUY,2026-08-11,206.71,True
17653,10382243,ABT,2026-05-26,626.13,True
17653,10382243,ABT,2026-06-02,539.56,True
17653,10382243,ABT,2026-06-09,553.33,True
17653,10382243,ABT,2026-06-16,558.32,True
17653,10382243,ABT,2026-06-23,558.89,True
17653,10382243,ABT,2026-06-30,506.66,True
17653,10382243,ABT,2026-07-07,500.93,True
17653,10382243,ABT,2026-07-14,480.61,True
17653,10382243,ABT,2026-07-21,477.54,True
17653,10382243,ABT,2026-07-28,452.54,True
17653,10382243,ABT,2026-08-04,455.4,True
17653,10382243,ABT,2026-08-11,456.01,True
17653,10382243,BUY,2026-05-26,708.42,True
17653,10382243,BUY,2026-06-02,702.15,True
17653,10382243,BUY,2026-06-09,699.4,True
17653,10382243,BUY,2026-06-16,705.22,True
17653,10382243,BUY,2026-06-23,696.67,True
17653,10382243,BUY,2026-06-30,702.65,True
17653,10382243,BUY,2026-07-07,697.31,True
17653,10382243,BUY,2026-07-14,697.07,True
17653,10382243,BUY,2026-07-21,688.68,True
17653,10382243,BUY,2026-07-28,696.6,True
17653,10382243,BUY,2026-08-04,707.18,True
17653,10382243,BUY,2026-08-11,695.68,True
36020,202472204,ABT,2026-06-16,19.74,True
36020,202472204,ABT,2026-06-23,19.42,True
36020,202472204,ABT,2026-06-30,19.41,True
36020,202472204,ABT,2026-07-07,19.87,True
36020,202472204,ABT,2026-07-14,20.25,True
36020,202472204,ABT,2026-07-21,20.59,True
36020,202472204,ABT,2026-07-28,19.97,True
36020,202472204,ABT,2026-08-04,20.2,True
36020,202472204,ABT,2026-08-11,20.46,True
36020,202472204,BUY,2026-06-16,21.38,True
36020,202472204,BUY,2026-06-23,21.41,True
36020,202472204,BUY,2026-06-30,21.27,True
36020,202472204,BUY,2026-07-07,24.08,True
36020,202472204,BUY,2026-07-14,23.97,True
36020,202472204,BUY,2026-07-21,23.45,True
36020,202472204,BUY,2026-07-28,23.74,True
36020,202472204,BUY,2026-08-04,22.43,True
36020,202472204,BUY,2026-08-11,21.22,True
22729,202473822,ABT,2026-06-16,33.46,True
22729,202473822,ABT,2026-06-23,33.53,True
22729,202473822,ABT,2026-06-30,33.93,True
22729,202473822,ABT,2026-07-07,33.72,True
22729,202473822,ABT,2026-07-14,33.58,True
22729,202473822,ABT,2026-07-21,33.44,True
22729,202473822,ABT,2026-07-28,33.08,True
22729,202473822,ABT,2026-08-04,33.34,True
22729,202473822,ABT,2026-08-11,33.83,True
22729,202473822,BUY,2026-06-16,33.33,True
22729,202473822,BUY,2026-06-23,32.97,True
22729,202473822,BUY,2026-06-30,33.12,True
22729,202473822,BUY,2026-07-07,32.51,True
22729,202473822,BUY,2026-07-14,32.87,True
22729,202473822,BUY,2026-07-21,33.89,True
22729,202473822,BUY,2026-07-28,33.07,True
22729,202473822,BUY,2026-08-04,32.69,True
22729,202473822,BUY,2026-08-11,32.33,True
21182,202486964,ABT,2026-06-02,862.58,True
21182,202486964,ABT,2026-06-09,798.79,True
21182,202486964,ABT,2026-06-16,815.13,True
21182,202486964,ABT,2026-06-23,956.25,True
21182,202486964,ABT,2026-06-30,957.73,True
21182,202486964,ABT,2026-07-07,936.45,True
21182,202486964,ABT,2026-07-14,921.49,True
21182,202486964,ABT,2026-07-21,986.09,True
21182,202486964,ABT,2026-07-28,862.97,True
21182,202486964,ABT,2026-08-04,850.33,True
21182,202486964,ABT,2026-08-11,838.2,True
21182,202486964,BUY,2026-06-02,849.8,True
21182,202486964,BUY,2026-06-09,841.53,True
21182,202486964,BUY,2026-06-16,818.66,True
21182,202486964,BUY,2026-06-23,806.25,True
21182,202486964,BUY,2026-06-30,791.64,True
21182,202486964,BUY,2026-07-07,801.16,True
21182,202486964,BUY,2026-07-14,810.74,True
21182,202486964,BUY,2026-07-21,824.57,True
21182,202486964,BUY,2026-07-28,811.07,True
21182,202486964,BUY,2026-08-04,820.97,True
21182,202486964,BUY,2026-08-11,850.53,True
23097,202515446,ABT,2026-06-16,29.89,True
23097,202515446,ABT,2026-06-23,29.51,True
23097,202515446,ABT,2026-06-30,29.51,True
23097,202515446,ABT,2026-07-07,27.57,True
23097,202515446,ABT,2026-07-14,22.67,True
23097,202515446,ABT,2026-07-21,22.31,True
23097,202515446,ABT,2026-07-28,22.12,True
23097,202515446,ABT,2026-08-04,22.48,True
23097,202515446,ABT,2026-08-11,22.42,True
23097,202515446,BUY,2026-06-16,26.58,True
23097,202515446,BUY,2026-06-23,26.02,True
23097,202515446,BUY,2026-06-30,26.09,True
23097,202515446,BUY,2026-07-07,26.56,True
23097,202515446,BUY,2026-07-14,26.1,True
23097,202515446,BUY,2026-07-21,26.42,True
23097,202515446,BUY,2026-07-28,26.82,True
23097,202515446,BUY,2026-08-04,26.44,True
23097,202515446,BUY,2026-08-11,26.41,True
26346,202537962,ABT,2026-06-16,1870.86,True
26346,202537962,ABT,2026-06-23,1882.91,True
26346,202537962,ABT,2026-06-30,1881.99,True
26346,202537962,ABT,2026-07-07,1913.1,True
26346,202537962,ABT,2026-07-14,1903.49,True
26346,202537962,ABT,2026-07-21,1894.02,True
26346,202537962,ABT,2026-07-28,1888.1,True
26346,202537962,ABT,2026-08-04,1897.91,True
26346,202537962,ABT,2026-08-11,1931.67,True
26346,202537962,BUY,2026-06-16,1906.57,True
26346,202537962,BUY,2026-06-23,1884.43,True
26346,202537962,BUY,2026-06-30,1920.81,True
26346,202537962,BUY,2026-07-07,1863.03,True
26346,202537962,BUY,2026-07-14,1852.5,True
26346,202537962,BUY,2026-07-21,1838.81,True
26346,202537962,BUY,2026-07-28,1850.35,True
26346,202537962,BUY,2026-08-04,1584.86,True
26346,202537962,BUY,2026-08-11,1585.82,True
29806,202755491,ABT,2026-05-26,18.96,True
29806,202755491,ABT,2026-06-02,18.74,True
29806,202755491,ABT,2026-06-09,18.69,True
29806,202755491,ABT,2026-06-16,18.05,True
29806,202755491,ABT,2026-06-23,18.16,True
29806,202755491,ABT,2026-06-30,18.41,True
29806,202755491,ABT,2026-07-07,18.26,True
29806,202755491,ABT,2026-07-14,17.64,True
29806,202755491,ABT,2026-07-21,17.29,True
29806,202755491,ABT,2026-07-28,14.22,True
29806,202755491,ABT,2026-08-04,14.18,True
29806,202755491,ABT,2026-08-11,13.77,True
29806,202755491,BUY,2026-05-26,18.85,True
29806,202755491,BUY,2026-06-02,19.11,True
29806,202755491,BUY,2026-06-09,19.29,True
29806,202755491,BUY,2026-06-16,19.14,True
29806,202755491,BUY,2026-06-23,19.35,True
29806,202755491,BUY,2026-06-30,19.57,True
29806,202755491,BUY,2026-07-07,19.7,True
29806,202755491,BUY,2026-07-14,19.52,True
29806,202755491,BUY,2026-07-21,19.57,True
29806,202755491,BUY,2026-07-28,19.74,True
29806,202755491,BUY,2026-08-04,19.73,True
29806,202755491,BUY,2026-08-11,18.15,True
24493,202900030,ABT,2026-06-16,275.35,True
24493,202900030,ABT,2026-06-23,270.38,True
24493,202900030,ABT,2026-06-30,273.24,True
24493,202900030,ABT,2026-07-07,275.45,True
24493,202900030,ABT,2026-07-14,272.18,True
24493,202900030,ABT,2026-07-21,276.2,True
24493,202900030,ABT,2026-07-28,276.77,True
24493,202900030,ABT,2026-08-04,270.01,True
24493,202900030,ABT,2026-08-11,262.72,True
24493,202900030,BUY,2026-06-16,323.09,True
24493,202900030,BUY,2026-06-23,281.83,True
24493,202900030,BUY,2026-06-30,282.93,True
24493,202900030,BUY,2026-07-07,281.7,True
24493,202900030,BUY,2026-07-14,273.79,True
24493,202900030,BUY,2026-07-21,277.98,True
24493,202900030,BUY,2026-07-28,283.12,True
24493,202900030,BUY,2026-08-04,284.19,True
24493,202900030,BUY,2026-08-11,288.12,True
27853,202985798,ABT,2026-06-23,134.95,True
27853,202985798,ABT,2026-06-30,137.17,True
27853,202985798,ABT,2026-07-07,121.84,True
27853,202985798,ABT,2026-07-14,104.7,True
27853,202985798,ABT,2026-07-21,102.6,True
27853,202985798,ABT,2026-07-28,101.32,True
27853,202985798,ABT,2026-08-04,101.08,True
27853,202985798,ABT,2026-08-11,99.95,True
27853,202985798,BUY,2026-06-23,138.93,True
27853,202985798,BUY,2026-06-30,141.32,True
27853,202985798,BUY,2026-07-07,141.83,True
27853,202985798,BUY,2026-07-14,143.68,True
27853,202985798,BUY,2026-07-21,148.18,True
27853,202985798,BUY,2026-07-28,147.16,True
27853,202985798,BUY,2026-08-04,145.17,True
27853,202985798,BUY,2026-08-11,149.18,True
27103,202985803,ABT,2026-06-02,324.63,True
27103,202985803,ABT,2026-06-09,312.3,True
27103,202985803,ABT,2026-06-16,344.91,True
27103,202985803,ABT,2026-06-23,346.61,True
27103,202985803,ABT,2026-06-30,348.23,True
27103,202985803,ABT,2026-07-07,360.26,True
27103,202985803,ABT,2026-07-14,366.47,True
27103,202985803,ABT,2026-07-21,365.23,True
27103,202985803,ABT,2026-07-28,358.82,True
27103,202985803,ABT,2026-08-04,364.39,True
27103,202985803,ABT,2026-08-11,359.34,True
27103,202985803,BUY,2026-06-02,320.86,True
27103,202985803,BUY,2026-06-09,276.95,True
27103,202985803,BUY,2026-06-16,270.88,True
27103,202985803,BUY,2026-06-23,267.95,True
27103,202985803,BUY,2026-06-30,261.11,True
27103,202985803,BUY,2026-07-07,251.07,True
27103,202985803,BUY,2026-07-14,251.07,True
27103,202985803,BUY,2026-07-21,251.91,True
27103,202985803,BUY,2026-07-28,255.33,True
27103,202985803,BUY,2026-08-04,257.36,True
27103,202985803,BUY,2026-08-11,251.24,True
27965,203136102,ABT,2026-06-23,88.45,True
27965,203136102,ABT,2026-06-30,89.68,True
27965,203136102,ABT,2026-07-07,93.06,True
27965,203136102,ABT,2026-07-14,91.95,True
27965,203136102,ABT,2026-07-21,91.61,True
27965,203136102,ABT,2026-07-28,92.67,True
27965,203136102,ABT,2026-08-04,87.8,True
27965,203136102,ABT,2026-08-11,88.83,True
27965,203136102,BUY,2026-06-23,81.02,True
27965,203136102,BUY,2026-06-30,78.92,True
27965,203136102,BUY,2026-07-07,76.95,True
27965,203136102,BUY,2026-07-14,76.97,True
27965,203136102,BUY,2026-07-21,64.26,True
27965,203136102,BUY,2026-07-28,55.21,True
27965,203136102,BUY,2026-08-04,53.94,True
27965,203136102,BUY,2026-08-11,53.72,True
27091,203136113,ABT,2026-06-09,586.24,True
27091,203136113,ABT,2026-06-16,567.02,True
27091,203136113,ABT,2026-06-23,509.06,True
27091,203136113,ABT,2026-06-30,470.46,True
27091,203136113,ABT,2026-07-07,451.14,True
27091,203136113,ABT,2026-07-14,455.9,True
27091,203136113,ABT,2026-07-21,447.55,True
27091,203136113,ABT,2026-07-28,442.8,True
27091,203136113,ABT,2026-08-04,450.95,True
27091,203136113,ABT,2026-08-11,467.09,True
27091,203136113,BUY,2026-06-09,573.55,True
27091,203136113,BUY,2026-06-16,574.48,True
27091,203136113,BUY,2026-06-23,582.97,True
27091,203136113,BUY,2026-06-30,624.72,True
27091,203136113,BUY,2026-07-07,640.19,True
27091,203136113,BUY,2026-07-14,636.43,True
27091,203136113,BUY,2026-07-21,635.71,True
27091,203136113,BUY,2026-07-28,650.84,True
27091,203136113,BUY,2026-08-04,656.04,True
27091,203136113,BUY,2026-08-11,641.09,True
36118,203142471,ABT,2026-05-26,402.82,True
36118,203142471,ABT,2026-06-02,395.81,True
36118,203142471,ABT,2026-06-09,361.35,True
36118,203142471,ABT,2026-06-16,324.73,True
36118,203142471,ABT,2026-06-23,338.83,True
36118,203142471,ABT,2026-06-30,307.81,True
36118,203142471,ABT,2026-07-07,284.44,True
36118,203142471,ABT,2026-07-14,281.52,True
36118,203142471,ABT,2026-07-21,279.91,True
36118,203142471,ABT,2026-07-28,278.8,True
36118,203142471,ABT,2026-08-04,283.34,True
36118,203142471,ABT,2026-08-11,282.42,True
36118,203142471,BUY,2026-05-26,404.56,True
36118,203142471,BUY,2026-06-02,411.33,True
36118,203142471,BUY,2026-06-09,415.65,True
36118,203142471,BUY,2026-06-16,410.16,True
36118,203142471,BUY,2026-06-23,408.59,True
36118,203142471,BUY,2026-06-30,400.78,True
36118,203142471,BUY,2026-07-07,398.8,True
36118,203142471,BUY,2026-07-14,401.41,True
36118,203142471,BUY,2026-07-21,343.42,True
36118,203142471,BUY,2026-07-28,341.2,True
36118,203142471,BUY,2026-08-04,343.91,True
36118,203142471,BUY,2026-08-11,346.5,True
18202,203347464,ABT,2026-06-16,71.34,True
18202,203347464,ABT,2026-06-23,64.83,True
18202,203347464,ABT,2026-06-30,65.69,True
18202,203347464,ABT,2026-07-07,65.18,True
18202,203347464,ABT,2026-07-14,62.4,True
18202,203347464,ABT,2026-07-21,61.89,True
18202,203347464,ABT,2026-07-28,56.11,True
18202,203347464,ABT,2026-08-04,54.78,True
18202,203347464,ABT,2026-08-11,55.0,True
18202,203347464,BUY,2026-06-16,66.78,True
18202,203347464,BUY,2026-06-23,67.41,True
18202,203347464,BUY,2026-06-30,61.28,True
18202,203347464,BUY,2026-07-07,54.93,True
18202,203347464,BUY,2026-07-14,50.79,True
18202,203347464,BUY,2026-07-21,46.54,True
18202,203347464,BUY,2026-07-28,47.35,True
18202,203347464,BUY,2026-08-04,47.34,True
18202,203347464,BUY,2026-08-11,52.65,True
27840,203379249,ABT,2026-06-23,222.18,True
27840,203379249,ABT,2026-06-30,210.1,True
27840,203379249,ABT,2026-07-07,206.7,True
27840,203379249,ABT,2026-07-14,208.82,True
27840,203379249,ABT,2026-07-21,208.85,True
27840,203379249,ABT,2026-07-28,208.61,True
27840,203379249,ABT,2026-08-04,212.76,True
27840,203379249,ABT,2026-08-11,228.32,True
27840,203379249,BUY,2026-06-23,219.78,True
27840,203379249,BUY,2026-06-30,212.01,True
27840,203379249,BUY,2026-07-07,214.06,True
27840,203379249,BUY,2026-07-14,182.7,True
27840,203379249,BUY,2026-07-21,169.01,True
27840,203379249,BUY,2026-07-28,170.3,True
27840,203379249,BUY,2026-08-04,170.79,True
27840,203379249,BUY,2026-08-11,169.21,True
26444,203407045,ABT,2026-05-26,25.04,True
26444,203407045,ABT,2026-06-02,24.7,True
26444,203407045,ABT,2026-06-09,24.41,True
26444,203407045,ABT,2026-06-16,24.84,True
26444,203407045,ABT,2026-06-23,25.34,True
26444,203407045,ABT,2026-06-30,25.5,True
26444,203407045,ABT,2026-07-07,25.68,True
26444,203407045,ABT,2026-07-14,22.66,True
26444,203407045,ABT,2026-07-21,22.75,True
26444,203407045,ABT,2026-07-28,22.5,True
26444,203407045,ABT,2026-08-04,22.61,True
26444,203407045,ABT,2026-08-11,22.82,True
26444,203407045,BUY,2026-05-26,24.66,True
26444,203407045,BUY,2026-06-02,24.63,True
26444,203407045,BUY,2026-06-09,24.41,True
26444,203407045,BUY,2026-06-16,21.93,True
26444,203407045,BUY,2026-06-23,21.88,True
26444,203407045,BUY,2026-06-30,21.47,True
26444,203407045,BUY,2026-07-07,22.0,True
26444,203407045,BUY,2026-07-14,22.11,True
26444,203407045,BUY,2026-07-21,22.08,True
26444,203407045,BUY,2026-07-28,21.99,True
26444,203407045,BUY,2026-08-04,20.77,True
26444,203407045,BUY,2026-08-11,20.8,True
28500,203445749,ABT,2026-06-02,21.15,True
28500,203445749,ABT,2026-06-09,21.35,True
28500,203445749,ABT,2026-06-16,21.54,True
28500,203445749,ABT,2026-06-23,21.01,True
28500,203445749,ABT,2026-06-30,20.81,True
28500,203445749,ABT,2026-07-07,20.48,True
28500,203445749,ABT,2026-07-14,19.99,True
28500,203445749,ABT,2026-07-21,20.25,True
28500,203445749,ABT,2026-07-28,20.56,True
28500,203445749,ABT,2026-08-04,20.77,True
28500,203445749,ABT,2026-08-11,21.4,True
28500,203445749,BUY,2026-06-02,21.07,True
28500,203445749,BUY,2026-06-09,21.13,True
28500,203445749,BUY,2026-06-16,20.82,True
28500,203445749,BUY,2026-06-23,20.52,True
28500,203445749,BUY,2026-06-30,20.91,True
28500,203445749,BUY,2026-07-07,21.09,True
28500,203445749,BUY,2026-07-14,21.64,True
28500,203445749,BUY,2026-07-21,21.6,True
28500,203445749,BUY,2026-07-28,19.45,True
28500,203445749,BUY,2026-08-04,19.49,True
28500,203445749,BUY,2026-08-11,19.71,True
26310,203459314,ABT,2026-05-26,97.92,True
26310,203459314,ABT,2026-06-02,108.89,True
26310,203459314,ABT,2026-06-09,98.75,True
26310,203459314,ABT,2026-06-16,101.59,True
26310,203459314,ABT,2026-06-23,102.34,True
26310,203459314,ABT,2026-06-30,101.55,True
26310,203459314,ABT,2026-07-07,103.82,True
26310,203459314,ABT,2026-07-14,106.24,True
26310,203459314,ABT,2026-07-21,105.38,True
26310,203459314,ABT,2026-07-28,107.3,True
26310,203459314,ABT,2026-08-04,108.56,True
26310,203459314,ABT,2026-08-11,110.1,True
26310,203459314,BUY,2026-05-26,98.07,True
26310,203459314,BUY,2026-06-02,95.18,True
26310,203459314,BUY,2026-06-09,97.46,True
26310,203459314,BUY,2026-06-16,97.06,True
26310,203459314,BUY,2026-06-23,95.06,True
26310,203459314,BUY,2026-06-30,95.84,True
26310,203459314,BUY,2026-07-07,94.33,True
26310,203459314,BUY,2026-07-14,91.95,True
26310,203459314,BUY,2026-07-21,91.57,True
26310,203459314,BUY,2026-07-28,92.56,True
26310,203459314,BUY,2026-08-04,91.21,True
26310,203459314,BUY,2026-08-11,92.91,True
26929,203651765,ABT,2026-05-26,301.3,True
26929,203651765,ABT,2026-06-02,302.37,True
26929,203651765,ABT,2026-06-09,298.5,True
26929,203651765,ABT,2026-06-16,265.29,True
26929,203651765,ABT,2026-06-23,263.79,True
26929,203651765,ABT,2026-06-30,260.8,True
26929,203651765,ABT,2026-07-07,253.4,True
26929,203651765,ABT,2026-07-14,251.09,True
26929,203651765,ABT,2026-07-21,254.81,True
26929,203651765,ABT,2026-07-28,260.84,True
26929,203651765,ABT,2026-08-04,264.95,True
26929,203651765,ABT,2026-08-11,243.26,True
26929,203651765,BUY,2026-05-26,331.66,True
26929,203651765,BUY,2026-06-02,325.05,True
26929,203651765,BUY,2026-06-09,327.99,True
26929,203651765,BUY,2026-06-16,330.03,True
26929,203651765,BUY,2026-06-23,323.92,True
26929,203651765,BUY,2026-06-30,343.01,True
26929,203651765,BUY,2026-07-07,316.61,True
26929,203651765,BUY,2026-07-14,311.02,True
26929,203651765,BUY,2026-07-21,306.15,True
26929,203651765,BUY,2026-07-28,302.55,True
26929,203651765,BUY,2026-08-04,296.02,True
26929,203651765,BUY,2026-08-11,301.38,True
28971,204679144,ABT,2026-05-26,701.14,True
28971,204679144,ABT,2026-06-02,705.51,True
28971,204679144,ABT,2026-06-09,715.02,True
28971,204679144,ABT,2026-06-16,693.03,True
28971,204679144,ABT,2026-06-23,607.26,True
28971,204679144,ABT,2026-06-30,599.58,True
28971,204679144,ABT,2026-07-07,600.08,True
28971,204679144,ABT,2026-07-14,639.61,True
28971,204679144,ABT,2026-07-21,642.04,True
28971,204679144,ABT,2026-07-28,646.22,True
28971,204679144,ABT,2026-08-04,641.77,True
28971,204679144,ABT,2026-08-11,638.5,True
28971,204679144,BUY,2026-05-26,702.67,True
28971,204679144,BUY,2026-06-02,708.2,True
28971,204679144,BUY,2026-06-09,676.49,True
28971,204679144,BUY,2026-06-16,690.51,True
28971,204679144,BUY,2026-06-23,704.36,True
28971,204679144,BUY,2026-06-30,718.47,True
28971,204679144,BUY,2026-07-07,686.83,True
28971,204679144,BUY,2026-07-14,614.36,True
28971,204679144,BUY,2026-07-21,589.57,True
28971,204679144,BUY,2026-07-28,590.2,True
28971,204679144,BUY,2026-08-04,592.25,True
28971,204679144,BUY,2026-08-11,589.75,True
29464,204793355,ABT,2026-06-09,19.28,True
29464,204793355,ABT,2026-06-16,19.15,True
29464,204793355,ABT,2026-06-23,18.82,True
29464,204793355,ABT,2026-06-30,16.9,True
29464,204793355,ABT,2026-07-07,17.05,True
29464,204793355,ABT,2026-07-14,17.03,True
29464,204793355,ABT,2026-07-21,16.87,True
29464,204793355,ABT,2026-07-28,17.14,True
29464,204793355,ABT,2026-08-04,16.86,True
29464,204793355,ABT,2026-08-11,16.38,True
29464,204793355,BUY,2026-06-09,19.49,True
29464,204793355,BUY,2026-06-16,19.94,True
29464,204793355,BUY,2026-06-23,20.23,True
29464,204793355,BUY,2026-06-30,20.31,True
29464,204793355,BUY,2026-07-07,23.23,True
29464,204793355,BUY,2026-07-14,22.97,True
29464,204793355,BUY,2026-07-21,23.39,True
29464,204793355,BUY,2026-07-28,21.1,True
29464,204793355,BUY,2026-08-04,21.3,True
29464,204793355,BUY,2026-08-11,21.37,True
30196,205593367,ABT,2026-06-16,1858.39,True
30196,205593367,ABT,2026-06-23,1848.84,True
30196,205593367,ABT,2026-06-30,1846.92,True
30196,205593367,ABT,2026-07-07,1889.58,True
30196,205593367,ABT,2026-07-14,1910.29,True
30196,205593367,ABT,2026-07-21,1826.44,True
30196,205593367,ABT,2026-07-28,1845.59,True
30196,205593367,ABT,2026-08-04,1856.77,True
30196,205593367,ABT,2026-08-11,1861.88,True
30196,205593367,BUY,2026-06-16,1830.27,True
30196,205593367,BUY,2026-06-23,1860.49,True
30196,205593367,BUY,2026-06-30,1860.31,True
30196,205593367,BUY,2026-07-07,1808.65,True
30196,205593367,BUY,2026-07-14,1809.56,True
30196,205593367,BUY,2026-07-21,1822.44,True
30196,205593367,BUY,2026-07-28,1853.11,True
30196,205593367,BUY,2026-08-04,1558.53,True
30196,205593367,BUY,2026-08-11,1345.08,True
35903,205769439,ABT,2026-06-23,26.24,True
35903,205769439,ABT,2026-06-30,25.8,True
35903,205769439,ABT,2026-07-07,25.45,True
35903,205769439,ABT,2026-07-14,24.8,True
35903,205769439,ABT,2026-07-21,25.27,True
35903,205769439,ABT,2026-07-28,24.81,True
35903,205769439,ABT,2026-08-04,25.41,True
35903,205769439,ABT,2026-08-11,24.87,True
35903,205769439,BUY,2026-06-23,30.31,True
35903,205769439,BUY,2026-06-30,26.74,True
35903,205769439,BUY,2026-07-07,24.17,True
35903,205769439,BUY,2026-07-14,24.56,True
35903,205769439,BUY,2026-07-21,24.27,True
35903,205769439,BUY,2026-07-28,20.82,True
35903,205769439,BUY,2026-08-04,20.33,True
35903,205769439,BUY,2026-08-11,20.28,True
32193,205809367,ABT,2026-06-16,37.57,True
32193,205809367,ABT,2026-06-23,37.6,True
32193,205809367,ABT,2026-06-30,31.74,True
32193,205809367,ABT,2026-07-07,32.31,True
32193,205809367,ABT,2026-07-14,26.85,True
32193,205809367,ABT,2026-07-21,24.33,True
32193,205809367,ABT,2026-07-28,24.77,True
32193,205809367,ABT,2026-08-04,24.66,True
32193,205809367,ABT,2026-08-11,25.24,True
32193,205809367,BUY,2026-06-16,37.66,True
32193,205809367,BUY,2026-06-23,36.4,True
32193,205809367,BUY,2026-06-30,36.15,True
32193,205809367,BUY,2026-07-07,34.77,True
32193,205809367,BUY,2026-07-14,34.96,True
32193,205809367,BUY,2026-07-21,34.43,True
32193,205809367,BUY,2026-07-28,34.72,True
32193,205809367,BUY,2026-08-04,34.58,True
32193,205809367,BUY,2026-08-11,35.34,True
31020,205835447,ABT,2026-06-09,26.78,True
31020,205835447,ABT,2026-06-16,27.15,True
31020,205835447,ABT,2026-06-23,26.85,True
31020,205835447,ABT,2026-06-30,26.45,True
31020,205835447,ABT,2026-07-07,26.49,True
31020,205835447,ABT,2026-07-14,26.39,True
31020,205835447,ABT,2026-07-21,27.61,True
31020,205835447,ABT,2026-07-28,26.69,True
31020,205835447,ABT,2026-08-04,26.58,True
31020,205835447,ABT,2026-08-11,26.11,True
31020,205835447,BUY,2026-06-09,26.22,True
31020,205835447,BUY,2026-06-16,26.48,True
31020,205835447,BUY,2026-06-23,27.31,True
31020,205835447,BUY,2026-06-30,27.23,True
31020,205835447,BUY,2026-07-07,27.52,True
31020,205835447,BUY,2026-07-14,27.5,True
31020,205835447,BUY,2026-07-21,26.63,True
31020,205835447,BUY,2026-07-28,26.94,True
31020,205835447,BUY,2026-08-04,26.61,True
31020,205835447,BUY,2026-08-11,26.57,True
27779,205844283,ABT,2026-05-26,27.04,True
27779,205844283,ABT,2026-06-02,23.07,True
27779,205844283,ABT,2026-06-09,23.11,True
27779,205844283,ABT,2026-06-16,22.76,True
27779,205844283,ABT,2026-06-23,22.46,True
27779,205844283,ABT,2026-06-30,22.23,True
27779,205844283,ABT,2026-07-07,22.0,True
27779,205844283,ABT,2026-07-14,21.82,True
27779,205844283,ABT,2026-07-21,21.85,True
27779,205844283,ABT,2026-07-28,21.93,True
27779,205844283,ABT,2026-08-04,23.05,True
27779,205844283,ABT,2026-08-11,22.82,True
27779,205844283,BUY,2026-05-26,29.04,True
27779,205844283,BUY,2026-06-02,29.39,True
27779,205844283,BUY,2026-06-09,29.14,True
27779,205844283,BUY,2026-06-16,28.79,True
27779,205844283,BUY,2026-06-23,28.82,True
27779,205844283,BUY,2026-06-30,28.63,True
27779,205844283,BUY,2026-07-07,28.17,True
27779,205844283,BUY,2026-07-14,28.07,True
27779,205844283,BUY,2026-07-21,28.51,True
27779,205844283,BUY,2026-07-28,28.97,True
27779,205844283,BUY,2026-08-04,28.25,True
27779,205844283,BUY,2026-08-11,29.4,True
28272,206160056,ABT,2026-06-23,129.75,True
28272,206160056,ABT,2026-06-30,124.7,True
28272,206160056,ABT,2026-07-07,126.27,True
28272,206160056,ABT,2026-07-14,120.71,True
28272,206160056,ABT,2026-07-21,119.31,True
28272,206160056,ABT,2026-07-28,119.3,True
28272,206160056,ABT,2026-08-04,120.72,True
28272,206160056,ABT,2026-08-11,123.9,True
28272,206160056,BUY,2026-06-23,118.84,True
28272,206160056,BUY,2026-06-30,117.88,True
28272,206160056,BUY,2026-07-07,117.63,True
28272,206160056,BUY,2026-07-14,119.78,True
28272,206160056,BUY,2026-07-21,121.41,True
28272,206160056,BUY,2026-07-28,124.03,True
28272,206160056,BUY,2026-08-04,126.75,True
28272,206160056,BUY,2026-08-11,127.6,True
30355,206460124,ABT,2026-06-02,15.71,True
30355,206460124,ABT,2026-06-09,15.62,True
30355,206460124,ABT,2026-06-16,15.85,True
30355,206460124,ABT,2026-06-23,16.07,True
30355,206460124,ABT,2026-06-30,16.3,True
30355,206460124,ABT,2026-07-07,18.11,True
30355,206460124,ABT,2026-07-14,19.97,True
30355,206460124,ABT,2026-07-21,17.64,True
30355,206460124,ABT,2026-07-28,17.98,True
30355,206460124,ABT,2026-08-04,17.63,True
30355,206460124,ABT,2026-08-11,17.88,True
30355,206460124,BUY,2026-06-02,15.69,True
30355,206460124,BUY,2026-06-09,15.47,True
30355,206460124,BUY,2026-06-16,15.69,True
30355,206460124,BUY,2026-06-23,15.35,True
30355,206460124,BUY,2026-06-30,15.07,True
30355,206460124,BUY,2026-07-07,15.1,True
30355,206460124,BUY,2026-07-14,15.21,True
30355,206460124,BUY,2026-07-21,15.0,True
30355,206460124,BUY,2026-07-28,15.17,True
30355,206460124,BUY,2026-08-04,15.12,True
30355,206460124,BUY,2026-08-11,14.71,True
35983,206854534,ABT,2026-06-02,29.69,True
35983,206854534,ABT,2026-06-09,29.29,True
35983,206854534,ABT,2026-06-16,29.61,True
35983,206854534,ABT,2026-06-23,29.22,True
35983,206854534,ABT,2026-06-30,29.35,True
35983,206854534,ABT,2026-07-07,29.52,True
35983,206854534,ABT,2026-07-14,29.67,True
35983,206854534,ABT,2026-07-21,29.43,True
35983,206854534,ABT,2026-07-28,29.72,True
35983,206854534,ABT,2026-08-04,29.98,True
35983,206854534,ABT,2026-08-11,29.38,True
35983,206854534,BUY,2026-06-02,27.91,True
35983,206854534,BUY,2026-06-09,27.53,True
35983,206854534,BUY,2026-06-16,28.14,True
35983,206854534,BUY,2026-06-23,28.09,True
35983,206854534,BUY,2026-06-30,28.45,True
35983,206854534,BUY,2026-07-07,28.63,True
35983,206854534,BUY,2026-07-14,28.3,True
35983,206854534,BUY,2026-07-21,28.17,True
35983,206854534,BUY,2026-07-28,28.0,True
35983,206854534,BUY,2026-08-04,28.23,True
35983,206854534,BUY,2026-08-11,27.49,True
35153,206887905,ABT,2026-06-23,380.98,True
35153,206887905,ABT,2026-06-30,390.26,True
35153,206887905,ABT,2026-07-07,395.86,True
35153,206887905,ABT,2026-07-14,397.15,True
35153,206887905,ABT,2026-07-21,408.55,True
35153,206887905,ABT,2026-07-28,349.86,True
35153,206887905,ABT,2026-08-04,350.97,True
35153,206887905,ABT,2026-08-11,356.07,True
35153,206887905,BUY,2026-06-23,380.11,True
35153,206887905,BUY,2026-06-30,374.3,True
35153,206887905,BUY,2026-07-07,380.81,True
35153,206887905,BUY,2026-07-14,380.08,True
35153,206887905,BUY,2026-07-21,348.24,True
35153,206887905,BUY,2026-07-28,342.89,True
35153,206887905,BUY,2026-08-04,347.21,True
35153,206887905,BUY,2026-08-11,369.96,True
34476,206888012,ABT,2026-06-23,29.5,True
34476,206888012,ABT,2026-06-30,28.95,True
34476,206888012,ABT,2026-07-07,29.25,True
34476,206888012,ABT,2026-07-14,29.02,True
34476,206888012,ABT,2026-07-21,29.21,True
34476,206888012,ABT,2026-07-28,29.85,True
34476,206888012,ABT,2026-08-04,30.04,True
34476,206888012,ABT,2026-08-11,30.57,True
34476,206888012,BUY,2026-06-23,30.07,True
34476,206888012,BUY,2026-06-30,29.51,True
34476,206888012,BUY,2026-07-07,29.32,True
34476,206888012,BUY,2026-07-14,29.52,True
34476,206888012,BUY,2026-07-21,29.74,True
34476,206888012,BUY,2026-07-28,30.21,True
34476,206888012,BUY,2026-08-04,30.25,True
34476,206888012,BUY,2026-08-11,30.48,True
33962,207391022,ABT,2026-06-02,648.24,True
33962,207391022,ABT,2026-06-09,558.25,True
33962,207391022,ABT,2026-06-16,526.3,True
33962,207391022,ABT,2026-06-23,536.22,True
33962,207391022,ABT,2026-06-30,534.41,True
33962,207391022,ABT,2026-07-07,533.34,True
33962,207391022,ABT,2026-07-14,527.3,True
33962,207391022,ABT,2026-07-21,524.95,True
33962,207391022,ABT,2026-07-28,528.49,True
33962,207391022,ABT,2026-08-04,528.97,True
33962,207391022,ABT,2026-08-11,539.74,True
33962,207391022,BUY,2026-06-02,647.34,True
33962,207391022,BUY,2026-06-09,664.0,True
33962,207391022,BUY,2026-06-16,635.89,True
33962,207391022,BUY,2026-06-23,639.08,True
33962,207391022,BUY,2026-06-30,584.44,True
33962,207391022,BUY,2026-07-07,602.96,True
33962,207391022,BUY,2026-07-14,610.81,True
33962,207391022,BUY,2026-07-21,553.33,True
33962,207391022,BUY,2026-07-28,493.18,True
33962,207391022,BUY,2026-08-04,439.16,True
33962,207391022,BUY,2026-08-11,451.59,True
34361,207642497,ABT,2026-05-26,155.04,True
34361,207642497,ABT,2026-06-02,157.35,True
34361,207642497,ABT,2026-06-09,160.03,True
34361,207642497,ABT,2026-06-16,156.67,True
34361,207642497,ABT,2026-06-23,156.56,True
34361,207642497,ABT,2026-06-30,161.25,True
34361,207642497,ABT,2026-07-07,164.72,True
34361,207642497,ABT,2026-07-14,165.76,True
34361,207642497,ABT,2026-07-21,164.71,True
34361,207642497,ABT,2026-07-28,165.7,True
34361,207642497,ABT,2026-08-04,162.71,True
34361,207642497,ABT,2026-08-11,137.8,True
34361,207642497,BUY,2026-05-26,153.24,True
34361,207642497,BUY,2026-06-02,150.83,True
34361,207642497,BUY,2026-06-09,154.26,True
34361,207642497,BUY,2026-06-16,152.76,True
34361,207642497,BUY,2026-06-23,150.56,True
34361,207642497,BUY,2026-06-30,153.78,True
34361,207642497,BUY,2026-07-07,151.29,True
34361,207642497,BUY,2026-07-14,146.72,True
34361,207642497,BUY,2026-07-21,142.87,True
34361,207642497,BUY,2026-07-28,145.37,True
34361,207642497,BUY,2026-08-04,144.6,True
34361,207642497,BUY,2026-08-11,144.06,True
33864,207936135,ABT,2026-06-09,73.73,True
33864,207936135,ABT,2026-06-16,74.46,True
33864,207936135,ABT,2026-06-23,73.42,True
33864,207936135,ABT,2026-06-30,75.18,True
33864,207936135,ABT,2026-07-07,75.1,True
33864,207936135,ABT,2026-07-14,73.47,True
33864,207936135,ABT,2026-07-21,75.04,True
33864,207936135,ABT,2026-07-28,74.71,True
33864,207936135,ABT,2026-08-04,67.51,True
33864,207936135,ABT,2026-08-11,69.54,True
33864,207936135,BUY,2026-06-09,72.25,True
33864,207936135,BUY,2026-06-16,73.67,True
33864,207936135,BUY,2026-06-23,72.62,True
33864,207936135,BUY,2026-06-30,72.16,True
33864,207936135,BUY,2026-07-07,72.37,True
33864,207936135,BUY,2026-07-14,72.91,True
33864,207936135,BUY,2026-07-21,73.39,True
33864,207936135,BUY,2026-07-28,75.35,True
33864,207936135,BUY,2026-08-04,76.74,True
33864,207936135,BUY,2026-08-11,78.71,True
36097,208131008,ABT,2026-06-16,8.88,True
36097,208131008,ABT,2026-06-23,9.2,True
36097,208131008,ABT,2026-06-30,9.24,True
36097,208131008,ABT,2026-07-07,9.18,True
36097,208131008,ABT,2026-07-14,9.09,True
36097,208131008,ABT,2026-07-21,9.17,True
36097,208131008,ABT,2026-07-28,9.58,True
36097,208131008,ABT,2026-08-04,9.51,True
36097,208131008,ABT,2026-08-11,9.57,True
36097,208131008,BUY,2026-06-16,8.58,True
36097,208131008,BUY,2026-06-23,8.57,True
36097,208131008,BUY,2026-06-30,8.57,True
36097,208131008,BUY,2026-07-07,7.24,True
36097,208131008,BUY,2026-07-14,7.38,True
36097,208131008,BUY,2026-07-21,7.33,True
36097,208131008,BUY,2026-07-28,7.13,True
36097,208131008,BUY,2026-08-04,7.09,True
36097,208131008,BUY,2026-08-11,6.36,True
35680,208156276,ABT,2026-06-09,497.08,True
35680,208156276,ABT,2026-06-16,495.84,True
35680,208156276,ABT,2026-06-23,497.23,True
35680,208156276,ABT,2026-06-30,499.54,True
35680,208156276,ABT,2026-07-07,508.85,True
35680,208156276,ABT,2026-07-14,513.5,True
35680,208156276,ABT,2026-07-21,502.34,True
35680,208156276,ABT,2026-07-28,460.5,True
35680,208156276,ABT,2026-08-04,460.49,True
35680,208156276,ABT,2026-08-11,404.72,True
35680,208156276,BUY,2026-06-09,422.02,True
35680,208156276,BUY,2026-06-16,432.47,True
35680,208156276,BUY,2026-06-23,414.48,True
35680,208156276,BUY,2026-06-30,417.03,True
35680,208156276,BUY,2026-07-07,406.37,True
35680,208156276,BUY,2026-07-14,410.92,True
35680,208156276,BUY,2026-07-21,369.88,True
35680,208156276,BUY,2026-07-28,369.04,True
35680,208156276,BUY,2026-08-04,376.49,True
35680,208156276,BUY,2026-08-11,377.8,True
35693,208184892,ABT,2026-06-23,29.73,True
35693,208184892,ABT,2026-06-30,30.15,True
35693,208184892,ABT,2026-07-07,30.35,True
35693,208184892,ABT,2026-07-14,30.3,True
35693,208184892,ABT,2026-07-21,30.03,True
35693,208184892,ABT,2026-07-28,30.27,True
35693,208184892,ABT,2026-08-04,29.92,True
35693,208184892,ABT,2026-08-11,29.85,True
35693,208184892,BUY,2026-06-23,29.26,True
35693,208184892,BUY,2026-06-30,29.44,True
35693,208184892,BUY,2026-07-07,29.11,True
35693,208184892,BUY,2026-07-14,29.32,True
35693,208184892,BUY,2026-07-21,29.16,True
35693,208184892,BUY,2026-07-28,29.32,True
35693,208184892,BUY,2026-08-04,31.51,True
35693,208184892,BUY,2026-08-11,31.87,True
35384,208289993,ABT,2026-06-02,175.25,True
35384,208289993,ABT,2026-06-09,153.79,True
35384,208289993,ABT,2026-06-16,150.95,True
35384,208289993,ABT,2026-06-23,149.57,True
35384,208289993,ABT,2026-06-30,146.33,True
35384,208289993,ABT,2026-07-07,133.03,True
35384,208289993,ABT,2026-07-14,130.15,True
35384,208289993,ABT,2026-07-21,128.41,True
35384,208289993,ABT,2026-07-28,128.37,True
35384,208289993,ABT,2026-08-04,125.53,True
35384,208289993,ABT,2026-08-11,123.55,True
35384,208289993,BUY,2026-06-02,176.35,True
35384,208289993,BUY,2026-06-09,179.21,True
35384,208289993,BUY,2026-06-16,181.76,True
35384,208289993,BUY,2026-06-23,197.74,True
35384,208289993,BUY,2026-06-30,201.09,True
35384,208289993,BUY,2026-07-07,195.89,True
35384,208289993,BUY,2026-07-14,194.29,True
35384,208289993,BUY,2026-07-21,192.6,True
35384,208289993,BUY,2026-07-28,186.91,True
35384,208289993,BUY,2026-08-04,188.95,True
35384,208289993,BUY,2026-08-11,187.09,True
34960,208455896,ABT,2026-06-23,64.71,True
34960,208455896,ABT,2026-06-30,65.26,True
34960,208455896,ABT,2026-07-07,64.63,True
34960,208455896,ABT,2026-07-14,65.62,True
34960,208455896,ABT,2026-07-21,67.87,True
34960,208455896,ABT,2026-07-28,66.27,True
34960,208455896,ABT,2026-08-04,62.88,True
34960,208455896,ABT,2026-08-11,59.42,True
34960,208455896,BUY,2026-06-23,69.0,True
34960,208455896,BUY,2026-06-30,65.81,True
34960,208455896,BUY,2026-07-07,67.6,True
34960,208455896,BUY,2026-07-14,67.61,True
34960,208455896,BUY,2026-07-21,65.49,True
34960,208455896,BUY,2026-07-28,66.32,True
34960,208455896,BUY,2026-08-04,68.58,True
34960,208455896,BUY,2026-08-11,69.18,True
33564,208504179,ABT,2026-06-09,1976.78,True
33564,208504179,ABT,2026-06-16,1782.82,True
33564,208504179,ABT,2026-06-23,1748.71,True
33564,208504179,ABT,2026-06-30,1733.88,True
33564,208504179,ABT,2026-07-07,1746.29,True
33564,208504179,ABT,2026-07-14,1789.73,True
33564,208504179,ABT,2026-07-21,1811.94,True
33564,208504179,ABT,2026-07-28,1793.46,True
33564,208504179,ABT,2026-08-04,1782.63,True
33564,208504179,ABT,2026-08-11,1781.1,True
33564,208504179,BUY,2026-06-09,1973.43,True
33564,208504179,BUY,2026-06-16,1958.1,True
33564,208504179,BUY,2026-06-23,2002.66,True
33564,208504179,BUY,2026-06-30,2009.76,True
33564,208504179,BUY,2026-07-07,2271.57,True
33564,208504179,BUY,2026-07-14,2328.1,True
33564,208504179,BUY,2026-07-21,2324.03,True
33564,208504179,BUY,2026-07-28,2302.21,True
33564,208504179,BUY,2026-08-04,2346.46,True
33564,208504179,BUY,2026-08-11,2036.23,True
35800,208504190,ABT,2026-06-09,80.87,True
35800,208504190,ABT,2026-06-16,81.16,True
35800,208504190,ABT,2026-06-23,76.83,True
35800,208504190,ABT,2026-06-30,75.17,True
35800,208504190,ABT,2026-07-07,75.62,True
35800,208504190,ABT,2026-07-14,65.87,True
35800,208504190,ABT,2026-07-21,66.08,True
35800,208504190,ABT,2026-07-28,57.54,True
35800,208504190,ABT,2026-08-04,50.38,True
35800,208504190,ABT,2026-08-11,42.51,True
35800,208504190,BUY,2026-06-09,80.33,True
35800,208504190,BUY,2026-06-16,80.18,True
35800,208504190,BUY,2026-06-23,81.96,True
35800,208504190,BUY,2026-06-30,87.21,True
35800,208504190,BUY,2026-07-07,85.91,True
35800,208504190,BUY,2026-07-14,83.31,True
35800,208504190,BUY,2026-07-21,86.11,True
35800,208504190,BUY,2026-07-28,86.52,True
35800,208504190,BUY,2026-08-04,86.3,True
35800,208504190,BUY,2026-08-11,84.98,True
36124,208504429,ABT,2026-06-09,349.7,True
36124,208504429,ABT,2026-06-16,348.02,True
36124,208504429,ABT,2026-06-23,356.26,True
36124,208504429,ABT,2026-06-30,374.17,True
36124,208504429,ABT,2026-07-07,376.8,True
36124,208504429,ABT,2026-07-14,379.86,True
36124,208504429,ABT,2026-07-21,385.61,True
36124,208504429,ABT,2026-07-28,399.74,True
36124,208504429,ABT,2026-08-04,403.15,True
36124,208504429,ABT,2026-08-11,403.99,True
36124,208504429,BUY,2026-06-09,348.71,True
36124,208504429,BUY,2026-06-16,344.49,True
36124,208504429,BUY,2026-06-23,337.49,True
36124,208504429,BUY,2026-06-30,342.32,True
36124,208504429,BUY,2026-07-07,341.49,True
36124,208504429,BUY,2026-07-14,368.5,True
36124,208504429,BUY,2026-07-21,362.32,True
36124,208504429,BUY,2026-07-28,362.8,True
36124,208504429,BUY,2026-08-04,307.93,True
36124,208504429,BUY,2026-08-11,306.21,True
36123,208504432,ABT,2026-06-09,445.55,True
36123,208504432,ABT,2026-06-16,444.38,True
36123,208504432,ABT,2026-06-23,445.87,True
36123,208504432,ABT,2026-06-30,434.86,True
36123,208504432,ABT,2026-07-07,430.7,True
36123,208504432,ABT,2026-07-14,433.6,True
36123,208504432,ABT,2026-07-21,493.8,True
36123,208504432,ABT,2026-07-28,496.16,True
36123,208504432,ABT,2026-08-04,490.55,True
36123,208504432,ABT,2026-08-11,482.79,True
36123,208504432,BUY,2026-06-09,451.56,True
36123,208504432,BUY,2026-06-16,448.59,True
36123,208504432,BUY,2026-06-23,446.35,True
36123,208504432,BUY,2026-06-30,446.12,True
36123,208504432,BUY,2026-07-07,455.68,True
36123,208504432,BUY,2026-07-14,452.32,True
36123,208504432,BUY,2026-07-21,453.4,True
36123,208504432,BUY,2026-07-28,461.76,True
36123,208504432,BUY,2026-08-04,451.66,True
36123,208504432,BUY,2026-08-11,464.05,True
29892,208715736,ABT,2026-06-23,483.8,True
29892,208715736,ABT,2026-06-30,487.96,True
29892,208715736,ABT,2026-07-07,496.49,True
29892,208715736,ABT,2026-07-14,484.22,True
29892,208715736,ABT,2026-07-21,537.55,True
29892,208715736,ABT,2026-07-28,541.81,True
29892,208715736,ABT,2026-08-04,548.44,True
29892,208715736,ABT,2026-08-11,546.2,True
29892,208715736,BUY,2026-06-23,479.11,True
29892,208715736,BUY,2026-06-30,468.94,True
29892,208715736,BUY,2026-07-07,465.16,True
29892,208715736,BUY,2026-07-14,469.77,True
29892,208715736,BUY,2026-07-21,471.7,True
29892,208715736,BUY,2026-07-28,475.91,True
29892,208715736,BUY,2026-08-04,475.53,True
29892,208715736,BUY,2026-08-11,471.44,True
38500,208787116,ABT,2026-05-26,24.15,True
38500,208787116,ABT,2026-06-02,24.81,True
38500,208787116,ABT,2026-06-09,24.62,True
38500,208787116,ABT,2026-06-16,27.27,True
38500,208787116,ABT,2026-06-23,27.1,True
38500,208787116,ABT,2026-06-30,24.68,True
38500,208787116,ABT,2026-07-07,26.85,True
38500,208787116,ABT,2026-07-14,27.12,True
38500,208787116,ABT,2026-07-21,27.63,True
38500,208787116,ABT,2026-07-28,27.35,True
38500,208787116,ABT,2026-08-04,26.56,True
38500,208787116,ABT,2026-08-11,26.09,True
38500,208787116,BUY,2026-05-26,24.99,True
38500,208787116,BUY,2026-06-02,25.45,True
38500,208787116,BUY,2026-06-09,25.32,True
38500,208787116,BUY,2026-06-16,25.0,True
38500,208787116,BUY,2026-06-23,25.01,True
38500,208787116,BUY,2026-06-30,25.28,True
38500,208787116,BUY,2026-07-07,25.63,True
38500,208787116,BUY,2026-07-14,25.68,True
38500,208787116,BUY,2026-07-21,26.06,True
38500,208787116,BUY,2026-07-28,26.29,True
38500,208787116,BUY,2026-08-04,23.57,True
38500,208787116,BUY,2026-08-11,21.1,True
36061,208791922,ABT,2026-05-26,86.7,True
36061,208791922,ABT,2026-06-02,86.34,True
36061,208791922,ABT,2026-06-09,85.88,True
36061,208791922,ABT,2026-06-16,85.23,True
36061,208791922,ABT,2026-06-23,86.36,True
36061,208791922,ABT,2026-06-30,86.39,True
36061,208791922,ABT,2026-07-07,85.94,True
36061,208791922,ABT,2026-07-14,83.1,True
36061,208791922,ABT,2026-07-21,84.16,True
36061,208791922,ABT,2026-07-28,85.29,True
36061,208791922,ABT,2026-08-04,84.97,True
36061,208791922,ABT,2026-08-11,84.12,True
36061,208791922,BUY,2026-05-26,88.61,True
36061,208791922,BUY,2026-06-02,86.65,True
36061,208791922,BUY,2026-06-09,80.82,True
36061,208791922,BUY,2026-06-16,78.37,True
36061,208791922,BUY,2026-06-23,79.01,True
36061,208791922,BUY,2026-06-30,79.25,True
36061,208791922,BUY,2026-07-07,79.25,True
36061,208791922,BUY,2026-07-14,80.01,True
36061,208791922,BUY,2026-07-21,80.11,True
36061,208791922,BUY,2026-07-28,80.8,True
36061,208791922,BUY,2026-08-04,82.97,True
36061,208791922,BUY,2026-08-11,83.93,True
37054,208941074,ABT,2026-06-23,244.74,True
37054,208941074,ABT,2026-06-30,275.85,True
37054,208941074,ABT,2026-07-07,281.09,True
37054,208941074,ABT,2026-07-14,275.81,True
37054,208941074,ABT,2026-07-21,292.64,True
37054,208941074,ABT,2026-07-28,300.47,True
37054,208941074,ABT,2026-08-04,336.43,True
37054,208941074,ABT,2026-08-11,330.89,True
37054,208941074,BUY,2026-06-23,249.35,True
37054,208941074,BUY,2026-06-30,245.79,True
37054,208941074,BUY,2026-07-07,210.1,True
37054,208941074,BUY,2026-07-14,210.65,True
37054,208941074,BUY,2026-07-21,208.35,True
37054,208941074,BUY,2026-07-28,211.89,True
37054,208941074,BUY,2026-08-04,212.99,True
37054,208941074,BUY,2026-08-11,209.95,True
37087,208941079,ABT,2026-06-09,365.14,True
37087,208941079,ABT,2026-06-16,367.07,True
37087,208941079,ABT,2026-06-23,361.71,True
37087,208941079,ABT,2026-06-30,365.18,True
37087,208941079,ABT,2026-07-07,364.76,True
37087,208941079,ABT,2026-07-14,363.59,True
37087,208941079,ABT,2026-07-21,361.29,True
37087,208941079,ABT,2026-07-28,338.74,True
37087,208941079,ABT,2026-08-04,345.34,True
37087,208941079,ABT,2026-08-11,348.44,True
37087,208941079,BUY,2026-06-09,364.16,True
37087,208941079,BUY,2026-06-16,368.7,True
37087,208941079,BUY,2026-06-23,366.72,True
37087,208941079,BUY,2026-06-30,368.25,True
37087,208941079,BUY,2026-07-07,366.54,True
37087,208941079,BUY,2026-07-14,422.97,True
37087,208941079,BUY,2026-07-21,422.41,True
37087,208941079,BUY,2026-07-28,413.64,True
37087,208941079,BUY,2026-08-04,416.98,True
37087,208941079,BUY,2026-08-11,418.84,True
37805,209085175,ABT,2026-06-02,59.6,True
37805,209085175,ABT,2026-06-09,58.25,True
37805,209085175,ABT,2026-06-16,56.33,True
37805,209085175,ABT,2026-06-23,60.38,True
37805,209085175,ABT,2026-06-30,59.33,True
37805,209085175,ABT,2026-07-07,59.33,True
37805,209085175,ABT,2026-07-14,58.9,True
37805,209085175,ABT,2026-07-21,58.58,True
37805,209085175,ABT,2026-07-28,59.16,True
37805,209085175,ABT,2026-08-04,60.17,True
37805,209085175,ABT,2026-08-11,60.92,True
37805,209085175,BUY,2026-06-02,58.65,True
37805,209085175,BUY,2026-06-09,58.38,True
37805,209085175,BUY,2026-06-16,59.73,True
37805,209085175,BUY,2026-06-23,58.84,True
37805,209085175,BUY,2026-06-30,58.38,True
37805,209085175,BUY,2026-07-07,57.55,True
37805,209085175,BUY,2026-07-14,56.9,True
37805,209085175,BUY,2026-07-21,57.41,True
37805,209085175,BUY,2026-07-28,57.15,True
37805,209085175,BUY,2026-08-04,58.36,True
37805,209085175,BUY,2026-08-11,56.93,True
38640,209890560,ABT,2026-05-26,1902.71,True
38640,209890560,ABT,2026-06-02,1887.27,True
38640,209890560,ABT,2026-06-09,1848.99,True
38640,209890560,ABT,2026-06-16,1825.46,True
38640,209890560,ABT,2026-06-23,1837.92,True
38640,209890560,ABT,2026-06-30,1797.34,True
38640,209890560,ABT,2026-07-07,1786.09,True
38640,209890560,ABT,2026-07-14,1803.22,True
38640,209890560,ABT,2026-07-21,1791.27,True
38640,209890560,ABT,2026-07-28,1795.38,True
38640,209890560,ABT,2026-08-04,1793.04,True
38640,209890560,ABT,2026-08-11,1764.75,True
38640,209890560,BUY,2026-05-26,1910.62,True
38640,209890560,BUY,2026-06-02,1924.85,True
38640,209890560,BUY,2026-06-09,1921.92,True
38640,209890560,BUY,2026-06-16,1923.76,True
38640,209890560,BUY,2026-06-23,1668.45,True
38640,209890560,BUY,2026-06-30,1417.23,True
38640,209890560,BUY,2026-07-07,1406.0,True
38640,209890560,BUY,2026-07-14,1408.98,True
38640,209890560,BUY,2026-07-21,1380.85,True
38640,209890560,BUY,2026-07-28,1370.25,True
38640,209890560,BUY,2026-08-04,1537.33,True
38640,209890560,BUY,2026-08-11,1538.29,True
36607,209891039,ABT,2026-05-26,1191.67,True
36607,209891039,ABT,2026-06-02,1169.76,True
36607,209891039,ABT,2026-06-09,1169.81,True
36607,209891039,ABT,2026-06-16,1042.14,True
36607,209891039,ABT,2026-06-23,1030.52,True
36607,209891039,ABT,2026-06-30,949.78,True
36607,209891039,ABT,2026-07-07,945.9,True
36607,209891039,ABT,2026-07-14,963.55,True
36607,209891039,ABT,2026-07-21,958.19,True
36607,209891039,ABT,2026-07-28,963.74,True
36607,209891039,ABT,2026-08-04,959.97,True
36607,209891039,ABT,2026-08-11,950.21,True
36607,209891039,BUY,2026-05-26,1201.07,True
36607,209891039,BUY,2026-06-02,1217.04,True
36607,209891039,BUY,2026-06-09,1221.83,True
36607,209891039,BUY,2026-06-16,1187.38,True
36607,209891039,BUY,2026-06-23,1226.96,True
36607,209891039,BUY,2026-06-30,1232.12,True
36607,209891039,BUY,2026-07-07,1233.19,True
36607,209891039,BUY,2026-07-14,1251.14,True
36607,209891039,BUY,2026-07-21,1272.56,True
36607,209891039,BUY,2026-07-28,1256.95,True
36607,209891039,BUY,2026-08-04,1258.85,True
36607,209891039,BUY,2026-08-11,1271.01,True
37856,210252385,ABT,2026-06-16,35.57,True
37856,210252385,ABT,2026-06-23,31.46,True
37856,210252385,ABT,2026-06-30,31.34,True
37856,210252385,ABT,2026-07-07,35.57,True
37856,210252385,ABT,2026-07-14,36.11,True
37856,210252385,ABT,2026-07-21,36.75,True
37856,210252385,ABT,2026-07-28,37.09,True
37856,210252385,ABT,2026-08-04,37.05,True
37856,210252385,ABT,2026-08-11,37.29,True
37856,210252385,BUY,2026-06-16,36.42,True
37856,210252385,BUY,2026-06-23,36.92,True
37856,210252385,BUY,2026-06-30,37.02,True
37856,210252385,BUY,2026-07-07,38.12,True
37856,210252385,BUY,2026-07-14,39.27,True
37856,210252385,BUY,2026-07-21,39.87,True
37856,210252385,BUY,2026-07-28,40.31,True
37856,210252385,BUY,2026-08-04,40.17,True
37856,210252385,BUY,2026-08-11,39.53,True
37235,210256478,ABT,2026-06-16,3504.7,True
37235,210256478,ABT,2026-06-23,4120.48,True
37235,210256478,ABT,2026-06-30,4243.14,True
37235,210256478,ABT,2026-07-07,4182.36,True
37235,210256478,ABT,2026-07-14,4208.67,True
37235,210256478,ABT,2026-07-21,4149.6,True
37235,210256478,ABT,2026-07-28,4158.72,True
37235,210256478,ABT,2026-08-04,4205.67,True
37235,210256478,ABT,2026-08-11,4234.65,True
37235,210256478,BUY,2026-06-16,3554.96,True
37235,210256478,BUY,2026-06-23,3464.16,True
37235,210256478,BUY,2026-06-30,3580.17,True
37235,210256478,BUY,2026-07-07,3604.19,True
37235,210256478,BUY,2026-07-14,3453.82,True
37235,210256478,BUY,2026-07-21,3481.63,True
37235,210256478,BUY,2026-07-28,3512.39,True
37235,210256478,BUY,2026-08-04,3167.27,True
37235,210256478,BUY,2026-08-11,3137.23,True
38295,210258472,ABT,2026-06-02,135.63,True
38295,210258472,ABT,2026-06-09,137.71,True
38295,210258472,ABT,2026-06-16,140.04,True
38295,210258472,ABT,2026-06-23,121.53,True
38295,210258472,ABT,2026-06-30,120.63,True
38295,210258472,ABT,2026-07-07,121.06,True
38295,210258472,ABT,2026-07-14,105.66,True
38295,210258472,ABT,2026-07-21,104.96,True
38295,210258472,ABT,2026-07-28,107.17,True
38295,210258472,ABT,2026-08-04,107.84,True
38295,210258472,ABT,2026-08-11,92.82,True
38295,210258472,BUY,2026-06-02,135.8,True
38295,210258472,BUY,2026-06-09,134.08,True
38295,210258472,BUY,2026-06-16,131.54,True
38295,210258472,BUY,2026-06-23,129.62,True
38295,210258472,BUY,2026-06-30,134.06,True
38295,210258472,BUY,2026-07-07,147.2,True
38295,210258472,BUY,2026-07-14,149.78,True
38295,210258472,BUY,2026-07-21,148.48,True
38295,210258472,BUY,2026-07-28,143.76,True
38295,210258472,BUY,2026-08-04,144.56,True
38295,210258472,BUY,2026-08-11,139.65,True
37859,210399745,ABT,2026-05-26,432.22,True
37859,210399745,ABT,2026-06-02,440.8,True
37859,210399745,ABT,2026-06-09,448.63,True
37859,210399745,ABT,2026-06-16,450.26,True
37859,210399745,ABT,2026-06-23,458.77,True
37859,210399745,ABT,2026-06-30,467.24,True
37859,210399745,ABT,2026-07-07,488.52,True
37859,210399745,ABT,2026-07-14,474.93,True
37859,210399745,ABT,2026-07-21,465.49,True
37859,210399745,ABT,2026-07-28,497.78,True
37859,210399745,ABT,2026-08-04,432.82,True
37859,210399745,ABT,2026-08-11,434.65,True
37859,210399745,BUY,2026-05-26,503.38,True
37859,210399745,BUY,2026-06-02,503.79,True
37859,210399745,BUY,2026-06-09,429.92,True
37859,210399745,BUY,2026-06-16,429.99,True
37859,210399745,BUY,2026-06-23,431.67,True
37859,210399745,BUY,2026-06-30,432.02,True
37859,210399745,BUY,2026-07-07,424.99,True
37859,210399745,BUY,2026-07-14,384.32,True
37859,210399745,BUY,2026-07-21,388.53,True
37859,210399745,BUY,2026-07-28,386.33,True
37859,210399745,BUY,2026-08-04,388.15,True
37859,210399745,BUY,2026-08-11,384.14,True
36859,210399849,ABT,2026-06-16,294.4,True
36859,210399849,ABT,2026-06-23,297.39,True
36859,210399849,ABT,2026-06-30,294.5,True
36859,210399849,ABT,2026-07-07,296.25,True
36859,210399849,ABT,2026-07-14,293.52,True
36859,210399849,ABT,2026-07-21,296.75,True
36859,210399849,ABT,2026-07-28,281.98,True
36859,210399849,ABT,2026-08-04,277.02,True
36859,210399849,ABT,2026-08-11,280.29,True
36859,210399849,BUY,2026-06-16,296.86,True
36859,210399849,BUY,2026-06-23,268.67,True
36859,210399849,BUY,2026-06-30,243.92,True
36859,210399849,BUY,2026-07-07,220.02,True
36859,210399849,BUY,2026-07-14,225.92,True
36859,210399849,BUY,2026-07-21,224.71,True
36859,210399849,BUY,2026-07-28,227.64,True
36859,210399849,BUY,2026-08-04,229.86,True
36859,210399849,BUY,2026-08-11,230.87,True
38873,210399907,ABT,2026-06-02,435.86,True
38873,210399907,ABT,2026-06-09,441.24,True
38873,210399907,ABT,2026-06-16,460.92,True
38873,210399907,ABT,2026-06-23,457.06,True
38873,210399907,ABT,2026-06-30,449.51,True
38873,210399907,ABT,2026-07-07,444.49,True
38873,210399907,ABT,2026-07-14,441.14,True
38873,210399907,ABT,2026-07-21,438.01,True
38873,210399907,ABT,2026-07-28,443.27,True
38873,210399907,ABT,2026-08-04,439.2,True
38873,210399907,ABT,2026-08-11,476.69,True
38873,210399907,BUY,2026-06-02,453.55,True
38873,210399907,BUY,2026-06-09,449.61,True
38873,210399907,BUY,2026-06-16,465.6,True
38873,210399907,BUY,2026-06-23,475.01,True
38873,210399907,BUY,2026-06-30,472.52,True
38873,210399907,BUY,2026-07-07,474.49,True
38873,210399907,BUY,2026-07-14,480.36,True
38873,210399907,BUY,2026-07-21,486.54,True
38873,210399907,BUY,2026-07-28,497.29,True
38873,210399907,BUY,2026-08-04,493.08,True
38873,210399907,BUY,2026-08-11,485.87,True
37722,210401458,ABT,2026-06-02,29.36,True
37722,210401458,ABT,2026-06-09,30.09,True
37722,210401458,ABT,2026-06-16,30.43,True
37722,210401458,ABT,2026-06-23,30.53,True
37722,210401458,ABT,2026-06-30,31.2,True
37722,210401458,ABT,2026-07-07,31.32,True
37722,210401458,ABT,2026-07-14,31.12,True
37722,210401458,ABT,2026-07-21,31.16,True
37722,210401458,ABT,2026-07-28,31.31,True
37722,210401458,ABT,2026-08-04,28.42,True
37722,210401458,ABT,2026-08-11,25.65,True
37722,210401458,BUY,2026-06-02,28.91,True
37722,210401458,BUY,2026-06-09,28.49,True
37722,210401458,BUY,2026-06-16,27.59,True
37722,210401458,BUY,2026-06-23,27.16,True
37722,210401458,BUY,2026-06-30,26.58,True
37722,210401458,BUY,2026-07-07,26.49,True
37722,210401458,BUY,2026-07-14,26.27,True
37722,210401458,BUY,2026-07-21,26.02,True
37722,210401458,BUY,2026-07-28,25.62,True
37722,210401458,BUY,2026-08-04,25.81,True
37722,210401458,BUY,2026-08-11,26.13,True
38173,210441817,ABT,2026-06-23,148.74,True
38173,210441817,ABT,2026-06-30,150.93,True
38173,210441817,ABT,2026-07-07,148.99,True
38173,210441817,ABT,2026-07-14,144.85,True
38173,210441817,ABT,2026-07-21,140.71,True
38173,210441817,ABT,2026-07-28,139.06,True
38173,210441817,ABT,2026-08-04,141.41,True
38173,210441817,ABT,2026-08-11,138.96,True
38173,210441817,BUY,2026-06-23,152.88,True
38173,210441817,BUY,2026-06-30,154.84,True
38173,210441817,BUY,2026-07-07,152.7,True
38173,210441817,BUY,2026-07-14,138.74,True
38173,210441817,BUY,2026-07-21,123.85,True
38173,210441817,BUY,2026-07-28,113.29,True
38173,210441817,BUY,2026-08-04,109.47,True
38173,210441817,BUY,2026-08-11,99.47,True
39039,210490135,ABT,2026-06-09,792.42,True
39039,210490135,ABT,2026-06-16,803.16,True
39039,210490135,ABT,2026-06-23,792.04,True
39039,210490135,ABT,2026-06-30,838.44,True
39039,210490135,ABT,2026-07-07,853.24,True
39039,210490135,ABT,2026-07-14,847.49,True
39039,210490135,ABT,2026-07-21,849.59,True
39039,210490135,ABT,2026-07-28,847.87,True
39039,210490135,ABT,2026-08-04,848.87,True
39039,210490135,ABT,2026-08-11,842.63,True
39039,210490135,BUY,2026-06-09,683.13,True
39039,210490135,BUY,2026-06-16,672.95,True
39039,210490135,BUY,2026-06-23,663.25,True
39039,210490135,BUY,2026-06-30,671.35,True
39039,210490135,BUY,2026-07-07,673.92,True
39039,210490135,BUY,2026-07-14,671.92,True
39039,210490135,BUY,2026-07-21,657.09,True
39039,210490135,BUY,2026-07-28,661.88,True
39039,210490135,BUY,2026-08-04,619.65,True
39039,210490135,BUY,2026-08-11,625.77,True
24034,50017228,ABT,2026-06-16,17.52,True
24034,50017228,ABT,2026-06-23,16.87,True
24034,50017228,ABT,2026-06-30,16.94,True
24034,50017228,ABT,2026-07-07,17.02,True
24034,50017228,ABT,2026-07-14,17.01,True
24034,50017228,ABT,2026-07-21,16.92,True
24034,50017228,ABT,2026-07-28,17.16,True
24034,50017228,ABT,2026-08-04,17.01,True
24034,50017228,ABT,2026-08-11,17.07,True
24034,50017228,BUY,2026-06-16,19.06,True
24034,50017228,BUY,2026-06-23,16.59,True
24034,50017228,BUY,2026-06-30,16.63,True
24034,50017228,BUY,2026-07-07,16.83,True
24034,50017228,BUY,2026-07-14,16.83,True
24034,50017228,BUY,2026-07-21,17.15,True
24034,50017228,BUY,2026-07-28,17.17,True
24034,50017228,BUY,2026-08-04,17.39,True
24034,50017228,BUY,2026-08-11,17.19,True
7936,90104307,ABT,2026-05-26,43.77,True
7936,90104307,ABT,2026-06-02,50.06,True
7936,90104307,ABT,2026-06-09,50.29,True
7936,90104307,ABT,2026-06-16,50.52,True
7936,90104307,ABT,2026-06-23,51.08,True
7936,90104307,ABT,2026-06-30,51.01,True
7936,90104307,ABT,2026-07-07,57.01,True
7936,90104307,ABT,2026-07-14,57.22,True
7936,90104307,ABT,2026-07-21,57.69,True
7936,90104307,ABT,2026-07-28,57.49,True
7936,90104307,ABT,2026-08-04,58.8,True
7936,90104307,ABT,2026-08-11,57.34,True
7936,90104307,BUY,2026-05-26,43.72,True
7936,90104307,BUY,2026-06-02,42.77,True
7936,90104307,BUY,2026-06-09,43.36,True
7936,90104307,BUY,2026-06-16,43.17,True
7936,90104307,BUY,2026-06-23,41.99,True
7936,90104307,BUY,2026-06-30,42.15,True
7936,90104307,BUY,2026-07-07,41.72,True
7936,90104307,BUY,2026-07-14,35.16,True
7936,90104307,BUY,2026-07-21,29.24,True
7936,90104307,BUY,2026-07-28,25.08,True
7936,90104307,BUY,2026-08-04,21.44,True
7936,90104307,BUY,2026-08-11,18.05,True
7195,90105458,ABT,2026-06-02,13.66,True
7195,90105458,ABT,2026-06-09,15.06,True
7195,90105458,ABT,2026-06-16,15.21,True
7195,90105458,ABT,2026-06-23,14.7,True
7195,90105458,ABT,2026-06-30,13.35,True
7195,90105458,ABT,2026-07-07,13.56,True
7195,90105458,ABT,2026-07-14,13.47,True
7195,90105458,ABT,2026-07-21,13.62,True
7195,90105458,ABT,2026-07-28,13.9,True
7195,90105458,ABT,2026-08-04,13.81,True
7195,90105458,ABT,2026-08-11,14.1,True
7195,90105458,BUY,2026-06-02,12.26,True
7195,90105458,BUY,2026-06-09,12.36,True
7195,90105458,BUY,2026-06-16,12.41,True
7195,90105458,BUY,2026-06-23,12.13,True
7195,90105458,BUY,2026-06-30,12.21,True
7195,90105458,BUY,2026-07-07,12.29,True
7195,90105458,BUY,2026-07-14,14.01,True
7195,90105458,BUY,2026-07-21,14.31,True
7195,90105458,BUY,2026-07-28,14.15,True
7195,90105458,BUY,2026-08-04,14.32,True
7195,90105458,BUY,2026-08-11,14.17,True
552,90132241,ABT,2026-05-26,15.59,True
552,90132241,ABT,2026-06-02,13.71,True
552,90132241,ABT,2026-06-09,13.92,True
552,90132241,ABT,2026-06-16,15.67,True
552,90132241,ABT,2026-06-23,15.92,True
552,90132241,ABT,2026-06-30,15.93,True
552,90132241,ABT,2026-07-07,15.58,True
552,90132241,ABT,2026-07-14,15.75,True
552,90132241,ABT,2026-07-21,15.76,True
552,90132241,ABT,2026-07-28,15.66,True
552,90132241,ABT,2026-08-04,14.0,True
552,90132241,ABT,2026-08-11,13.99,True
552,90132241,BUY,2026-05-26,15.3,True
552,90132241,BUY,2026-06-02,15.19,True
552,90132241,BUY,2026-06-09,15.44,True
552,90132241,BUY,2026-06-16,17.24,True
552,90132241,BUY,2026-06-23,17.59,True
552,90132241,BUY,2026-06-30,17.59,True
552,90132241,BUY,2026-07-07,17.73,True
552,90132241,BUY,2026-07-14,18.22,True
552,90132241,BUY,2026-07-21,17.88,True
552,90132241,BUY,2026-07-28,17.82,True
552,90132241,BUY,2026-08-04,17.9,True
552,90132241,BUY,2026-08-11,17.88,True
16758,90137168,ABT,2026-06-09,30.2,True
16758,90137168,ABT,2026-06-16,30.11,True
16758,90137168,ABT,2026-06-23,29.2,True
16758,90137168,ABT,2026-06-30,28.67,True
16758,90137168,ABT,2026-07-07,28.74,True
16758,90137168,ABT,2026-07-14,26.82,True
16758,90137168,ABT,2026-07-21,25.19,True
16758,90137168,ABT,2026-07-28,23.64,True
16758,90137168,ABT,2026-08-04,22.4,True
16758,90137168,ABT,2026-08-11,20.77,True
16758,90137168,BUY,2026-06-09,31.07,True
16758,90137168,BUY,2026-06-16,31.08,True
16758,90137168,BUY,2026-06-23,30.84,True
16758,90137168,BUY,2026-06-30,31.34,True
16758,90137168,BUY,2026-07-07,31.52,True
16758,90137168,BUY,2026-07-14,30.82,True
16758,90137168,BUY,2026-07-21,31.86,True
16758,90137168,BUY,2026-07-28,32.21,True
16758,90137168,BUY,2026-08-04,32.22,True
16758,90137168,BUY,2026-08-11,32.42,True
19358,90144996,ABT,2026-06-16,146.12,True
19358,90144996,ABT,2026-06-23,145.58,True
19358,90144996,ABT,2026-06-30,143.71,True
19358,90144996,ABT,2026-07-07,143.41,True
19358,90144996,ABT,2026-07-14,143.27,True
19358,90144996,ABT,2026-07-21,146.93,True
19358,90144996,ABT,2026-07-28,146.45,True
19358,90144996,ABT,2026-08-04,144.41,True
19358,90144996,ABT,2026-08-11,146.22,True
19358,90144996,BUY,2026-06-16,145.72,True
19358,90144996,BUY,2026-06-23,143.54,True
19358,90144996,BUY,2026-06-30,141.53,True
19358,90144996,BUY,2026-07-07,139.88,True
19358,90144996,BUY,2026-07-14,142.39,True
19358,90144996,BUY,2026-07-21,147.23,True
19358,90144996,BUY,2026-07-28,145.05,True
19358,90144996,BUY,2026-08-04,144.53,True
19358,90144996,BUY,2026-08-11,144.09,True
23658,203065730,ABT,2026-06-02,50.14,True
23658,203065730,ABT,2026-06-09,50.22,True
23658,203065730,ABT,2026-06-16,49.9,True
23658,203065730,ABT,2026-06-23,49.85,True
23658,203065730,ABT,2026-06-30,48.68,True
23658,203065730,ABT,2026-07-07,48.35,True
23658,203065730,ABT,2026-07-14,45.53,True
23658,203065730,ABT,2026-07-21,44.79,True
23658,203065730,ABT,2026-07-28,44.79,True
23658,203065730,ABT,2026-08-04,45.19,True
23658,203065730,ABT,2026-08-11,45.06,True
23658,203065730,BUY,2026-06-02,44.12,True
23658,203065730,BUY,2026-06-09,43.4,True
23658,203065730,BUY,2026-06-16,44.07,True
23658,203065730,BUY,2026-06-23,45.91,True
23658,203065730,BUY,2026-06-30,44.52,True
23658,203065730,BUY,2026-07-07,44.65,True
23658,203065730,BUY,2026-07-14,45.27,True
23658,203065730,BUY,2026-07-21,45.84,True
23658,203065730,BUY,2026-07-28,45.78,True
23658,203065730,BUY,2026-08-04,43.93,True
23658,203065730,BUY,2026-08-11,44.41,True
25167,203324800,ABT,2026-05-26,459.27,True
25167,203324800,ABT,2026-06-02,466.27,True
25167,203324800,ABT,2026-06-09,444.6,True
25167,203324800,ABT,2026-06-16,439.68,True
25167,203324800,ABT,2026-06-23,437.68,True
25167,203324800,ABT,2026-06-30,374.22,True
25167,203324800,ABT,2026-07-07,372.8,True
25167,203324800,ABT,2026-07-14,374.58,True
25167,203324800,ABT,2026-07-21,379.68,True
25167,203324800,ABT,2026-07-28,390.26,True
25167,203324800,ABT,2026-08-04,390.79,True
25167,203324800,ABT,2026-08-11,394.75,True
25167,203324800,BUY,2026-05-26,456.97,True
25167,203324800,BUY,2026-06-02,446.33,True
25167,203324800,BUY,2026-06-09,439.47,True
25167,203324800,BUY,2026-06-16,437.44,True
25167,203324800,BUY,2026-06-23,478.81,True
25167,203324800,BUY,2026-06-30,466.67,True
25167,203324800,BUY,2026-07-07,466.63,True
25167,203324800,BUY,2026-07-14,467.1,True
25167,203324800,BUY,2026-07-21,470.87,True
25167,203324800,BUY,2026-07-28,461.09,True
25167,203324800,BUY,2026-08-04,395.45,True
25167,203324800,BUY,2026-08-11,389.02,True
28304,203405814,ABT,2026-06-23,185.45,True
28304,203405814,ABT,2026-06-30,185.68,True
28304,203405814,ABT,2026-07-07,180.29,True
28304,203405814,ABT,2026-07-14,175.78,True
28304,203405814,ABT,2026-07-21,175.6,True
28304,203405814,ABT,2026-07-28,173.53,True
28304,203405814,ABT,2026-08-04,174.08,True
28304,203405814,ABT,2026-08-11,172.79,True
28304,203405814,BUY,2026-06-23,184.99,True
28304,203405814,BUY,2026-06-30,185.15,True
28304,203405814,BUY,2026-07-07,190.55,True
28304,203405814,BUY,2026-07-14,188.96,True
28304,203405814,BUY,2026-07-21,187.68,True
28304,203405814,BUY,2026-07-28,189.98,True
28304,203405814,BUY,2026-08-04,191.08,True
28304,203405814,BUY,2026-08-11,190.97,True
32322,203405815,ABT,2026-06-23,240.99,True
32322,203405815,ABT,2026-06-30,242.2,True
32322,203405815,ABT,2026-07-07,246.99,True
32322,203405815,ABT,2026-07-14,246.28,True
32322,203405815,ABT,2026-07-21,215.9,True
32322,203405815,ABT,2026-07-28,216.32,True
32322,203405815,ABT,2026-08-04,223.21,True
32322,203405815,ABT,2026-08-11,220.22,True
32322,203405815,BUY,2026-06-23,238.77,True
32322,203405815,BUY,2026-06-30,236.56,True
32322,203405815,BUY,2026-07-07,260.28,True
32322,203405815,BUY,2026-07-14,256.42,True
32322,203405815,BUY,2026-07-21,254.05,True
32322,203405815,BUY,2026-07-28,252.92,True
32322,203405815,BUY,2026-08-04,247.17,True
32322,203405815,BUY,2026-08-11,242.95,True
34392,206362747,ABT,2026-05-26,188.35,True
34392,206362747,ABT,2026-06-02,188.73,True
34392,206362747,ABT,2026-06-09,190.85,True
34392,206362747,ABT,2026-06-16,188.65,True
34392,206362747,ABT,2026-06-23,189.35,True
34392,206362747,ABT,2026-06-30,186.2,True
34392,206362747,ABT,2026-07-07,189.36,True
34392,206362747,ABT,2026-07-14,189.34,True
34392,206362747,ABT,2026-07-21,191.52,True
34392,206362747,ABT,2026-07-28,188.44,True
34392,206362747,ABT,2026-08-04,192.48,True
34392,206362747,ABT,2026-08-11,195.0,True
34392,206362747,BUY,2026-05-26,191.13,True
34392,206362747,BUY,2026-06-02,190.37,True
34392,206362747,BUY,2026-06-09,193.28,True
34392,206362747,BUY,2026-06-16,164.0,True
34392,206362747,BUY,2026-06-23,167.27,True
34392,206362747,BUY,2026-06-30,166.42,True
34392,206362747,BUY,2026-07-07,162.32,True
34392,206362747,BUY,2026-07-14,161.42,True
34392,206362747,BUY,2026-07-21,183.69,True
34392,206362747,BUY,2026-07-28,185.67,True
34392,206362747,BUY,2026-08-04,179.33,True
34392,206362747,BUY,2026-08-11,175.1,True
34393,206362748,ABT,2026-06-16,280.34,True
34393,206362748,ABT,2026-06-23,280.17,True
34393,206362748,ABT,2026-06-30,303.77,True
34393,206362748,ABT,2026-07-07,299.95,True
34393,206362748,ABT,2026-07-14,302.61,True
34393,206362748,ABT,2026-07-21,306.15,True
34393,206362748,ABT,2026-07-28,302.8,True
34393,206362748,ABT,2026-08-04,302.88,True
34393,206362748,ABT,2026-08-11,297.4,True
34393,206362748,BUY,2026-06-16,282.08,True
34393,206362748,BUY,2026-06-23,282.04,True
34393,206362748,BUY,2026-06-30,270.35,True
34393,206362748,BUY,2026-07-07,273.57,True
34393,206362748,BUY,2026-07-14,264.18,True
34393,206362748,BUY,2026-07-21,257.17,True
34393,206362748,BUY,2026-07-28,249.67,True
34393,206362748,BUY,2026-08-04,236.41,True
34393,206362748,BUY,2026-08-11,233.84,True
34395,206362749,ABT,2026-06-23,449.66,True
34395,206362749,ABT,2026-06-30,453.13,True
34395,206362749,ABT,2026-07-07,450.01,True
34395,206362749,ABT,2026-07-14,445.38,True
34395,206362749,ABT,2026-07-21,437.1,True
34395,206362749,ABT,2026-07-28,435.76,True
34395,206362749,ABT,2026-08-04,441.95,True
34395,206362749,ABT,2026-08-11,433.95,True
34395,206362749,BUY,2026-06-23,445.4,True
34395,206362749,BUY,2026-06-30,453.14,True
34395,206362749,BUY,2026-07-07,459.99,True
34395,206362749,BUY,2026-07-14,460.83,True
34395,206362749,BUY,2026-07-21,448.38,True
34395,206362749,BUY,2026-07-28,455.73,True
34395,206362749,BUY,2026-08-04,441.48,True
34395,206362749,BUY,2026-08-11,436.75,True
38296,210647824,ABT,2026-06-02,28.37,True
38296,210647824,ABT,2026-06-09,27.71,True
38296,210647824,ABT,2026-06-16,27.47,True
38296,210647824,ABT,2026-06-23,27.56,True
38296,210647824,ABT,2026-06-30,27.7,True
38296,210647824,ABT,2026-07-07,28.05,True
38296,210647824,ABT,2026-07-14,24.4,True
38296,210647824,ABT,2026-07-21,21.04,True
38296,210647824,ABT,2026-07-28,20.99,True
38296,210647824,ABT,2026-08-04,21.11,True
38296,210647824,ABT,2026-08-11,21.12,True
38296,210647824,BUY,2026-06-02,27.56,True
38296,210647824,BUY,2026-06-09,27.05,True
38296,210647824,BUY,2026-06-16,26.83,True
38296,210647824,BUY,2026-06-23,30.62,True
38296,210647824,BUY,2026-06-30,30.62,True
38296,210647824,BUY,2026-07-07,31.12,True
38296,210647824,BUY,2026-07-14,31.08,True
38296,210647824,BUY,2026-07-21,31.03,True
38296,210647824,BUY,2026-07-28,31.84,True
38296,210647824,BUY,2026-08-04,31.9,True
38296,210647824,BUY,2026-08-11,31.68,True
21297,202070149,ABT,2026-06-16,19.84,True
21297,202070149,ABT,2026-06-23,20.11,True
21297,202070149,ABT,2026-06-30,19.97,True
21297,202070149,ABT,2026-07-07,20.07,True
21297,202070149,ABT,2026-07-14,19.86,True
21297,202070149,ABT,2026-07-21,20.07,True
21297,202070149,ABT,2026-07-28,20.18,True
21297,202070149,ABT,2026-08-04,20.47,True
21297,202070149,ABT,2026-08-11,19.55,True
21297,202070149,BUY,2026-06-16,19.67,True
21297,202070149,BUY,2026-06-23,19.68,True
21297,202070149,BUY,2026-06-30,19.17,True
21297,202070149,BUY,2026-07-07,18.97,True
21297,202070149,BUY,2026-07-14,16.41,True
21297,202070149,BUY,2026-07-21,17.1,True
21297,202070149,BUY,2026-07-28,17.19,True
21297,202070149,BUY,2026-08-04,16.59,True
21297,202070149,BUY,2026-08-11,16.57,True
29906,202139744,ABT,2026-06-23,371.31,True
29906,202139744,ABT,2026-06-30,367.56,True
29906,202139744,ABT,2026-07-07,369.39,True
29906,202139744,ABT,2026-07-14,360.51,True
29906,202139744,ABT,2026-07-21,365.03,True
29906,202139744,ABT,2026-07-28,371.13,True
29906,202139744,ABT,2026-08-04,323.25,True
29906,202139744,ABT,2026-08-11,318.0,True
29906,202139744,BUY,2026-06-23,407.63,True
29906,202139744,BUY,2026-06-30,405.51,True
29906,202139744,BUY,2026-07-07,370.12,True
29906,202139744,BUY,2026-07-14,347.55,True
29906,202139744,BUY,2026-07-21,311.86,True
29906,202139744,BUY,2026-07-28,315.25,True
29906,202139744,BUY,2026-08-04,312.44,True
29906,202139744,BUY,2026-08-11,303.72,True
29933,202139765,ABT,2026-06-02,15.07,True
29933,202139765,ABT,2026-06-09,14.69,True
29933,202139765,ABT,2026-06-16,14.45,True
29933,202139765,ABT,2026-06-23,15.76,True
29933,202139765,ABT,2026-06-30,16.09,True
29933,202139765,ABT,2026-07-07,16.12,True
29933,202139765,ABT,2026-07-14,16.03,True
29933,202139765,ABT,2026-07-21,15.78,True
29933,202139765,ABT,2026-07-28,15.89,True
29933,202139765,ABT,2026-08-04,15.8,True
29933,202139765,ABT,2026-08-11,15.72,True
29933,202139765,BUY,2026-06-02,14.94,True
29933,202139765,BUY,2026-06-09,14.59,True
29933,202139765,BUY,2026-06-16,14.63,True
29933,202139765,BUY,2026-06-23,14.53,True
29933,202139765,BUY,2026-06-30,14.11,True
29933,202139765,BUY,2026-07-07,14.18,True
29933,202139765,BUY,2026-07-14,14.3,True
29933,202139765,BUY,2026-07-21,14.46,True
29933,202139765,BUY,2026-07-28,14.46,True
29933,202139765,BUY,2026-08-04,14.18,True
29933,202139765,BUY,2026-08-11,14.22,True
29338,202143947,ABT,2026-05-26,28.98,True
29338,202143947,ABT,2026-06-02,29.01,True
29338,202143947,ABT,2026-06-09,29.0,True
29338,202143947,ABT,2026-06-16,28.48,True
29338,202143947,ABT,2026-06-23,28.34,True
29338,202143947,ABT,2026-06-30,27.71,True
29338,202143947,ABT,2026-07-07,24.53,True
29338,202143947,ABT,2026-07-14,24.69,True
29338,202143947,ABT,2026-07-21,25.08,True
29338,202143947,ABT,2026-07-28,25.01,True
29338,202143947,ABT,2026-08-04,24.39,True
29338,202143947,ABT,2026-08-11,24.62,True
29338,202143947,BUY,2026-05-26,28.53,True
29338,202143947,BUY,2026-06-02,28.15,True
29338,202143947,BUY,2026-06-09,25.73,True
29338,202143947,BUY,2026-06-16,25.98,True
29338,202143947,BUY,2026-06-23,25.71,True
29338,202143947,BUY,2026-06-30,25.79,True
29338,202143947,BUY,2026-07-07,25.92,True
29338,202143947,BUY,2026-07-14,26.17,True
29338,202143947,BUY,2026-07-21,28.53,True
29338,202143947,BUY,2026-07-28,27.94,True
29338,202143947,BUY,2026-08-04,27.74,True
29338,202143947,BUY,2026-08-11,27.98,True
19132,202778315,ABT,2026-05-26,96.85,True
19132,202778315,ABT,2026-06-02,99.13,True
19132,202778315,ABT,2026-06-09,99.94,True
19132,202778315,ABT,2026-06-16,101.51,True
19132,202778315,ABT,2026-06-23,101.55,True
19132,202778315,ABT,2026-06-30,103.96,True
19132,202778315,ABT,2026-07-07,105.13,True
19132,202778315,ABT,2026-07-14,103.44,True
19132,202778315,ABT,2026-07-21,90.93,True
19132,202778315,ABT,2026-07-28,89.76,True
19132,202778315,ABT,2026-08-04,89.6,True
19132,202778315,ABT,2026-08-11,89.19,True
19132,202778315,BUY,2026-05-26,99.23,True
19132,202778315,BUY,2026-06-02,100.62,True
19132,202778315,BUY,2026-06-09,100.8,True
19132,202778315,BUY,2026-06-16,93.22,True
19132,202778315,BUY,2026-06-23,93.2,True
19132,202778315,BUY,2026-06-30,91.17,True
19132,202778315,BUY,2026-07-07,92.34,True
19132,202778315,BUY,2026-07-14,91.27,True
19132,202778315,BUY,2026-07-21,90.2,True
19132,202778315,BUY,2026-07-28,89.36,True
19132,202778315,BUY,2026-08-04,87.89,True
19132,202778315,BUY,2026-08-11,88.22,True
580,202812620,ABT,2026-06-16,353.28,True
580,202812620,ABT,2026-06-23,358.86,True
580,202812620,ABT,2026-06-30,328.23,True
580,202812620,ABT,2026-07-07,328.64,True
580,202812620,ABT,2026-07-14,326.94,True
580,202812620,ABT,2026-07-21,332.25,True
580,202812620,ABT,2026-07-28,303.78,True
580,202812620,ABT,2026-08-04,302.11,True
580,202812620,ABT,2026-08-11,306.6,True
580,202812620,BUY,2026-06-16,356.66,True
580,202812620,BUY,2026-06-23,354.92,True
580,202812620,BUY,2026-06-30,353.28,True
580,202812620,BUY,2026-07-07,342.16,True
580,202812620,BUY,2026-07-14,348.6,True
580,202812620,BUY,2026-07-21,334.95,True
580,202812620,BUY,2026-07-28,371.39,True
580,202812620,BUY,2026-08-04,378.36,True
580,202812620,BUY,2026-08-11,393.53,True
24789,203017911,ABT,2026-06-16,29.24,True
24789,203017911,ABT,2026-06-23,30.05,True
24789,203017911,ABT,2026-06-30,29.5,True
24789,203017911,ABT,2026-07-07,29.09,True
24789,203017911,ABT,2026-07-14,24.82,True
24789,203017911,ABT,2026-07-21,25.0,True
24789,203017911,ABT,2026-07-28,26.22,True
24789,203017911,ABT,2026-08-04,26.57,True
24789,203017911,ABT,2026-08-11,26.47,True
24789,203017911,BUY,2026-06-16,29.47,True
24789,203017911,BUY,2026-06-23,29.02,True
24789,203017911,BUY,2026-06-30,32.35,True
24789,203017911,BUY,2026-07-07,32.68,True
24789,203017911,BUY,2026-07-14,34.55,True
24789,203017911,BUY,2026-07-21,35.74,True
24789,203017911,BUY,2026-07-28,30.75,True
24789,203017911,BUY,2026-08-04,26.38,True
24789,203017911,BUY,2026-08-11,26.35,True
25111,203017912,ABT,2026-05-26,21.87,True
25111,203017912,ABT,2026-06-02,21.58,True
25111,203017912,ABT,2026-06-09,24.68,True
25111,203017912,ABT,2026-06-16,24.9,True
25111,203017912,ABT,2026-06-23,21.34,True
25111,203017912,ABT,2026-06-30,21.02,True
25111,203017912,ABT,2026-07-07,21.12,True
25111,203017912,ABT,2026-07-14,20.99,True
25111,203017912,ABT,2026-07-21,20.17,True
25111,203017912,ABT,2026-07-28,20.56,True
25111,203017912,ABT,2026-08-04,20.4,True
25111,203017912,ABT,2026-08-11,20.55,True
25111,203017912,BUY,2026-05-26,22.68,True
25111,203017912,BUY,2026-06-02,22.65,True
25111,203017912,BUY,2026-06-09,23.1,True
25111,203017912,BUY,2026-06-16,22.69,True
25111,203017912,BUY,2026-06-23,21.87,True
25111,203017912,BUY,2026-06-30,21.74,True
25111,203017912,BUY,2026-07-07,21.47,True
25111,203017912,BUY,2026-07-14,21.4,True
25111,203017912,BUY,2026-07-21,20.95,True
25111,203017912,BUY,2026-07-28,20.66,True
25111,203017912,BUY,2026-08-04,20.51,True
25111,203017912,BUY,2026-08-11,20.22,True
24921,203340806,ABT,2026-06-16,1072.22,True
24921,203340806,ABT,2026-06-23,1066.64,True
24921,203340806,ABT,2026-06-30,1064.87,True
24921,203340806,ABT,2026-07-07,1043.74,True
24921,203340806,ABT,2026-07-14,1013.82,True
24921,203340806,ABT,2026-07-21,1035.21,True
24921,203340806,ABT,2026-07-28,1020.77,True
24921,203340806,ABT,2026-08-04,1012.26,True
24921,203340806,ABT,2026-08-11,1004.31,True
24921,203340806,BUY,2026-06-16,1084.44,True
24921,203340806,BUY,2026-06-23,932.53,True
24921,203340806,BUY,2026-06-30,812.61,True
24921,203340806,BUY,2026-07-07,821.62,True
24921,203340806,BUY,2026-07-14,836.1,True
24921,203340806,BUY,2026-07-21,851.97,True
24921,203340806,BUY,2026-07-28,860.85,True
24921,203340806,BUY,2026-08-04,825.09,True
24921,203340806,BUY,2026-08-11,823.6,True
25732,203341506,ABT,2026-06-16,19.16,True
25732,203341506,ABT,2026-06-23,19.16,True
25732,203341506,ABT,2026-06-30,18.69,True
25732,203341506,ABT,2026-07-07,18.27,True
25732,203341506,ABT,2026-07-14,17.87,True
25732,203341506,ABT,2026-07-21,20.12,True
25732,203341506,ABT,2026-07-28,20.11,True
25732,203341506,ABT,2026-08-04,19.89,True
25732,203341506,ABT,2026-08-11,20.14,True
25732,203341506,BUY,2026-06-16,19.05,True
25732,203341506,BUY,2026-06-23,19.23,True
25732,203341506,BUY,2026-06-30,17.94,True
25732,203341506,BUY,2026-07-07,16.79,True
25732,203341506,BUY,2026-07-14,17.04,True
25732,203341506,BUY,2026-07-21,16.43,True
25732,203341506,BUY,2026-07-28,16.84,True
25732,203341506,BUY,2026-08-04,16.81,True
25732,203341506,BUY,2026-08-11,17.11,True
27391,204791643,ABT,2026-06-16,26.87,True
27391,204791643,ABT,2026-06-23,26.03,True
27391,204791643,ABT,2026-06-30,26.39,True
27391,204791643,ABT,2026-07-07,26.28,True
27391,204791643,ABT,2026-07-14,26.65,True
27391,204791643,ABT,2026-07-21,25.59,True
27391,204791643,ABT,2026-07-28,25.69,True
27391,204791643,ABT,2026-08-04,25.68,True
27391,204791643,ABT,2026-08-11,25.81,True
27391,204791643,BUY,2026-06-16,25.03,True
27391,204791643,BUY,2026-06-23,25.37,True
27391,204791643,BUY,2026-06-30,23.52,True
27391,204791643,BUY,2026-07-07,23.61,True
27391,204791643,BUY,2026-07-14,23.79,True
27391,204791643,BUY,2026-07-21,23.75,True
27391,204791643,BUY,2026-07-28,24.33,True
27391,204791643,BUY,2026-08-04,23.13,True
27391,204791643,BUY,2026-08-11,26.13,True
30591,204849801,ABT,2026-06-02,70.23,True
30591,204849801,ABT,2026-06-09,69.29,True
30591,204849801,ABT,2026-06-16,70.23,True
30591,204849801,ABT,2026-06-23,71.07,True
30591,204849801,ABT,2026-06-30,63.85,True
30591,204849801,ABT,2026-07-07,58.22,True
30591,204849801,ABT,2026-07-14,52.12,True
30591,204849801,ABT,2026-07-21,46.87,True
30591,204849801,ABT,2026-07-28,47.49,True
30591,204849801,ABT,2026-08-04,47.52,True
30591,204849801,ABT,2026-08-11,47.73,True
30591,204849801,BUY,2026-06-02,64.49,True
30591,204849801,BUY,2026-06-09,64.36,True
30591,204849801,BUY,2026-06-16,59.87,True
30591,204849801,BUY,2026-06-23,57.0,True
30591,204849801,BUY,2026-06-30,56.81,True
30591,204849801,BUY,2026-07-07,55.24,True
30591,204849801,BUY,2026-07-14,55.73,True
30591,204849801,BUY,2026-07-21,54.15,True
30591,204849801,BUY,2026-07-28,53.89,True
30591,204849801,BUY,2026-08-04,54.75,True
30591,204849801,BUY,2026-08-11,54.49,True
30593,204860316,ABT,2026-06-23,78.56,True
30593,204860316,ABT,2026-06-30,77.81,True
30593,204860316,ABT,2026-07-07,79.34,True
30593,204860316,ABT,2026-07-14,79.27,True
30593,204860316,ABT,2026-07-21,81.13,True
30593,204860316,ABT,2026-07-28,81.34,True
30593,204860316,ABT,2026-08-04,80.7,True
30593,204860316,ABT,2026-08-11,81.07,True
30593,204860316,BUY,2026-06-23,74.49,True
30593,204860316,BUY,2026-06-30,74.42,True
30593,204860316,BUY,2026-07-07,73.04,True
30593,204860316,BUY,2026-07-14,64.93,True
30593,204860316,BUY,2026-07-21,63.54,True
30593,204860316,BUY,2026-07-28,63.44,True
30593,204860316,BUY,2026-08-04,63.96,True
30593,204860316,BUY,2026-08-11,64.64,True
28059,205592435,ABT,2026-05-26,30.57,True
28059,205592435,ABT,2026-06-02,30.49,True
28059,205592435,ABT,2026-06-09,27.27,True
28059,205592435,ABT,2026-06-16,27.38,True
28059,205592435,ABT,2026-06-23,26.44,True
28059,205592435,ABT,2026-06-30,26.71,True
28059,205592435,ABT,2026-07-07,26.85,True
28059,205592435,ABT,2026-07-14,27.01,True
28059,205592435,ABT,2026-07-21,26.84,True
28059,205592435,ABT,2026-07-28,27.1,True
28059,205592435,ABT,2026-08-04,26.88,True
28059,205592435,ABT,2026-08-11,27.16,True
28059,205592435,BUY,2026-05-26,28.39,True
28059,205592435,BUY,2026-06-02,27.4,True
28059,205592435,BUY,2026-06-09,28.22,True
28059,205592435,BUY,2026-06-16,27.46,True
28059,205592435,BUY,2026-06-23,24.27,True
28059,205592435,BUY,2026-06-30,24.45,True
28059,205592435,BUY,2026-07-07,24.36,True
28059,205592435,BUY,2026-07-14,24.49,True
28059,205592435,BUY,2026-07-21,24.31,True
28059,205592435,BUY,2026-07-28,21.94,True
28059,205592435,BUY,2026-08-04,21.87,True
28059,205592435,BUY,2026-08-11,18.7,True
28225,205592439,ABT,2026-06-02,34.11,True
28225,205592439,ABT,2026-06-09,36.72,True
28225,205592439,ABT,2026-06-16,35.05,True
28225,205592439,ABT,2026-06-23,35.89,True
28225,205592439,ABT,2026-06-30,36.08,True
28225,205592439,ABT,2026-07-07,33.46,True
28225,205592439,ABT,2026-07-14,33.22,True
28225,205592439,ABT,2026-07-21,32.49,True
28225,205592439,ABT,2026-07-28,31.75,True
28225,205592439,ABT,2026-08-04,30.81,True
28225,205592439,ABT,2026-08-11,30.4,True
28225,205592439,BUY,2026-06-02,34.05,True
28225,205592439,BUY,2026-06-09,33.33,True
28225,205592439,BUY,2026-06-16,33.95,True
28225,205592439,BUY,2026-06-23,33.8,True
28225,205592439,BUY,2026-06-30,33.95,True
28225,205592439,BUY,2026-07-07,37.84,True
28225,205592439,BUY,2026-07-14,37.75,True
28225,205592439,BUY,2026-07-21,37.73,True
28225,205592439,BUY,2026-07-28,38.55,True
28225,205592439,BUY,2026-08-04,38.02,True
28225,205592439,BUY,2026-08-11,37.98,True
31176,205844279,ABT,2026-06-02,34.85,True
31176,205844279,ABT,2026-06-09,29.64,True
31176,205844279,ABT,2026-06-16,29.52,True
31176,205844279,ABT,2026-06-23,29.43,True
31176,205844279,ABT,2026-06-30,29.64,True
31176,205844279,ABT,2026-07-07,30.18,True
31176,205844279,ABT,2026-07-14,30.55,True
31176,205844279,ABT,2026-07-21,30.47,True
31176,205844279,ABT,2026-07-28,30.37,True
31176,205844279,ABT,2026-08-04,29.55,True
31176,205844279,ABT,2026-08-11,29.18,True
31176,205844279,BUY,2026-06-02,35.91,True
31176,205844279,BUY,2026-06-09,36.9,True
31176,205844279,BUY,2026-06-16,37.36,True
31176,205844279,BUY,2026-06-23,38.68,True
31176,205844279,BUY,2026-06-30,38.7,True
31176,205844279,BUY,2026-07-07,37.86,True
31176,205844279,BUY,2026-07-14,37.94,True
31176,205844279,BUY,2026-07-21,37.87,True
31176,205844279,BUY,2026-07-28,37.98,True
31176,205844279,BUY,2026-08-04,38.66,True
31176,205844279,BUY,2026-08-11,39.39,True
27778,205844282,ABT,2026-05-26,2683.62,True
27778,205844282,ABT,2026-06-02,2721.16,True
27778,205844282,ABT,2026-06-09,2750.3,True
27778,205844282,ABT,2026-06-16,2761.59,True
27778,205844282,ABT,2026-06-23,2777.45,True
27778,205844282,ABT,2026-06-30,2799.67,True
27778,205844282,ABT,2026-07-07,2778.34,True
27778,205844282,ABT,2026-07-14,2613.98,True
27778,205844282,ABT,2026-07-21,2605.29,True
27778,205844282,ABT,2026-07-28,2621.93,True
27778,205844282,ABT,2026-08-04,2622.12,True
27778,205844282,ABT,2026-08-11,2654.27,True
27778,205844282,BUY,2026-05-26,2736.54,True
27778,205844282,BUY,2026-06-02,2760.36,True
27778,205844282,BUY,2026-06-09,2827.15,True
27778,205844282,BUY,2026-06-16,2837.16,True
27778,205844282,BUY,2026-06-23,2892.6,True
27778,205844282,BUY,2026-06-30,2902.36,True
27778,205844282,BUY,2026-07-07,2901.71,True
27778,205844282,BUY,2026-07-14,2918.2,True
27778,205844282,BUY,2026-07-21,2952.74,True
27778,205844282,BUY,2026-07-28,2887.51,True
27778,205844282,BUY,2026-08-04,2883.21,True
27778,205844282,BUY,2026-08-11,2943.11,True
